anime_id,n_ratings,mean_user_rating,std_user_rating,max_user_rating,min_user_rating
1,13449,8.8694,1.2001,10.0,1.0
5,5790,8.4397,1.1657,10.0,2.0
6,9385,8.4194,1.2197,10.0,1.0
7,2169,7.5334,1.3895,10.0,1.0
8,308,7.1981,1.4313,10.0,3.0
15,2002,8.2997,1.2772,10.0,1.0
16,3291,8.3649,1.3221,10.0,1.0
17,528,8.0436,1.2819,10.0,1.0
18,1510,8.3113,1.1558,10.0,4.0
19,4079,8.9213,1.2194,10.0,1.0
20,22071,7.8939,1.4895,10.0,1.0
22,2210,8.2027,1.3722,10.0,1.0
23,34,6.6471,1.983,10.0,1.0
24,5980,8.2393,1.3328,10.0,1.0
25,1946,7.6737,1.4069,10.0,1.0
26,1395,7.919,1.682,10.0,1.0
27,4001,7.6061,1.5016,10.0,1.0
28,1369,8.2535,1.2405,10.0,3.0
29,194,7.7423,1.3019,10.0,3.0
30,15073,8.3558,1.5426,10.0,1.0
31,4321,7.5408,1.7273,10.0,1.0
32,8488,8.4057,1.6018,10.0,1.0
33,6144,8.4046,1.3435,10.0,1.0
43,7485,8.3059,1.3713,10.0,1.0
44,4843,8.8701,1.2207,10.0,1.0
45,6563,8.5219,1.2164,10.0,1.0
46,1514,7.6678,1.4933,10.0,1.0
47,8296,8.1453,1.5496,10.0,1.0
48,3549,7.3626,1.6155,10.0,1.0
49,1496,7.506,1.4381,10.0,1.0
50,3690,7.6423,1.3935,10.0,1.0
51,1891,6.5812,1.8952,10.0,1.0
52,1526,7.46,1.3826,10.0,1.0
53,2459,7.449,1.4743,10.0,1.0
54,2508,7.2982,1.5185,10.0,1.0
55,305,6.7443,1.5475,10.0,1.0
56,372,6.1747,1.8161,10.0,1.0
57,4963,8.5765,1.2571,10.0,1.0
58,1283,7.2182,1.5442,10.0,1.0
59,10250,7.768,1.4544,10.0,1.0
60,5158,7.9847,1.4039,10.0,1.0
61,4993,7.5616,1.5403,10.0,1.0
62,1666,7.1134,1.5931,10.0,1.0
63,3988,7.0233,1.6295,10.0,1.0
64,4739,7.7715,1.4113,10.0,1.0
65,3244,7.901,1.351,10.0,1.0
66,5652,8.2095,1.3501,10.0,1.0
67,3079,7.7996,1.4598,10.0,1.0
68,4971,7.7093,1.4096,10.0,1.0
69,129,6.7752,1.6735,10.0,1.0
71,9638,7.974,1.2804,10.0,1.0
72,7739,8.3314,1.3061,10.0,1.0
73,6744,8.1713,1.2098,10.0,1.0
74,1793,7.9693,1.4387,10.0,1.0
75,643,7.4712,1.4684,10.0,2.0
76,1962,7.7054,1.3795,10.0,1.0
77,1661,8.2137,1.2756,10.0,1.0
79,5856,7.5666,1.5701,10.0,1.0
80,1346,7.9993,1.33,10.0,1.0
81,1245,8.2,1.2816,10.0,1.0
82,826,7.7373,1.4573,10.0,1.0
83,327,7.1468,1.4643,10.0,2.0
84,800,7.5625,1.4031,10.0,1.0
85,849,8.066,1.3866,10.0,1.0
86,481,6.8773,1.4661,10.0,1.0
87,745,7.9128,1.3744,10.0,1.0
88,491,6.9817,1.4504,10.0,2.0
89,277,7.1083,1.5589,10.0,1.0
90,3315,7.9931,1.4344,10.0,1.0
91,1168,7.9717,1.4507,10.0,1.0
92,548,7.469,1.2644,10.0,4.0
93,3686,8.1205,1.4411,10.0,1.0
94,2700,7.6174,1.7931,10.0,1.0
95,388,7.7784,1.5426,10.0,1.0
96,1337,7.6918,1.4572,10.0,1.0
97,3208,8.0433,1.2811,10.0,2.0
98,2891,7.7599,1.3782,10.0,1.0
99,1555,7.5801,1.4437,10.0,1.0
100,1381,7.4982,1.5273,10.0,1.0
101,7432,7.701,1.6284,10.0,1.0
102,2414,7.693,1.4526,10.0,1.0
103,195,7.6615,1.3766,10.0,5.0
104,1333,7.5056,1.6073,10.0,1.0
105,481,6.7568,1.5114,10.0,1.0
106,747,8.0147,1.5589,10.0,1.0
107,763,7.4574,1.5452,10.0,2.0
108,362,7.4503,1.4677,10.0,1.0
109,1688,7.1137,1.5267,10.0,1.0
110,265,7.7094,1.3123,10.0,3.0
111,227,6.9824,1.4389,10.0,3.0
112,156,5.3654,2.1314,10.0,1.0
113,503,7.6839,1.4385,10.0,1.0
114,1751,8.1588,1.364,10.0,1.0
115,249,6.9799,1.4741,10.0,2.0
116,333,7.1411,1.3492,10.0,1.0
117,347,7.5879,1.3916,10.0,1.0
118,216,6.9769,1.4449,10.0,3.0
119,1135,6.9022,1.5206,10.0,1.0
120,9171,7.9663,1.4776,10.0,1.0
121,21332,8.4534,1.2452,10.0,1.0
122,1663,8.1978,1.4705,10.0,1.0
123,1972,7.8793,1.6072,10.0,1.0
124,518,7.1332,1.8366,10.0,1.0
125,960,6.8542,1.5619,10.0,1.0
126,711,7.3165,1.5271,10.0,1.0
127,480,7.2729,1.4501,10.0,1.0
128,281,6.911,1.5385,10.0,2.0
129,898,7.8764,1.4005,10.0,3.0
130,552,7.6757,1.4327,10.0,2.0
131,368,7.6766,1.4916,10.0,1.0
132,2259,7.907,1.3505,10.0,2.0
133,3873,6.6961,1.8491,10.0,1.0
134,3399,7.692,1.3823,10.0,1.0
135,2016,8.3348,1.2449,10.0,2.0
136,4631,8.5392,1.2044,10.0,1.0
137,2237,8.4882,1.1689,10.0,2.0
138,2390,8.3962,1.1891,10.0,2.0
139,2331,8.4753,1.2111,10.0,4.0
141,238,6.4748,1.528,10.0,1.0
142,1159,7.5695,1.5556,10.0,1.0
143,1472,7.1692,1.8446,10.0,1.0
144,1320,7.4735,1.5834,10.0,1.0
145,2537,7.8013,1.4122,10.0,1.0
146,1735,7.1308,1.6065,10.0,1.0
147,3518,7.585,1.7112,10.0,1.0
148,140,6.8429,1.6061,10.0,1.0
149,3481,7.4714,1.738,10.0,1.0
150,6207,8.0092,1.4152,10.0,1.0
151,276,7.3043,1.5614,10.0,2.0
152,564,7.5762,1.3083,10.0,1.0
153,1553,8.2189,1.3378,10.0,1.0
154,6336,7.8827,1.404,10.0,1.0
155,1114,6.8205,1.9095,10.0,1.0
156,1804,7.7389,1.559,10.0,1.0
157,2760,7.3312,1.5211,10.0,1.0
158,842,7.595,1.4305,10.0,1.0
159,363,6.5978,1.7568,10.0,1.0
160,1250,7.9016,1.5984,10.0,1.0
161,1255,7.561,1.4408,10.0,1.0
162,536,7.3526,1.5494,10.0,1.0
163,170,6.6118,1.6469,10.0,2.0
164,13679,8.8071,1.2175,10.0,1.0
165,1961,7.7562,1.4519,10.0,1.0
166,2780,7.7381,1.3633,10.0,1.0
167,1766,7.6619,1.2913,10.0,1.0
168,1945,7.5979,1.4279,10.0,2.0
169,3490,7.3261,1.6408,10.0,1.0
170,2281,8.6295,1.1784,10.0,2.0
171,41,6.2195,1.7537,10.0,1.0
173,727,7.553,1.4199,10.0,2.0
174,4217,7.253,1.5576,10.0,1.0
175,605,7.0661,1.509,10.0,1.0
176,167,6.4311,1.5962,10.0,1.0
177,4421,7.8564,1.4364,10.0,1.0
178,633,7.5577,1.4573,10.0,1.0
179,168,7.0833,1.6173,10.0,2.0
180,2379,7.4536,1.4213,10.0,1.0
181,1892,7.629,1.3689,10.0,1.0
182,2906,7.895,1.3465,10.0,1.0
183,257,7.7004,1.2685,10.0,4.0
184,453,6.6512,1.5277,10.0,2.0
185,2168,8.274,1.1959,10.0,3.0
186,1827,8.168,1.1367,10.0,3.0
187,1604,8.053,1.1969,10.0,3.0
188,14,6.0,2.4179,9.0,1.0
189,6575,7.4729,1.5575,10.0,1.0
190,3269,7.4644,1.5367,10.0,1.0
191,2610,7.5429,1.4453,10.0,1.0
192,2375,7.4451,1.5083,10.0,1.0
193,2522,7.1868,1.5354,10.0,1.0
194,982,7.8218,1.3156,10.0,3.0
195,4497,7.5599,1.5092,10.0,1.0
196,2951,7.2514,1.4975,10.0,1.0
197,603,6.8839,1.6138,10.0,1.0
198,1858,7.6674,1.4596,10.0,1.0
199,19481,8.9233,1.1961,10.0,1.0
200,399,7.7469,1.3294,10.0,1.0
201,577,7.4922,1.485,10.0,1.0
202,5229,8.122,1.4408,10.0,1.0
203,184,6.9076,1.6815,10.0,1.0
204,799,6.4393,1.7816,10.0,1.0
205,12131,8.5521,1.1697,10.0,1.0
206,494,7.3583,1.5376,10.0,1.0
207,891,7.651,1.4176,10.0,1.0
208,1861,7.9312,1.302,10.0,3.0
209,1550,7.7974,1.3617,10.0,1.0
210,2595,7.9908,1.3417,10.0,2.0
211,55,6.0364,1.7843,10.0,1.0
212,264,7.0417,1.58,10.0,2.0
213,80,6.275,1.869,10.0,1.0
214,51,6.5098,1.9837,10.0,1.0
215,68,6.6029,1.447,10.0,3.0
216,76,6.0526,1.3652,9.0,3.0
217,53,6.6226,1.8629,10.0,1.0
218,820,7.789,1.2717,10.0,2.0
219,431,7.0905,1.6716,10.0,1.0
220,47,6.3191,1.4158,9.0,2.0
221,658,6.7766,1.5577,10.0,1.0
222,438,7.0799,1.3816,10.0,3.0
223,11696,8.1697,1.4301,10.0,1.0
225,9124,6.8674,1.8763,10.0,1.0
226,23528,8.0644,1.6312,10.0,1.0
227,11118,8.1075,1.6679,10.0,1.0
228,4621,8.0353,1.3425,10.0,1.0
229,890,7.2292,1.5286,10.0,1.0
230,690,7.3768,1.5286,10.0,1.0
231,97,6.433,1.4209,10.0,3.0
232,6034,8.2444,1.3707,10.0,1.0
233,354,7.952,1.4124,10.0,1.0
234,69,7.029,1.393,10.0,4.0
236,384,7.0026,1.5287,10.0,1.0
237,6689,8.3537,1.3509,10.0,1.0
238,1187,7.6588,1.3347,10.0,1.0
239,2236,8.4231,1.2956,10.0,1.0
240,3604,7.8746,1.2361,10.0,1.0
241,3365,6.9322,1.6504,10.0,1.0
242,867,7.4902,1.3146,10.0,3.0
243,3143,7.4677,1.7319,10.0,1.0
244,53,7.0,1.5933,10.0,3.0
245,8537,8.8819,1.1276,10.0,1.0
246,1422,7.571,1.4326,10.0,2.0
247,354,7.3701,1.7053,10.0,1.0
248,2894,7.0304,1.6186,10.0,1.0
249,7603,8.0402,1.531,10.0,1.0
250,1018,7.7505,1.4283,10.0,1.0
251,1303,8.1412,1.3678,10.0,1.0
252,651,7.3932,1.4138,10.0,2.0
253,647,8.1515,1.3568,10.0,1.0
254,412,8.0291,1.4225,10.0,1.0
255,334,7.9341,1.4566,10.0,1.0
256,3436,7.7224,1.6029,10.0,1.0
257,3267,6.8234,1.7135,10.0,1.0
258,365,6.6959,1.8166,10.0,1.0
259,280,6.9571,1.5045,10.0,1.0
260,671,6.9314,1.5611,10.0,1.0
261,387,7.1499,1.448,10.0,2.0
262,273,7.0037,1.5279,10.0,2.0
263,4273,8.9544,1.0286,10.0,1.0
264,2073,8.4351,1.1419,10.0,1.0
265,1826,8.3007,1.1732,10.0,1.0
266,336,7.1786,1.3104,10.0,3.0
267,2860,8.0941,1.3702,10.0,1.0
268,4714,8.1778,1.4657,10.0,1.0
269,11014,8.2382,1.4353,10.0,1.0
270,11772,7.7528,1.5264,10.0,1.0
271,206,7.0243,1.4192,10.0,1.0
272,1789,7.5467,1.5027,10.0,1.0
273,345,7.0725,1.4318,10.0,2.0
274,1074,7.4795,1.4423,10.0,1.0
275,676,6.4038,1.7867,10.0,1.0
276,1405,7.4783,1.3776,10.0,1.0
277,941,7.4357,1.4349,10.0,1.0
278,145,7.1103,1.8186,10.0,1.0
279,416,7.4303,1.3479,10.0,3.0
280,8,6.5,2.1381,9.0,2.0
281,564,6.1188,1.679,10.0,1.0
282,183,7.6557,1.3933,10.0,3.0
283,185,7.6649,1.5415,10.0,3.0
284,245,7.3755,1.3017,10.0,3.0
285,261,7.0077,1.406,10.0,3.0
286,203,7.335,1.4372,10.0,2.0
287,806,7.4566,1.5003,10.0,1.0
288,2179,6.8426,1.661,10.0,1.0
289,435,6.8552,1.4606,10.0,2.0
290,806,7.9094,1.333,10.0,1.0
291,939,7.2503,1.568,10.0,1.0
292,443,7.2009,1.5377,10.0,1.0
293,406,7.1182,1.5526,10.0,2.0
294,205,6.3659,1.7029,10.0,1.0
295,132,6.6364,1.6265,10.0,2.0
296,387,7.2274,1.5065,10.0,2.0
297,1510,6.9993,1.4862,10.0,1.0
298,1910,6.9592,1.5722,10.0,1.0
299,955,6.933,1.5472,10.0,1.0
300,563,7.0337,1.4615,10.0,1.0
301,89,6.5506,1.3735,10.0,3.0
302,353,8.2861,1.3527,10.0,3.0
303,532,7.1917,1.4565,10.0,1.0
304,1424,7.7444,1.4483,10.0,1.0
305,50,6.1,1.7871,9.0,1.0
306,1452,7.5048,1.3998,10.0,1.0
307,14,5.8571,2.3157,10.0,3.0
308,143,7.028,1.7031,10.0,1.0
309,60,6.5167,1.4438,10.0,3.0
310,31,6.2258,1.8923,10.0,2.0
311,61,6.918,1.3699,10.0,3.0
312,6,7.5,2.1679,10.0,5.0
313,37,7.1351,1.782,10.0,1.0
314,10,7.1,1.8529,10.0,5.0
315,52,7.0192,1.6389,10.0,2.0
316,87,6.092,2.0609,10.0,1.0
317,7944,8.0691,1.5541,10.0,1.0
318,719,7.0556,1.4259,10.0,1.0
319,202,6.4653,1.7764,10.0,1.0
320,1185,6.8312,1.5987,10.0,1.0
321,388,6.2216,1.7049,10.0,1.0
322,3333,8.117,1.3495,10.0,1.0
323,3722,7.7955,1.5413,10.0,1.0
324,291,7.7423,1.2726,10.0,4.0
325,1847,7.3633,1.7363,10.0,1.0
326,1352,7.5407,1.5123,10.0,1.0
327,235,7.6,1.5027,10.0,3.0
328,160,6.3938,1.716,10.0,1.0
329,2072,8.5391,1.186,10.0,2.0
330,4048,7.6144,1.3814,10.0,1.0
331,87,7.7356,1.3508,10.0,1.0
332,39,7.2821,1.791,10.0,1.0
333,42,7.3095,1.522,10.0,4.0
334,631,7.7956,1.585,10.0,1.0
335,793,7.5813,1.5304,10.0,1.0
336,232,6.694,1.6452,10.0,1.0
337,270,6.5556,1.6162,10.0,2.0
338,587,8.5043,1.4749,10.0,1.0
339,5186,8.0642,1.5807,10.0,1.0
340,404,7.7673,1.3895,10.0,1.0
341,1237,7.6087,1.4787,10.0,1.0
342,255,7.251,1.4169,10.0,3.0
343,1333,7.3938,1.4948,10.0,1.0
344,176,7.5682,1.4326,10.0,4.0
345,520,7.9558,1.2767,10.0,2.0
346,328,6.5061,1.5602,10.0,1.0
347,180,6.9389,1.4576,10.0,1.0
348,410,6.7195,1.7134,10.0,1.0
349,66,6.803,1.891,10.0,2.0
350,536,7.2313,1.6057,10.0,2.0
351,250,7.324,1.6364,10.0,2.0
352,259,7.3591,1.577,10.0,2.0
353,170,7.4588,1.6103,10.0,2.0
354,204,6.0245,1.8661,10.0,1.0
355,9960,7.9384,1.3679,10.0,1.0
356,12650,7.7874,1.4924,10.0,1.0
357,5318,7.122,1.7466,10.0,1.0
358,702,7.3105,1.4374,10.0,1.0
359,91,6.967,1.7729,10.0,1.0
360,100,6.49,1.291,10.0,2.0
361,104,6.2596,1.5517,10.0,1.0
362,82,6.6098,1.5296,10.0,2.0
363,60,6.6167,1.6884,10.0,1.0
364,135,7.9111,1.4061,10.0,4.0
365,489,6.6708,1.6755,10.0,1.0
366,629,6.2671,1.6293,10.0,1.0
367,36,7.75,1.2507,10.0,4.0
368,1212,7.0627,1.8577,10.0,1.0
369,891,7.3535,1.6604,10.0,1.0
370,256,6.7422,1.315,10.0,2.0
371,2549,7.7599,1.3909,10.0,2.0
372,2648,8.3157,1.3203,10.0,2.0
373,215,7.014,1.4772,10.0,1.0
374,111,6.8018,1.4574,10.0,2.0
375,119,6.6891,1.5112,10.0,1.0
376,5802,7.4479,1.6594,10.0,1.0
377,196,7.1327,1.4188,10.0,2.0
378,110,7.1091,1.3969,10.0,4.0
379,2301,7.7827,1.5256,10.0,1.0
380,671,7.3249,1.6084,10.0,1.0
381,591,7.4653,1.6098,10.0,1.0
382,881,6.7741,1.7016,10.0,1.0
383,524,7.2462,1.3836,10.0,3.0
384,5721,7.456,1.6693,10.0,1.0
385,562,7.1566,1.7399,10.0,1.0
386,119,7.3866,1.3347,10.0,4.0
387,3136,8.1665,1.4566,10.0,1.0
388,313,7.9457,1.3868,10.0,3.0
389,1726,7.6784,1.4777,10.0,1.0
390,2385,7.4587,1.5128,10.0,1.0
391,652,7.0936,1.4535,10.0,2.0
392,5639,8.5412,1.2309,10.0,1.0
393,1541,7.2842,1.59,10.0,2.0
394,1701,7.3821,1.4405,10.0,1.0
395,4035,7.374,1.719,10.0,1.0
396,656,7.9848,1.2429,10.0,1.0
397,547,8.0585,1.1876,10.0,3.0
398,435,7.9218,1.181,10.0,3.0
399,63,7.8254,1.3505,10.0,4.0
400,2644,8.0964,1.2577,10.0,1.0
401,2390,8.1916,1.6263,10.0,1.0
402,27,7.0741,1.141,10.0,5.0
403,738,6.958,1.5756,10.0,2.0
404,768,7.099,1.5304,10.0,1.0
405,3328,7.0445,1.6042,10.0,1.0
406,313,6.8978,1.5072,10.0,1.0
407,492,8.0569,1.2029,10.0,4.0
408,2733,7.5232,1.4713,10.0,1.0
411,1497,7.4896,1.4166,10.0,1.0
412,2451,6.9882,1.5762,10.0,1.0
413,1024,2.4707,2.4854,10.0,1.0
415,597,7.5142,1.5112,10.0,1.0
416,3006,8.0183,1.3629,10.0,1.0
417,1230,6.8171,1.7791,10.0,1.0
418,600,7.5333,1.4361,10.0,3.0
419,1435,7.2348,1.6106,10.0,1.0
420,597,6.8693,1.6157,10.0,1.0
421,231,6.9481,1.5171,10.0,2.0
422,90,7.2111,1.378,10.0,3.0
423,88,7.3523,1.2689,10.0,3.0
424,156,7.3141,1.3996,10.0,3.0
425,167,6.7964,1.6411,10.0,2.0
426,362,6.5967,1.7321,10.0,1.0
427,1383,8.222,1.3969,10.0,1.0
428,452,7.7544,1.3597,10.0,2.0
429,457,8.0941,1.3103,10.0,5.0
430,9220,7.9043,1.4849,10.0,1.0
431,14560,8.7722,1.2314,10.0,1.0
432,369,7.2873,1.3827,10.0,2.0
433,3668,8.0507,1.4357,10.0,1.0
434,128,5.6094,1.6033,10.0,2.0
435,1239,7.6659,1.4009,10.0,2.0
437,3756,8.1558,1.3861,10.0,1.0
438,374,6.8904,1.5434,10.0,1.0
439,184,6.6087,1.7143,10.0,2.0
440,1320,8.3318,1.5431,10.0,1.0
441,815,7.6135,1.7353,10.0,1.0
442,5897,7.2734,1.5537,10.0,1.0
443,1862,7.5714,1.5282,10.0,1.0
444,560,7.825,1.2638,10.0,2.0
445,382,6.4764,1.6372,10.0,1.0
446,233,6.97,1.7602,10.0,1.0
447,372,7.1452,1.776,10.0,1.0
448,1617,7.2956,1.5063,10.0,1.0
449,2245,7.6508,1.5429,10.0,1.0
450,2558,7.8233,1.4946,10.0,1.0
451,2304,7.98,1.4196,10.0,1.0
452,2406,7.7244,1.5007,10.0,1.0
454,644,6.5792,1.9548,10.0,1.0
455,286,7.9545,1.3947,10.0,3.0
456,271,7.1439,1.4108,10.0,2.0
457,6131,8.8907,1.1383,10.0,1.0
458,163,6.5951,1.7591,10.0,1.0
459,2182,7.3882,1.4526,10.0,1.0
460,1827,7.4926,1.3787,10.0,1.0
461,1793,7.372,1.5061,10.0,1.0
462,1850,7.953,1.295,10.0,2.0
463,1678,7.6013,1.4754,10.0,1.0
464,1757,7.9209,1.5351,10.0,1.0
465,1549,7.6604,1.3756,10.0,2.0
466,753,6.9973,1.6869,10.0,1.0
467,5338,8.5142,1.2005,10.0,1.0
468,3397,7.9756,1.4085,10.0,1.0
469,4209,7.4937,1.4259,10.0,1.0
470,429,6.6923,1.8351,10.0,1.0
471,390,6.8667,1.4332,10.0,1.0
472,529,6.9943,1.4828,10.0,1.0
473,133,7.0376,1.2697,10.0,3.0
474,884,7.7851,1.4042,10.0,2.0
475,101,7.2277,1.2875,10.0,4.0
476,1098,7.5938,1.408,10.0,2.0
477,1586,7.9439,1.4231,10.0,1.0
478,1364,7.324,1.5735,10.0,1.0
479,1797,8.0362,1.2874,10.0,1.0
481,4593,7.6242,1.5404,10.0,1.0
482,2261,7.2747,1.6084,10.0,1.0
483,374,7.5214,1.4565,10.0,1.0
484,273,7.4615,1.5552,10.0,2.0
485,351,7.6182,1.5258,10.0,3.0
486,2215,8.5756,1.2474,10.0,1.0
487,2559,7.0887,1.6313,10.0,1.0
488,1421,7.8656,1.3026,10.0,1.0
489,759,7.6772,1.3035,10.0,3.0
490,943,7.8324,1.355,10.0,2.0
492,557,7.1041,1.5373,10.0,1.0
493,445,7.3708,1.3997,10.0,1.0
495,314,6.9745,1.4802,10.0,1.0
496,63,6.6032,1.6514,10.0,3.0
497,559,6.907,1.6855,10.0,1.0
498,65,6.3538,1.5755,10.0,2.0
499,271,6.4908,1.6884,10.0,1.0
501,309,7.4563,1.6599,10.0,2.0
502,1363,7.0902,1.5786,10.0,1.0
503,100,5.78,1.7499,10.0,1.0
504,352,6.9347,1.6044,10.0,1.0
505,85,7.4588,1.7151,10.0,2.0
506,64,7.5312,1.4139,10.0,3.0
507,1167,7.2237,1.6931,10.0,1.0
508,745,7.0926,1.6699,10.0,1.0
509,1071,7.113,1.5302,10.0,1.0
510,59,6.1356,1.9428,10.0,1.0
511,89,6.4607,1.6723,10.0,1.0
512,6432,8.2696,1.2677,10.0,1.0
513,6244,8.3826,1.2568,10.0,1.0
514,1433,7.2749,1.7043,10.0,1.0
515,98,6.2347,1.8321,10.0,1.0
516,260,7.8654,1.4523,10.0,2.0
517,2049,7.9712,1.2921,10.0,1.0
518,57,6.8947,1.4477,10.0,5.0
519,621,7.5684,1.3868,10.0,1.0
520,199,7.6382,1.6111,10.0,1.0
521,951,7.205,1.6623,10.0,1.0
522,1623,7.6888,1.5462,10.0,1.0
523,10543,8.5075,1.3337,10.0,1.0
524,1270,7.3181,1.5163,10.0,1.0
525,184,7.3587,1.3597,10.0,1.0
526,202,7.401,1.6489,10.0,1.0
527,7326,7.4971,1.6076,10.0,1.0
528,5038,7.6949,1.6033,10.0,1.0
529,1871,7.5404,1.7919,10.0,1.0
530,5453,7.7266,1.5724,10.0,1.0
531,1513,7.8467,1.5102,10.0,1.0
532,2812,7.9186,1.5179,10.0,1.0
533,149,7.1678,1.495,10.0,2.0
534,2736,7.9868,1.2897,10.0,2.0
535,1779,8.2198,1.2325,10.0,2.0
536,785,7.507,1.3459,10.0,3.0
537,585,5.4581,2.042,10.0,1.0
538,1022,7.044,1.6168,10.0,1.0
539,1060,7.8877,1.2912,10.0,1.0
540,729,7.9012,1.2342,10.0,4.0
541,534,7.5861,1.5126,10.0,2.0
543,3221,7.9901,1.4027,10.0,1.0
544,184,6.9076,1.6848,10.0,1.0
545,46,6.7826,1.3319,10.0,4.0
546,257,6.4008,1.686,10.0,1.0
547,82,6.2683,1.8596,10.0,1.0
548,1050,7.3495,1.4693,10.0,1.0
550,3435,7.2987,1.5528,10.0,1.0
551,598,7.5184,1.4798,10.0,1.0
552,7471,7.8844,1.4436,10.0,1.0
553,1325,7.3932,1.6058,10.0,1.0
554,569,7.167,1.5695,10.0,1.0
555,292,6.6438,1.6959,10.0,1.0
556,139,6.3094,1.7971,10.0,1.0
557,205,6.8732,1.5254,10.0,1.0
558,1294,8.476,1.1237,10.0,1.0
559,174,6.7874,1.6467,10.0,1.0
560,298,7.5168,1.4028,10.0,3.0
561,289,7.1246,1.4714,10.0,1.0
562,42,6.9286,1.6438,10.0,3.0
563,975,6.9087,1.4631,10.0,1.0
564,1091,6.7727,1.9792,10.0,1.0
565,1796,7.5757,1.3453,10.0,2.0
566,403,7.2506,1.2575,10.0,1.0
567,1306,7.6371,1.4463,10.0,1.0
568,622,7.3167,1.3765,10.0,1.0
569,501,8.0858,1.2356,10.0,3.0
570,1954,7.8971,1.3872,10.0,1.0
571,43,6.1628,1.5264,9.0,1.0
572,5947,8.4742,1.2929,10.0,1.0
573,673,7.688,1.3377,10.0,4.0
574,60,6.5,1.5892,10.0,2.0
576,883,6.6602,1.5519,10.0,1.0
577,138,6.4638,1.6705,10.0,2.0
578,6664,8.6342,1.4334,10.0,1.0
579,888,7.1948,1.52,10.0,1.0
580,188,7.2926,1.7226,10.0,3.0
581,268,6.4216,1.8536,10.0,1.0
582,111,7.973,1.6094,10.0,1.0
584,1545,7.9307,1.4178,10.0,1.0
585,3541,8.3666,1.3065,10.0,1.0
586,988,7.75,1.371,10.0,1.0
587,2609,7.821,1.4655,10.0,1.0
588,397,6.3224,1.7514,10.0,1.0
589,355,8.307,1.459,10.0,3.0
590,695,6.9007,1.4965,10.0,1.0
591,1907,6.9213,1.589,10.0,1.0
592,23,7.6522,1.5843,10.0,2.0
593,481,7.7193,1.4628,10.0,2.0
594,2719,6.9117,1.617,10.0,1.0
595,368,6.9973,1.7257,10.0,1.0
596,1858,7.2287,1.5715,10.0,1.0
597,4012,8.0364,1.3713,10.0,1.0
598,222,7.3153,1.6338,10.0,1.0
599,72,6.625,1.3473,9.0,3.0
600,263,5.3764,2.2135,10.0,1.0
601,1247,7.5694,1.7773,10.0,1.0
602,16,6.875,1.6683,10.0,4.0
603,401,7.0025,1.5708,10.0,2.0
604,169,7.2781,1.4799,10.0,3.0
605,58,6.7414,1.8021,10.0,1.0
606,208,7.3077,1.2594,10.0,4.0
607,56,7.6071,1.5097,10.0,1.0
608,173,6.5145,1.7341,10.0,1.0
609,519,7.3295,1.5613,10.0,2.0
610,525,6.7848,1.6719,10.0,1.0
611,19,5.6842,1.7014,8.0,1.0
612,115,6.6348,1.4709,10.0,2.0
613,76,7.4737,1.4558,10.0,3.0
614,141,6.5957,1.6212,10.0,1.0
615,332,6.9367,1.7291,10.0,1.0
616,10,7.9,1.9692,10.0,5.0
617,2534,7.6886,1.5515,10.0,1.0
618,838,6.9594,1.6665,10.0,1.0
619,84,5.869,1.6485,10.0,1.0
620,345,7.3014,1.4128,10.0,1.0
621,353,7.2748,1.4483,10.0,1.0
622,243,6.9465,1.527,10.0,1.0
623,49,7.1633,1.5857,10.0,4.0
624,456,6.5592,1.916,10.0,1.0
625,54,6.0,1.7375,10.0,2.0
626,134,7.0672,1.6552,10.0,1.0
627,1385,8.4924,1.143,10.0,2.0
629,150,7.4467,1.5567,10.0,3.0
630,148,7.2027,1.582,10.0,2.0
631,414,7.3768,1.3594,10.0,3.0
632,195,7.1641,1.4301,10.0,2.0
633,146,7.4863,1.3758,10.0,3.0
634,1017,7.4543,1.5967,10.0,1.0
635,387,6.9432,1.5924,10.0,1.0
636,216,7.0,1.6368,10.0,2.0
637,591,7.0745,1.495,10.0,1.0
641,713,7.1725,1.5943,10.0,1.0
642,690,7.1696,1.5805,10.0,1.0
644,971,7.9217,1.3066,10.0,1.0
645,597,8.2077,1.1972,10.0,4.0
646,90,7.1667,1.432,10.0,3.0
647,61,6.5246,1.9114,10.0,1.0
648,151,6.2848,1.7715,10.0,1.0
649,580,7.0897,1.4571,10.0,2.0
650,562,7.3025,1.3435,10.0,2.0
651,1079,6.4875,1.9906,10.0,1.0
652,261,7.3563,1.3557,10.0,4.0
653,221,7.5023,1.4098,10.0,4.0
654,84,7.3095,1.3707,10.0,5.0
655,163,7.3742,1.3748,10.0,4.0
656,1507,7.6603,1.4412,10.0,1.0
658,1356,8.1121,1.2482,10.0,2.0
659,1437,7.183,1.486,10.0,1.0
660,66,6.6061,1.6537,10.0,2.0
661,54,6.2963,1.8897,9.0,1.0
664,975,7.4821,1.4779,10.0,1.0
665,538,7.3271,1.5633,10.0,1.0
666,590,7.5424,1.5153,10.0,1.0
667,1207,7.0282,1.5262,10.0,1.0
668,288,6.1076,1.857,10.0,1.0
669,343,6.4665,1.7433,10.0,1.0
670,1018,7.1542,1.6404,10.0,1.0
671,159,7.1195,1.6664,10.0,1.0
673,394,7.2563,1.5007,10.0,1.0
675,58,5.8966,1.8514,10.0,1.0
676,30,5.8667,1.776,10.0,1.0
677,30,7.1667,1.0854,9.0,5.0
678,238,7.2941,1.4133,10.0,3.0
679,138,6.7899,1.4471,10.0,3.0
681,43,5.3721,1.8775,10.0,1.0
682,283,6.8304,1.5618,10.0,1.0
683,58,6.7069,1.4267,10.0,3.0
684,141,6.8652,1.5034,10.0,2.0
685,183,6.8361,1.5426,10.0,2.0
686,62,6.8548,1.4355,10.0,4.0
687,2112,7.1828,1.6454,10.0,1.0
688,478,7.0669,1.5513,10.0,2.0
689,195,7.3333,1.4166,10.0,3.0
690,523,7.3652,1.5395,10.0,1.0
691,65,7.3692,1.4531,10.0,4.0
692,23,5.8696,1.5755,8.0,1.0
693,166,6.3976,1.6101,10.0,2.0
694,681,7.0235,1.6439,10.0,1.0
695,176,6.0284,1.7742,10.0,1.0
696,1494,7.6968,1.3718,10.0,1.0
704,386,6.9534,1.5333,10.0,1.0
705,54,5.2037,2.0684,10.0,1.0
706,208,6.8606,1.5275,10.0,2.0
707,102,6.8627,1.6413,10.0,2.0
708,51,8.1961,1.47,10.0,5.0
709,304,7.8026,1.4558,10.0,2.0
710,2911,7.5785,1.3238,10.0,1.0
711,45,7.0222,1.7121,10.0,2.0
712,287,7.4948,1.4457,10.0,1.0
713,1992,7.5532,1.6093,10.0,1.0
714,27,7.5556,1.6013,10.0,3.0
715,85,6.4941,1.3329,10.0,3.0
718,136,6.625,1.6552,10.0,1.0
719,920,7.4348,1.8128,10.0,1.0
721,1730,8.2821,1.4474,10.0,1.0
722,126,6.4365,1.6174,10.0,1.0
723,78,6.8077,1.6519,10.0,3.0
724,614,5.6824,2.2089,10.0,1.0
725,70,5.2571,1.7252,10.0,1.0
727,2,5.0,4.2426,8.0,2.0
729,12,7.3333,2.1034,10.0,3.0
730,175,5.2114,1.8401,10.0,1.0
731,1395,8.2789,1.4179,10.0,1.0
732,2140,7.2748,1.7078,10.0,1.0
733,264,6.4583,1.7106,10.0,1.0
734,160,7.2375,1.4644,10.0,3.0
736,468,6.1432,1.9662,10.0,1.0
738,562,7.6548,1.4262,10.0,1.0
740,3111,7.7486,1.5314,10.0,1.0
741,1404,7.1524,1.9877,10.0,1.0
743,907,7.1786,1.4516,10.0,1.0
744,69,7.0145,1.595,10.0,2.0
746,1453,6.6786,2.1133,10.0,1.0
747,739,7.0433,1.7237,10.0,1.0
748,101,6.5446,1.7001,10.0,1.0
749,24,6.2083,1.8173,10.0,2.0
750,182,7.3077,1.4428,10.0,3.0
751,33,7.0303,1.3575,10.0,4.0
752,265,5.1132,2.0344,10.0,1.0
753,70,6.4143,1.7152,10.0,2.0
754,15,7.6,1.2984,10.0,6.0
755,449,6.1002,1.9471,10.0,1.0
756,760,6.4263,1.9721,10.0,1.0
757,124,6.8871,1.4827,10.0,3.0
758,443,7.2867,1.5951,10.0,1.0
759,3000,8.351,1.1971,10.0,1.0
760,702,7.2265,1.5495,10.0,1.0
761,2376,6.6435,1.7712,10.0,1.0
762,3764,7.2572,1.5673,10.0,1.0
763,1036,7.5869,1.4241,10.0,1.0
764,704,7.5597,1.4536,10.0,1.0
765,47,5.4894,2.1149,10.0,1.0
766,230,6.3696,1.7074,10.0,1.0
767,153,6.2092,1.3212,10.0,3.0
769,243,6.5844,1.3742,9.0,2.0
770,1772,7.7015,1.4271,10.0,1.0
771,152,6.9079,1.4619,10.0,2.0
773,40,6.725,1.6639,10.0,2.0
776,171,6.9298,1.3354,10.0,1.0
777,6386,8.7675,1.2311,10.0,1.0
779,1259,8.0627,1.2741,10.0,2.0
780,1094,8.0649,1.2713,10.0,3.0
781,1102,8.3022,1.2332,10.0,4.0
782,236,6.9364,1.5547,10.0,1.0
783,61,6.7377,1.3026,10.0,4.0
785,445,7.3708,1.422,10.0,1.0
786,91,6.033,2.1053,10.0,1.0
788,753,5.073,2.46,10.0,1.0
789,1124,7.234,1.5232,10.0,1.0
790,6668,8.1992,1.3989,10.0,1.0
791,54,6.537,1.526,10.0,2.0
792,551,7.5953,1.4364,10.0,2.0
793,1889,8.1567,1.2324,10.0,3.0
795,186,7.7742,1.6316,10.0,2.0
796,27,7.2593,1.5834,10.0,5.0
797,315,6.9778,1.5648,10.0,2.0
798,160,7.6812,1.324,10.0,3.0
799,88,6.5909,1.6445,10.0,2.0
800,372,7.121,1.4644,10.0,2.0
801,3534,8.6203,1.1465,10.0,1.0
807,1560,7.4763,1.4644,10.0,2.0
808,139,6.6906,1.3823,10.0,3.0
810,59,6.7627,1.4304,10.0,4.0
811,770,7.1909,1.5838,10.0,1.0
812,591,7.0948,1.7778,10.0,1.0
813,14211,8.315,1.4953,10.0,1.0
814,444,7.8423,1.585,10.0,2.0
815,644,7.6071,1.6095,10.0,1.0
816,228,6.057,1.7985,10.0,1.0
817,215,6.7953,1.442,10.0,3.0
818,269,6.5167,1.645,10.0,1.0
819,1319,6.7794,1.8152,10.0,1.0
820,803,9.3898,1.0216,10.0,1.0
821,532,7.6241,1.4372,10.0,1.0
822,626,7.4808,1.359,10.0,2.0
823,76,6.5789,1.9614,10.0,1.0
824,185,6.373,1.8286,10.0,1.0
825,408,6.5417,1.7784,10.0,1.0
827,76,6.0263,2.0847,10.0,1.0
828,27,6.2963,1.8773,10.0,1.0
830,395,6.7241,1.8282,10.0,1.0
831,411,7.5085,1.4723,10.0,1.0
832,17,6.0,1.5811,8.0,3.0
833,258,6.6783,1.546,10.0,2.0
834,3550,7.0961,1.5914,10.0,1.0
835,148,6.5203,1.7002,10.0,2.0
836,404,6.698,1.6974,10.0,1.0
837,1058,7.4887,1.4096,10.0,2.0
838,377,6.4483,1.7604,10.0,1.0
839,43,6.4651,1.5939,10.0,3.0
840,378,6.9021,1.5151,10.0,2.0
841,458,6.6354,1.939,10.0,1.0
842,104,7.3558,1.2535,10.0,3.0
844,160,7.55,1.431,10.0,3.0
845,1434,7.6109,1.4814,10.0,1.0
846,4090,8.2746,1.2709,10.0,1.0
848,75,6.6267,1.4866,9.0,2.0
849,15948,8.2276,1.3623,10.0,1.0
850,1379,6.9971,1.6926,10.0,1.0
851,127,8.2441,1.1867,10.0,5.0
852,108,7.7222,1.2592,10.0,5.0
853,16012,8.5319,1.2663,10.0,1.0
854,464,6.5108,1.7927,10.0,1.0
855,2241,7.6658,1.6247,10.0,1.0
856,2638,7.9587,1.3044,10.0,2.0
857,7009,7.8626,1.4445,10.0,1.0
858,44,6.5227,1.1307,9.0,4.0
859,1353,7.1626,1.695,10.0,1.0
860,1103,7.1188,1.5132,10.0,1.0
861,4487,8.2639,1.2767,10.0,1.0
863,806,6.7916,1.4706,10.0,1.0
864,287,6.5331,1.7254,10.0,1.0
865,21,7.0,1.9748,10.0,2.0
866,577,7.4922,1.4471,10.0,2.0
867,538,7.5316,1.3495,10.0,2.0
868,555,7.5261,1.3913,10.0,2.0
869,572,7.458,1.388,10.0,2.0
870,514,7.1907,1.6146,10.0,2.0
872,262,7.3626,1.4655,10.0,2.0
873,1663,7.2676,1.5752,10.0,1.0
874,3861,7.6576,1.4938,10.0,1.0
875,825,7.9527,1.6485,10.0,1.0
876,620,7.3661,1.5209,10.0,1.0
877,5389,8.7382,1.3013,10.0,1.0
878,509,7.7348,1.2714,10.0,3.0
879,466,7.6609,1.5865,10.0,2.0
880,1838,7.8085,1.3542,10.0,2.0
881,1256,6.2572,2.0012,10.0,1.0
882,582,7.1186,1.7009,10.0,1.0
883,621,7.533,1.5588,10.0,1.0
884,544,7.0974,1.5171,10.0,2.0
885,840,7.5679,1.7386,10.0,1.0
886,1527,7.0917,1.5336,10.0,1.0
887,171,6.6491,1.6215,10.0,2.0
888,616,6.7468,1.6813,10.0,1.0
889,10747,8.3182,1.1604,10.0,1.0
890,183,8.0109,1.4525,10.0,3.0
891,1198,7.0417,1.5852,10.0,1.0
892,1112,7.0971,1.5908,10.0,1.0
893,1112,7.366,1.5168,10.0,1.0
894,2790,6.9896,1.5528,10.0,1.0
895,2562,6.9536,1.5914,10.0,1.0
896,2728,7.0436,1.5637,10.0,1.0
897,2395,6.904,1.6214,10.0,1.0
898,2789,7.2772,1.4519,10.0,1.0
899,2584,7.1389,1.5323,10.0,1.0
900,2393,7.2106,1.5039,10.0,1.0
901,3051,7.6968,1.5007,10.0,1.0
902,2324,7.4002,1.5004,10.0,1.0
903,2556,7.1788,1.62,10.0,1.0
904,2272,6.3349,2.0304,10.0,1.0
905,2575,7.7709,1.4965,10.0,1.0
906,2272,7.5761,1.5151,10.0,1.0
907,1515,7.3842,1.5705,10.0,1.0
908,2228,7.4924,1.5208,10.0,1.0
909,302,6.6093,1.4739,10.0,1.0
910,418,6.6794,1.4066,10.0,2.0
911,128,7.4766,1.5971,10.0,2.0
912,46,7.2826,1.6009,10.0,3.0
913,50,7.24,1.3786,10.0,2.0
914,190,7.9105,1.6159,10.0,1.0
915,237,7.4895,1.8563,10.0,1.0
916,1328,6.7831,1.6566,10.0,1.0
917,211,7.2891,1.2861,10.0,4.0
918,4264,9.2364,1.0466,10.0,1.0
919,210,6.9952,1.4916,10.0,2.0
920,166,6.7108,1.7235,10.0,1.0
921,139,6.9712,1.6679,10.0,1.0
924,75,6.8933,1.7209,10.0,2.0
925,84,6.6786,1.7016,10.0,1.0
926,64,6.6094,1.7147,10.0,2.0
927,112,6.5,1.6765,10.0,2.0
928,127,6.8819,1.636,10.0,3.0
929,53,7.1321,1.2409,10.0,5.0
930,62,6.8871,1.9511,10.0,1.0
932,222,6.5676,1.5725,10.0,1.0
933,627,7.2727,1.5533,10.0,1.0
934,11037,8.3997,1.3647,10.0,1.0
935,2055,7.5786,1.4957,10.0,1.0
936,4633,7.0876,1.5994,10.0,1.0
937,658,6.8161,1.4497,10.0,2.0
938,77,7.1429,1.3928,10.0,3.0
940,1694,7.5301,1.4485,10.0,1.0
941,484,7.2624,1.3859,10.0,1.0
942,302,7.1556,1.6177,10.0,1.0
943,125,6.736,1.4488,10.0,3.0
944,419,7.4845,1.3472,10.0,3.0
949,1391,8.0496,1.4172,10.0,1.0
950,474,6.8312,1.7207,10.0,1.0
951,110,8.1545,1.5923,10.0,4.0
952,92,6.4348,1.9962,10.0,1.0
953,1556,7.5405,1.4965,10.0,1.0
956,17,6.4706,1.4628,9.0,4.0
957,1242,8.1973,1.3323,10.0,2.0
958,301,7.5017,1.4204,10.0,1.0
959,113,7.7522,1.4732,10.0,2.0
960,55,7.6727,1.4663,10.0,2.0
961,112,7.0714,1.511,10.0,3.0
962,919,8.4211,1.3177,10.0,1.0
963,1572,7.4975,1.5257,10.0,1.0
964,128,5.625,1.7298,10.0,1.0
965,86,6.9419,1.4581,10.0,1.0
967,653,8.144,1.4936,10.0,1.0
968,34,7.0294,1.4031,10.0,4.0
969,3120,7.8189,1.4755,10.0,1.0
970,65,7.8308,1.5265,10.0,4.0
971,255,7.2078,1.542,10.0,3.0
972,592,7.0034,1.8052,10.0,1.0
973,159,6.8931,1.5815,10.0,3.0
974,1567,7.4397,1.6244,10.0,1.0
975,321,7.6168,1.4619,10.0,1.0
976,248,7.6734,1.3536,10.0,2.0
977,187,5.9305,2.0453,10.0,1.0
978,131,7.9847,1.478,10.0,1.0
979,589,6.8217,1.6311,10.0,1.0
980,49,6.2857,2.0207,10.0,1.0
981,1026,7.2193,1.6217,10.0,1.0
982,391,6.1944,1.6355,10.0,1.0
983,84,6.0238,1.7284,10.0,2.0
984,874,7.127,1.6837,10.0,1.0
985,2124,7.7768,1.4059,10.0,1.0
986,2310,7.7364,1.4334,10.0,1.0
987,1493,6.8908,1.798,10.0,1.0
988,8,5.875,1.9594,10.0,4.0
989,4,6.0,2.8284,10.0,4.0
990,1317,7.4381,1.3855,10.0,1.0
991,130,6.1923,2.1024,10.0,1.0
992,450,7.3844,1.3285,10.0,1.0
993,171,7.1988,1.2724,10.0,3.0
994,59,5.2034,1.8826,10.0,1.0
995,1043,8.2378,1.3118,10.0,3.0
996,2087,8.0014,1.5619,10.0,1.0
997,1276,7.8033,1.4997,10.0,1.0
998,466,7.2768,1.4015,10.0,3.0
999,146,6.7534,1.4648,10.0,2.0
1000,223,8.0224,1.4028,10.0,1.0
1001,44,7.0,1.3295,10.0,4.0
1002,1232,7.974,1.3896,10.0,1.0
1003,905,7.6387,1.4247,10.0,2.0
1004,2357,7.7658,1.5612,10.0,1.0
1005,349,6.914,1.5023,10.0,2.0
1006,684,7.6813,1.3553,10.0,1.0
1007,655,7.9237,1.2923,10.0,2.0
1008,428,7.9089,1.3734,10.0,2.0
1009,69,5.029,2.0862,10.0,1.0
1010,401,7.596,1.4058,10.0,3.0
1011,368,7.8587,1.3192,10.0,2.0
1012,37,6.4865,1.6094,10.0,2.0
1013,648,7.7361,1.4218,10.0,2.0
1014,119,7.2941,1.4921,10.0,2.0
1015,2710,7.9026,1.3088,10.0,1.0
1016,953,7.3305,1.4599,10.0,1.0
1017,585,7.4444,1.3309,10.0,2.0
1018,286,7.0455,1.5337,10.0,2.0
1019,361,6.9224,1.8256,10.0,1.0
1020,190,7.2263,1.6766,10.0,1.0
1021,192,7.9635,1.4629,10.0,3.0
1022,186,7.4677,1.4599,10.0,1.0
1023,1614,8.2683,1.4875,10.0,1.0
1024,181,7.3039,1.5852,10.0,2.0
1025,336,7.3482,1.4885,10.0,1.0
1026,69,6.087,1.6604,10.0,2.0
1027,50,5.92,1.9361,10.0,1.0
1028,138,7.2681,1.5261,10.0,3.0
1029,1186,7.7083,1.4815,10.0,2.0
1030,1356,7.4661,1.6084,10.0,1.0
1031,58,5.8276,2.0446,10.0,2.0
1032,106,7.0943,1.4378,10.0,2.0
1033,1838,8.3575,1.3379,10.0,2.0
1034,482,7.8195,1.4826,10.0,2.0
1035,47,6.8085,1.8135,10.0,1.0
1036,121,6.1488,1.6616,10.0,1.0
1037,164,6.5305,1.8483,10.0,1.0
1038,37,5.8919,2.0109,10.0,1.0
1039,77,6.7662,1.5035,10.0,1.0
1040,17,7.5294,1.1246,10.0,6.0
1041,299,7.0301,2.014,10.0,1.0
1042,295,6.9932,2.0421,10.0,1.0
1043,468,6.9658,1.4905,10.0,2.0
1044,123,6.6179,1.3761,10.0,3.0
1045,551,7.3739,1.3915,10.0,2.0
1046,383,7.2924,1.505,10.0,1.0
1047,560,7.7964,1.5336,10.0,1.0
1048,398,6.7362,1.8639,10.0,1.0
1049,140,7.3857,1.4172,10.0,1.0
1050,712,7.5871,1.8596,10.0,1.0
1051,1077,7.3092,1.4703,10.0,1.0
1052,17,5.8824,2.1761,10.0,2.0
1053,39,5.0513,2.305,10.0,1.0
1055,439,6.4032,1.9027,10.0,1.0
1056,140,6.45,1.4559,10.0,1.0
1057,140,6.6357,1.7556,10.0,1.0
1058,23,6.6522,1.5843,10.0,4.0
1059,61,5.8852,2.2442,10.0,2.0
1060,603,7.6683,1.5825,10.0,1.0
1062,174,6.8276,1.8729,10.0,1.0
1064,151,7.596,1.4291,10.0,4.0
1065,276,8.2717,1.3438,10.0,3.0
1066,1291,7.4129,1.5614,10.0,2.0
1067,793,6.9193,1.6479,10.0,1.0
1068,30,6.9,1.4937,10.0,4.0
1069,129,7.6279,1.5765,10.0,2.0
1070,65,6.8615,1.7219,10.0,2.0
1071,56,6.5179,1.4646,10.0,2.0
1072,1097,7.8587,1.6331,10.0,1.0
1074,2101,6.9386,1.6862,10.0,1.0
1075,33,5.8182,1.7581,10.0,2.0
1076,29,6.1379,1.4814,9.0,3.0
1078,848,7.5354,1.4989,10.0,2.0
1079,554,7.37,1.4008,10.0,1.0
1080,288,7.5694,1.501,10.0,1.0
1081,100,7.78,1.3301,10.0,4.0
1082,234,6.9658,1.5416,10.0,1.0
1083,35,6.8857,1.3234,10.0,5.0
1084,276,6.4928,1.7024,10.0,1.0
1085,277,6.8339,1.5089,10.0,1.0
1086,413,7.3777,1.2838,10.0,2.0
1087,305,7.8098,1.4407,10.0,1.0
1088,1135,8.1868,1.3255,10.0,1.0
1089,719,8.235,1.4129,10.0,1.0
1090,480,7.5979,1.2983,10.0,3.0
1091,427,7.733,1.2537,10.0,3.0
1092,425,8.0965,1.2277,10.0,2.0
1093,1,9.0,0.0,9.0,9.0
1094,855,7.5895,1.4195,10.0,2.0
1095,513,7.6979,1.2856,10.0,3.0
1096,405,7.916,1.3869,10.0,1.0
1097,180,6.4778,1.7859,10.0,1.0
1098,221,6.2715,1.7525,10.0,1.0
1099,41,6.1463,1.865,10.0,1.0
1100,27,6.7778,1.05,10.0,5.0
1101,488,7.373,1.4642,10.0,2.0
1102,81,5.4568,2.2139,10.0,1.0
1103,250,7.02,1.5009,10.0,2.0
1104,199,7.1508,1.5626,10.0,2.0
1105,154,5.8182,1.6665,10.0,1.0
1106,178,6.3596,1.7418,10.0,1.0
1107,484,6.5558,1.6263,10.0,1.0
1108,418,7.4737,1.3853,10.0,3.0
1109,183,6.929,1.4677,10.0,1.0
1110,611,7.2635,1.6795,10.0,1.0
1111,190,7.3842,1.6506,10.0,3.0
1112,195,7.3026,1.5418,10.0,3.0
1113,46,6.7174,1.7971,10.0,1.0
1115,52,6.1923,1.7381,9.0,2.0
1116,86,7.6047,1.4248,10.0,2.0
1117,4074,7.4755,1.6007,10.0,1.0
1118,3645,7.1852,1.585,10.0,1.0
1119,2670,7.1228,1.573,10.0,1.0
1120,1895,7.3541,1.5556,10.0,1.0
1121,1956,6.9647,1.5729,10.0,1.0
1122,1989,7.1961,1.5424,10.0,1.0
1123,189,7.037,1.4268,10.0,2.0
1124,209,7.4498,1.2552,10.0,3.0
1126,108,7.6111,1.4328,10.0,3.0
1127,384,7.2188,1.5068,10.0,1.0
1128,261,7.3793,1.4721,10.0,2.0
1129,122,7.3279,1.474,10.0,3.0
1130,184,6.8098,1.8851,10.0,1.0
1132,2925,7.2574,1.6388,10.0,1.0
1133,686,7.4271,1.5425,10.0,2.0
1135,311,7.4148,1.4783,10.0,1.0
1136,159,6.9686,1.6165,10.0,2.0
1137,375,7.24,1.5395,10.0,1.0
1138,1320,7.1735,1.4625,10.0,1.0
1139,10,6.6,1.5776,8.0,3.0
1140,1887,7.487,1.536,10.0,1.0
1141,118,6.7797,1.779,10.0,1.0
1142,2465,8.4925,1.2754,10.0,1.0
1143,708,6.8023,1.5176,10.0,1.0
1144,457,7.4114,1.5621,10.0,2.0
1145,109,7.422,1.3423,10.0,3.0
1146,377,7.6658,1.2715,10.0,4.0
1147,269,7.4758,1.4776,10.0,1.0
1148,76,6.3026,1.9392,10.0,1.0
1149,199,6.9296,1.5093,10.0,2.0
1150,73,5.9178,1.9561,10.0,1.0
1151,309,7.178,1.4133,10.0,3.0
1152,199,7.1508,1.2583,10.0,4.0
1153,140,6.75,1.8471,10.0,1.0
1154,17,6.0588,1.5195,10.0,4.0
1155,24,5.7917,1.9106,10.0,3.0
1156,220,6.2909,1.825,10.0,1.0
1157,842,6.5701,1.8018,10.0,1.0
1158,56,6.1429,1.2853,8.0,2.0
1159,37,6.2703,1.3874,8.0,2.0
1160,63,5.5873,1.4771,10.0,1.0
1161,102,6.8235,1.4986,10.0,3.0
1162,54,6.5741,1.2378,9.0,3.0
1163,99,6.6465,1.5735,10.0,3.0
1164,484,7.3099,1.3058,10.0,2.0
1165,107,6.9252,1.4711,10.0,1.0
1166,75,7.2133,1.4265,10.0,4.0
1167,131,6.2366,1.64,10.0,1.0
1168,169,7.2485,1.4091,10.0,3.0
1169,83,7.012,1.7072,10.0,1.0
1170,560,7.5125,1.4179,10.0,3.0
1171,571,7.5517,1.4025,10.0,3.0
1172,1469,8.0143,1.282,10.0,3.0
1174,410,7.1878,1.6522,10.0,1.0
1175,26,6.2308,1.5312,9.0,3.0
1176,19,6.0526,1.7151,8.0,1.0
1177,447,6.7114,1.7487,10.0,1.0
1178,99,6.899,1.488,10.0,3.0
1179,75,7.28,1.3513,10.0,5.0
1180,107,7.3271,1.497,10.0,1.0
1181,140,7.0071,1.3112,10.0,4.0
1182,208,6.8365,1.6975,10.0,3.0
1183,67,5.8955,1.4682,9.0,1.0
1184,284,7.2993,1.3757,10.0,2.0
1185,96,6.8958,1.5727,10.0,2.0
1186,144,7.1389,1.5219,10.0,2.0
1187,394,6.8325,1.5175,10.0,1.0
1188,42,6.5476,1.7559,10.0,1.0
1189,117,6.8462,1.7937,10.0,1.0
1190,540,7.6352,1.4703,10.0,3.0
1191,318,7.4969,1.3934,10.0,3.0
1192,1096,7.2646,1.6029,10.0,1.0
1193,91,6.7253,1.4912,10.0,3.0
1194,439,7.0592,1.47,10.0,1.0
1195,12692,7.7841,1.4589,10.0,1.0
1196,152,7.6053,1.5231,10.0,2.0
1198,482,6.832,1.5525,10.0,1.0
1200,21,5.7619,2.5476,10.0,1.0
1202,463,6.3823,1.668,10.0,1.0
1203,115,7.8261,1.5854,10.0,2.0
1204,143,7.1189,1.6032,10.0,2.0
1205,489,7.5624,1.6071,10.0,1.0
1206,95,7.5263,1.6101,10.0,1.0
1207,42,7.4286,1.2325,10.0,5.0
1208,72,7.5,1.5834,10.0,5.0
1209,133,7.1579,1.2422,10.0,3.0
1210,8705,8.4794,1.2434,10.0,1.0
1211,325,7.9446,1.3345,10.0,1.0
1212,1029,7.4723,1.5671,10.0,1.0
1214,297,7.1886,1.4419,10.0,2.0
1215,659,7.2489,1.5275,10.0,1.0
1216,252,5.746,1.6721,10.0,1.0
1217,211,6.4123,1.8761,10.0,1.0
1218,1387,7.0454,1.4757,10.0,1.0
1219,406,7.2192,1.438,10.0,2.0
1220,301,6.2558,1.6159,10.0,2.0
1221,247,6.8543,1.7792,10.0,2.0
1222,3912,7.783,1.5326,10.0,1.0
1223,302,6.2715,1.6623,10.0,1.0
1224,222,6.3288,1.5876,10.0,1.0
1225,363,7.124,1.4253,10.0,3.0
1226,140,6.2214,1.6494,10.0,2.0
1227,29,5.5517,2.0281,10.0,2.0
1228,75,6.5067,1.4273,10.0,3.0
1230,621,7.1401,1.5042,10.0,1.0
1231,379,7.5884,1.4941,10.0,3.0
1232,191,6.8063,1.5858,10.0,3.0
1233,120,6.7917,1.4313,10.0,2.0
1234,83,6.253,1.5289,10.0,1.0
1235,218,6.8394,1.7432,10.0,2.0
1236,27,7.5556,1.5525,10.0,5.0
1237,729,7.5075,1.4677,10.0,2.0
1238,699,7.6795,1.4651,10.0,2.0
1239,2225,7.6971,1.6059,10.0,1.0
1240,1079,7.7266,1.5996,10.0,1.0
1241,753,7.7211,1.6517,10.0,1.0
1243,510,7.0412,1.4702,10.0,1.0
1244,27,5.5185,1.718,9.0,3.0
1245,140,6.2071,1.5291,9.0,2.0
1246,139,7.2662,1.3861,10.0,4.0
1247,37,6.5946,1.8327,9.0,2.0
1248,239,7.0753,1.5566,10.0,1.0
1249,202,7.1238,1.5644,10.0,1.0
1250,2269,7.6364,1.3694,10.0,2.0
1251,570,7.7544,1.2919,10.0,3.0
1252,90,5.8,2.0782,10.0,1.0
1253,904,8.0011,1.5086,10.0,1.0
1254,2293,8.0449,1.508,10.0,2.0
1255,396,7.6212,1.6666,10.0,1.0
1256,472,7.2797,1.6899,10.0,1.0
1257,1049,8.3079,1.3435,10.0,1.0
1258,397,7.3275,1.6798,10.0,2.0
1259,533,7.4878,1.702,10.0,1.0
1260,368,7.2582,1.9083,10.0,1.0
1261,242,7.2479,1.6028,10.0,1.0
1262,276,6.6884,1.6919,10.0,1.0
1263,101,6.505,1.7585,10.0,1.0
1264,417,7.3453,1.4447,10.0,2.0
1265,59,7.3051,1.3803,10.0,3.0
1266,49,7.1429,1.5275,10.0,4.0
1267,41,6.5854,2.0854,10.0,1.0
1268,57,5.8772,1.8133,10.0,2.0
1269,196,6.1071,1.6436,10.0,1.0
1270,184,6.663,1.4164,10.0,1.0
1271,100,6.14,1.7582,9.0,1.0
1272,164,6.2805,1.8718,10.0,1.0
1273,80,6.325,1.8472,10.0,1.0
1274,41,6.3415,1.575,10.0,1.0
1275,56,6.625,1.579,10.0,1.0
1276,112,6.7768,1.4187,10.0,4.0
1277,93,6.8817,1.5169,10.0,2.0
1278,616,7.4773,1.6218,10.0,3.0
1279,187,7.8289,1.5355,10.0,2.0
1280,204,6.5588,1.5979,10.0,1.0
1281,1043,7.8236,1.4732,10.0,1.0
1283,115,6.2087,1.5644,9.0,2.0
1284,26,6.0769,1.5472,10.0,3.0
1285,260,5.6269,2.2046,10.0,1.0
1286,166,5.2229,2.1472,10.0,1.0
1287,39,5.5385,2.0628,9.0,1.0
1288,221,7.5701,1.2101,10.0,4.0
1289,105,7.7619,1.181,10.0,4.0
1290,208,7.125,1.3017,10.0,3.0
1292,5417,7.4914,1.5722,10.0,1.0
1293,218,7.8532,1.4357,10.0,2.0
1295,81,6.716,1.5103,10.0,3.0
1296,110,6.7364,1.4694,10.0,2.0
1297,95,6.8105,1.3152,10.0,4.0
1298,85,6.8235,1.4157,10.0,3.0
1299,161,7.6894,1.352,10.0,4.0
1300,60,6.9833,1.6208,10.0,3.0
1301,216,7.8426,1.5681,10.0,1.0
1302,138,7.6594,1.4724,10.0,3.0
1303,2065,7.4562,1.5013,10.0,1.0
1311,1518,7.1759,1.6169,10.0,1.0
1312,134,7.2463,1.4635,10.0,1.0
1313,5230,7.4019,1.4818,10.0,1.0
1314,13,6.8462,0.8987,8.0,5.0
1316,65,6.7538,2.0618,10.0,1.0
1317,219,6.9269,1.5838,10.0,2.0
1324,207,6.2029,1.9477,10.0,1.0
1325,78,6.9487,1.9732,10.0,1.0
1327,230,7.613,1.412,10.0,2.0
1328,57,6.8596,1.2455,9.0,4.0
1329,22,7.3636,1.891,10.0,1.0
1331,138,6.2899,1.8212,10.0,1.0
1332,79,6.3165,1.7508,10.0,2.0
1333,17,6.6471,1.6561,9.0,2.0
1335,713,7.4208,1.5286,10.0,1.0
1336,209,7.3493,1.4701,10.0,1.0
1337,15,6.6667,1.6762,9.0,3.0
1338,85,5.8118,2.2704,10.0,1.0
1339,126,6.5635,1.8395,10.0,1.0
1340,52,5.2115,2.217,9.0,1.0
1341,163,5.7239,1.8668,10.0,1.0
1342,141,6.0355,1.9472,10.0,1.0
1343,128,6.0391,1.7361,10.0,2.0
1344,49,6.2653,1.5913,10.0,1.0
1345,54,3.0926,2.1915,10.0,1.0
1346,159,6.5849,1.5561,9.0,1.0
1347,401,7.5362,1.3131,10.0,4.0
1348,156,6.8013,1.4116,10.0,2.0
1349,151,6.4437,1.4726,10.0,3.0
1350,170,6.6235,1.5344,10.0,1.0
1351,141,6.1277,1.8042,10.0,1.0
1352,288,7.2951,1.4791,10.0,2.0
1353,47,6.4255,2.0509,10.0,1.0
1355,9,5.3333,2.1213,8.0,2.0
1356,307,7.671,1.4728,10.0,1.0
1357,213,7.1784,1.4426,10.0,2.0
1358,386,7.3549,1.6039,10.0,1.0
1359,261,6.5211,1.7965,10.0,1.0
1360,198,6.904,1.7146,10.0,1.0
1361,3411,6.6555,1.7754,10.0,1.0
1362,868,7.3468,1.561,10.0,1.0
1363,1015,8.3143,1.2588,10.0,4.0
1364,1011,8.362,1.2152,10.0,1.0
1365,1085,8.4959,1.263,10.0,3.0
1366,863,8.1008,1.3201,10.0,3.0
1367,919,8.333,1.2629,10.0,2.0
1368,309,7.5178,1.4247,10.0,2.0
1369,436,7.4679,1.4968,10.0,2.0
1370,195,7.0205,1.5924,10.0,3.0
1371,82,7.439,1.6185,10.0,2.0
1372,315,7.7397,1.2778,10.0,3.0
1373,113,7.5133,1.2964,10.0,3.0
1374,444,7.5946,1.4497,10.0,1.0
1375,176,8.0852,1.5524,10.0,2.0
1376,94,7.9787,1.5168,10.0,4.0
1377,55,7.0545,1.6933,10.0,2.0
1378,136,6.1765,1.7251,10.0,2.0
1379,883,8.0872,1.2086,10.0,3.0
1380,322,6.4193,1.7405,10.0,1.0
1381,67,7.7313,1.4932,10.0,4.0
1382,143,8.1469,1.614,10.0,1.0
1383,27,5.8148,1.9422,10.0,1.0
1384,351,7.2707,1.5467,10.0,1.0
1385,68,6.1471,1.9104,10.0,1.0
1386,84,6.4762,1.9293,10.0,1.0
1387,163,6.4417,2.0248,10.0,1.0
1388,69,6.3188,1.9058,10.0,1.0
1389,67,6.4627,1.845,10.0,1.0
1390,47,6.4043,2.0711,10.0,1.0
1391,30,7.3333,1.213,10.0,4.0
1392,16,7.625,0.7188,9.0,6.0
1393,18,7.5,0.8575,9.0,6.0
1394,10,7.7,1.1595,10.0,6.0
1395,10,7.9,1.1972,10.0,6.0
1397,434,7.394,1.5746,10.0,1.0
1398,246,7.0528,1.5861,10.0,1.0
1399,213,7.216,1.4009,10.0,3.0
1400,190,7.1474,1.5186,10.0,1.0
1401,533,7.0994,1.8362,10.0,1.0
1402,21,5.619,1.8296,9.0,1.0
1403,61,6.541,1.7085,10.0,3.0
1404,30,6.0,1.6815,9.0,1.0
1405,39,6.7692,1.6774,10.0,1.0
1406,97,6.1031,2.0741,10.0,2.0
1407,72,6.2361,1.827,10.0,1.0
1408,286,7.0839,1.733,10.0,1.0
1409,79,7.0886,1.6345,10.0,1.0
1410,263,7.5209,1.3837,10.0,1.0
1411,43,5.7674,1.8495,10.0,1.0
1412,845,7.8651,1.2928,10.0,3.0
1413,91,7.3407,1.2668,10.0,5.0
1414,98,7.449,1.2933,10.0,5.0
1415,98,7.0204,1.4358,10.0,2.0
1416,147,7.551,1.3758,10.0,3.0
1417,121,7.3554,1.2771,10.0,3.0
1418,158,7.9177,1.2966,10.0,2.0
1419,166,7.7651,1.2256,10.0,4.0
1420,84,6.7976,1.4708,10.0,3.0
1421,79,7.1519,1.3116,10.0,4.0
1422,79,7.3671,1.2108,10.0,5.0
1423,71,7.1972,1.2144,10.0,5.0
1424,86,7.6395,1.3098,10.0,5.0
1425,205,7.9122,1.2727,10.0,4.0
1426,136,7.5368,1.3104,10.0,4.0
1427,88,6.2727,1.7533,10.0,2.0
1428,52,6.5962,1.612,10.0,4.0
1429,78,7.3205,1.3043,10.0,4.0
1430,1322,8.1407,1.2787,10.0,3.0
1431,94,7.1489,1.4365,10.0,3.0
1432,128,7.5391,1.1899,10.0,5.0
1433,115,6.9652,1.578,10.0,3.0
1434,109,7.2569,1.4037,10.0,3.0
1435,204,7.1716,1.3807,10.0,3.0
1436,127,7.2047,1.4217,10.0,3.0
1437,88,7.3182,1.1991,10.0,5.0
1438,93,7.1828,1.31,10.0,4.0
1439,91,7.4725,1.2939,10.0,3.0
1440,67,5.8358,1.6931,10.0,2.0
1441,141,7.4752,1.6413,10.0,1.0
1442,142,6.1127,2.1074,10.0,1.0
1443,81,6.4938,1.4673,10.0,2.0
1444,119,6.563,1.2598,10.0,2.0
1445,239,7.0335,1.5499,10.0,3.0
1448,235,7.2,1.5016,10.0,3.0
1450,72,7.1111,1.7647,10.0,2.0
1451,102,4.5882,2.1124,10.0,1.0
1452,36,6.3056,1.5459,10.0,4.0
1453,370,8.3865,1.3592,10.0,3.0
1454,624,7.8077,1.3953,10.0,2.0
1455,180,5.6889,2.2678,10.0,1.0
1456,73,6.8493,1.697,10.0,2.0
1457,145,7.1034,1.7067,10.0,1.0
1458,13,6.6923,1.6013,10.0,5.0
1459,273,7.6154,1.4958,10.0,1.0
1460,100,6.57,1.6591,10.0,1.0
1462,1068,7.8727,1.385,10.0,1.0
1465,135,7.4815,1.5494,10.0,3.0
1466,24,6.9167,1.9763,10.0,1.0
1468,167,6.3653,1.788,10.0,1.0
1469,883,7.0238,1.5008,10.0,1.0
1470,431,8.0162,1.3109,10.0,4.0
1471,231,8.1126,1.3531,10.0,4.0
1472,196,8.0,1.3923,10.0,4.0
1473,188,7.9362,1.4165,10.0,4.0
1474,131,7.8321,1.331,10.0,5.0
1475,110,7.6909,1.3115,10.0,5.0
1476,106,7.7075,1.4734,10.0,3.0
1477,97,7.7113,1.3841,10.0,5.0
1478,97,7.9588,1.4428,10.0,4.0
1479,86,7.9186,1.5046,10.0,4.0
1480,271,6.9299,1.4449,10.0,2.0
1481,44,7.0455,1.4935,10.0,4.0
1482,7442,8.4078,1.3002,10.0,1.0
1483,127,7.9921,1.1649,10.0,5.0
1484,145,6.4483,1.7197,10.0,1.0
1485,195,8.2103,1.5405,10.0,1.0
1486,606,8.2096,1.3338,10.0,4.0
1487,690,6.9391,1.5989,10.0,1.0
1488,143,7.8322,1.1627,10.0,4.0
1489,215,7.1674,1.3875,10.0,2.0
1490,112,7.5357,1.47,10.0,1.0
1491,110,8.0636,1.552,10.0,1.0
1492,195,7.2462,1.5233,10.0,3.0
1493,121,7.405,1.3576,10.0,3.0
1494,195,6.4256,1.8773,10.0,1.0
1495,60,6.8,1.8393,10.0,1.0
1496,326,6.1871,1.856,10.0,1.0
1497,48,7.2917,1.4136,10.0,4.0
1498,2980,7.4433,1.4562,10.0,1.0
1499,8,6.5,2.7775,10.0,1.0
1500,228,6.4737,1.5578,10.0,1.0
1501,249,7.1968,1.759,10.0,1.0
1502,70,6.9286,1.6447,10.0,2.0
1503,16,6.0625,1.6112,8.0,2.0
1504,207,7.1739,1.4939,10.0,2.0
1505,801,8.0187,1.2741,10.0,3.0
1506,832,8.3293,1.2468,10.0,3.0
1508,102,6.7451,1.6209,10.0,1.0
1509,315,7.3492,1.6565,10.0,2.0
1510,84,6.4881,1.6391,10.0,1.0
1511,37,6.6486,1.829,10.0,2.0
1512,51,6.2353,1.5823,9.0,1.0
1513,27,6.4074,1.5995,9.0,3.0
1514,196,7.4949,1.416,10.0,3.0
1515,45,5.5111,1.7139,10.0,1.0
1516,195,7.5538,1.496,10.0,3.0
1517,226,7.1858,1.4394,10.0,2.0
1519,8327,8.4328,1.099,10.0,1.0
1520,183,8.1093,1.2131,10.0,4.0
1521,309,7.3948,1.5973,10.0,1.0
1524,129,7.5271,1.4311,10.0,4.0
1525,569,7.1494,1.5757,10.0,1.0
1526,2143,7.4335,1.5181,10.0,1.0
1527,522,6.6475,1.8809,10.0,1.0
1528,26,5.1923,1.744,8.0,2.0
1529,33,4.7576,1.7505,9.0,2.0
1530,6288,8.3634,1.3724,10.0,1.0
1531,1268,7.5142,1.4239,10.0,2.0
1532,1213,7.1838,1.7278,10.0,1.0
1533,384,6.8698,1.7081,10.0,1.0
1534,100,7.23,1.5299,10.0,4.0
1535,34226,8.8346,1.2482,10.0,1.0
1536,3586,7.6679,1.4055,10.0,1.0
1537,13,6.3846,2.1809,10.0,1.0
1538,778,7.3483,1.4127,10.0,1.0
1539,57,7.3684,1.5193,10.0,4.0
1540,61,7.3279,1.4227,10.0,5.0
1541,86,6.9767,1.6159,10.0,2.0
1542,111,6.4324,1.7353,10.0,2.0
1543,802,7.4539,1.5749,10.0,1.0
1544,90,6.8333,1.5882,10.0,2.0
1546,1294,7.476,1.4681,10.0,1.0
1547,2,7.0,1.4142,8.0,6.0
1548,24,7.9583,1.459,10.0,4.0
1549,44,7.2727,1.8846,10.0,1.0
1550,114,6.6754,1.5937,10.0,1.0
1552,4,5.75,3.4034,9.0,1.0
1553,91,7.1758,1.3711,10.0,4.0
1554,544,7.2831,1.3033,10.0,3.0
1555,884,7.4197,1.5257,10.0,1.0
1556,389,7.4679,1.4492,10.0,1.0
1557,921,7.7991,1.2962,10.0,2.0
1558,91,6.4505,2.0125,10.0,1.0
1559,4787,8.3785,1.234,10.0,1.0
1560,54,5.4815,2.1168,10.0,1.0
1561,180,6.5444,1.7153,10.0,1.0
1562,3657,8.0804,1.4883,10.0,1.0
1563,805,7.7242,1.4655,10.0,2.0
1564,2434,7.2424,1.5666,10.0,1.0
1565,1373,7.303,1.6135,10.0,1.0
1566,1948,8.2639,1.1959,10.0,1.0
1567,218,7.8028,1.3653,10.0,3.0
1568,1124,7.2722,1.4766,10.0,1.0
1569,1485,7.3731,1.4883,10.0,1.0
1570,815,6.8147,1.5529,10.0,1.0
1571,3970,8.1479,1.3174,10.0,1.0
1572,99,6.5859,1.3998,10.0,4.0
1573,174,7.2701,1.427,10.0,3.0
1574,9,6.0,1.5,8.0,4.0
1575,24126,8.9278,1.1791,10.0,1.0
1576,642,7.4174,1.3864,10.0,3.0
1577,250,7.696,1.2908,10.0,1.0
1578,150,7.1267,1.7885,10.0,1.0
1579,2314,7.9231,1.4463,10.0,1.0
1580,18,6.4444,1.3815,9.0,4.0
1581,773,6.9948,1.5803,10.0,1.0
1582,58,6.7241,1.8429,10.0,1.0
1583,244,6.5369,1.4971,10.0,2.0
1584,71,7.4225,1.3165,10.0,3.0
1585,18,4.1667,1.9478,10.0,1.0
1586,94,5.9681,1.4327,10.0,2.0
1587,211,7.0758,1.4389,10.0,2.0
1588,545,7.2807,1.4678,10.0,2.0
1589,900,7.6856,1.5012,10.0,1.0
1590,23,7.913,1.6213,10.0,5.0
1591,275,6.36,1.7565,10.0,1.0
1592,303,7.495,1.2992,10.0,4.0
1593,1023,6.915,1.6385,10.0,1.0
1594,2582,8.2475,1.2764,10.0,1.0
1595,31,5.6129,2.1397,10.0,1.0
1596,95,5.7263,2.0182,10.0,2.0
1597,72,6.9167,1.6423,10.0,2.0
1598,147,6.6259,1.4952,10.0,2.0
1599,109,7.2844,1.5581,10.0,3.0
1600,60,6.65,1.821,10.0,2.0
1601,471,7.2994,1.5783,10.0,1.0
1602,520,7.3327,1.4934,10.0,1.0
1603,130,7.2538,1.3714,10.0,4.0
1604,5599,8.544,1.3112,10.0,1.0
1606,1935,7.8894,1.2575,10.0,2.0
1607,598,6.7542,1.6589,10.0,1.0
1608,104,7.9519,1.4507,10.0,3.0
1609,691,7.5528,1.394,10.0,3.0
1611,63,6.127,2.0829,10.0,1.0
1613,98,5.7143,2.0459,10.0,1.0
1614,830,7.4771,1.4608,10.0,1.0
1617,25,6.92,1.6052,9.0,2.0
1618,35,7.0571,1.4541,10.0,4.0
1619,619,7.4136,1.4097,10.0,1.0
1620,31,5.8387,1.7339,9.0,1.0
1621,43,4.9767,1.845,9.0,1.0
1622,249,5.8153,1.8156,10.0,1.0
1623,70,6.2286,2.1344,10.0,1.0
1624,72,6.8194,1.5863,10.0,3.0
1625,59,6.2034,1.8734,10.0,1.0
1626,64,5.3125,2.1593,10.0,1.0
1627,22,5.0455,1.7314,7.0,1.0
1628,101,6.5347,1.9108,10.0,1.0
1629,171,7.345,1.512,10.0,2.0
1630,92,6.4239,1.659,10.0,1.0
1631,319,7.1379,1.513,10.0,1.0
1632,94,6.5106,1.836,10.0,1.0
1633,118,6.7034,1.7846,10.0,3.0
1634,227,6.5551,1.7625,10.0,1.0
1635,161,6.5404,1.7642,10.0,1.0
1636,98,6.2449,1.889,10.0,2.0
1637,231,6.987,1.8189,10.0,1.0
1638,91,7.022,1.6864,10.0,3.0
1639,1783,5.3517,3.1579,10.0,1.0
1640,641,5.8331,2.0261,10.0,1.0
1641,31,4.6129,2.2461,10.0,1.0
1642,398,7.7638,1.43,10.0,1.0
1643,27,6.0741,1.708,9.0,2.0
1644,25,6.2,1.7795,10.0,3.0
1645,84,6.8571,1.5841,10.0,2.0
1647,136,4.9779,2.399,10.0,1.0
1648,165,7.3697,1.4743,10.0,3.0
1650,150,7.5867,1.4936,10.0,2.0
1651,75,7.8133,1.4303,10.0,4.0
1652,54,7.4259,1.6552,10.0,2.0
1654,574,7.1045,1.6636,10.0,1.0
1655,189,7.5926,1.7889,10.0,1.0
1656,1,6.0,0.0,6.0,6.0
1657,110,4.0091,2.7711,10.0,1.0
1658,84,6.8095,1.4012,10.0,4.0
1659,190,7.2211,1.4488,10.0,2.0
1660,48,6.9375,1.479,10.0,4.0
1661,116,6.8534,1.4759,10.0,3.0
1662,40,6.9,1.5157,10.0,4.0
1663,90,7.7778,1.7339,10.0,1.0
1664,39,5.8974,1.8609,10.0,1.0
1665,30,5.9333,1.388,9.0,3.0
1666,8,6.25,1.165,7.0,4.0
1667,7,6.0,1.633,8.0,3.0
1668,1005,7.0109,1.7591,10.0,1.0
1669,1254,6.7855,1.663,10.0,1.0
1670,229,6.786,1.8455,10.0,1.0
1671,14,6.9286,1.5915,10.0,3.0
1672,47,6.4681,1.8279,10.0,2.0
1673,25,6.48,1.8055,10.0,2.0
1674,609,7.3842,1.4544,10.0,2.0
1675,233,6.9313,1.5213,10.0,3.0
1676,72,6.6111,1.7406,10.0,2.0
1677,35,6.7714,1.4366,10.0,3.0
1678,401,7.5387,1.3282,10.0,4.0
1679,324,6.6389,1.819,10.0,1.0
1681,882,7.6644,1.4819,10.0,1.0
1682,441,6.8345,1.541,10.0,1.0
1683,69,7.4928,1.3893,10.0,5.0
1684,40,7.55,1.4667,10.0,4.0
1685,511,6.0215,1.8936,10.0,1.0
1686,7886,7.6834,1.4934,10.0,1.0
1688,479,7.3257,1.7243,10.0,1.0
1689,12403,8.2478,1.5258,10.0,1.0
1690,1630,7.9571,1.3833,10.0,1.0
1691,6823,7.6628,1.3864,10.0,1.0
1692,276,6.0435,1.743,10.0,1.0
1693,150,6.7067,1.4634,10.0,1.0
1694,291,7.0344,1.5862,10.0,1.0
1695,127,7.9213,1.3893,10.0,3.0
1696,1674,7.2539,1.4379,10.0,1.0
1698,4616,8.6072,1.1505,10.0,1.0
1699,2599,8.0669,1.4901,10.0,1.0
1701,75,6.5467,1.5448,10.0,3.0
1702,28,6.1786,1.7008,10.0,1.0
1703,103,7.165,1.3365,10.0,1.0
1704,109,7.0275,1.5483,10.0,2.0
1705,14,5.5714,1.5549,8.0,3.0
1706,130,6.8231,1.592,10.0,2.0
1707,205,6.9463,1.7523,10.0,1.0
1708,16,5.5,2.3944,10.0,1.0
1709,1844,7.1811,1.5839,10.0,1.0
1710,697,7.1291,1.4809,10.0,1.0
1711,31,6.2581,2.3233,10.0,1.0
1712,11,6.0909,1.9212,10.0,4.0
1713,13,6.4615,1.3914,9.0,4.0
1718,195,6.8821,1.5702,10.0,1.0
1719,2116,7.9537,1.3031,10.0,2.0
1720,157,7.3439,1.3336,10.0,4.0
1721,479,7.0793,1.45,10.0,2.0
1722,1936,7.6431,1.3877,10.0,2.0
1723,4176,7.5381,1.8568,10.0,1.0
1724,21,7.0,1.5492,10.0,5.0
1725,104,5.6635,1.7987,10.0,1.0
1726,6859,7.2887,1.6461,10.0,1.0
1727,572,7.0664,1.5889,10.0,1.0
1728,280,7.8964,1.4713,10.0,1.0
1729,451,7.949,1.3147,10.0,2.0
1731,1302,7.4163,1.4608,10.0,2.0
1732,576,7.4635,1.4113,10.0,1.0
1733,84,7.0595,1.5078,10.0,4.0
1734,333,6.8619,1.6589,10.0,1.0
1736,108,7.4259,1.4417,10.0,2.0
1737,7,6.4286,1.7182,8.0,4.0
1738,387,7.4599,1.491,10.0,1.0
1739,1,5.0,0.0,5.0,5.0
1740,2,7.0,1.4142,8.0,6.0
1741,40,5.8,1.8564,10.0,2.0
1742,25,7.52,1.4468,10.0,4.0
1743,67,6.3881,2.0958,10.0,1.0
1744,236,7.7288,1.5112,10.0,2.0
1745,3,3.6667,2.5166,6.0,1.0
1746,241,6.7676,1.6894,10.0,1.0
1747,400,7.8425,1.2911,10.0,3.0
1748,28,7.25,2.0115,10.0,3.0
1749,524,6.9504,1.5903,10.0,1.0
1750,449,6.9265,1.6694,10.0,1.0
1751,276,5.5616,2.1909,10.0,1.0
1752,63,6.9048,1.5935,10.0,3.0
1753,28,6.9286,2.0535,10.0,2.0
1754,51,7.1961,1.5877,10.0,3.0
1755,49,7.2245,1.4615,10.0,4.0
1756,42,7.1667,1.7096,10.0,3.0
1757,74,7.1351,1.6987,10.0,1.0
1758,19,7.0,1.8856,10.0,4.0
1759,67,6.0448,1.9418,10.0,2.0
1760,213,6.8263,1.8022,10.0,1.0
1761,166,6.6506,1.4766,10.0,2.0
1762,144,7.0,1.229,10.0,4.0
1763,38,5.6579,2.147,9.0,1.0
1764,364,7.5797,1.4571,10.0,2.0
1765,90,4.8667,1.8001,10.0,1.0
1766,33,6.2121,1.2932,9.0,4.0
1767,52,5.9615,1.5588,10.0,1.0
1768,60,7.2,1.6344,10.0,4.0
1769,88,6.4545,1.8502,10.0,1.0
1770,34,5.9706,1.7664,8.0,1.0
1771,24,6.125,1.8489,10.0,1.0
1772,28,5.6071,1.8527,8.0,1.0
1773,158,7.8418,1.3427,10.0,3.0
1774,55,7.6909,1.4385,10.0,4.0
1775,43,6.0698,1.6818,9.0,2.0
1776,26,5.4615,1.9022,9.0,2.0
1777,82,6.6707,1.3152,10.0,4.0
1778,19,7.2105,1.6526,10.0,5.0
1779,60,6.85,1.7547,10.0,3.0
1780,245,6.902,1.5172,10.0,2.0
1781,57,6.2807,1.8685,10.0,1.0
1782,25,6.08,1.0376,8.0,4.0
1783,179,6.8324,1.8405,10.0,1.0
1784,18,4.7778,1.9869,8.0,1.0
1785,262,6.7405,1.7313,10.0,1.0
1786,29,6.7241,1.8106,10.0,1.0
1787,299,7.2408,1.6736,10.0,1.0
1788,60,5.8833,1.7954,10.0,1.0
1789,94,6.6596,1.3878,10.0,3.0
1790,52,5.7692,1.9058,10.0,2.0
1791,50,6.14,1.9167,10.0,1.0
1792,134,6.8731,1.499,10.0,1.0
1793,264,6.7841,1.7118,10.0,1.0
1794,61,6.7377,1.7214,10.0,2.0
1795,58,7.2759,1.4363,10.0,4.0
1796,101,7.1485,1.5125,10.0,3.0
1797,233,7.1459,1.4066,10.0,1.0
1798,166,7.2349,1.3659,10.0,1.0
1799,237,6.6835,1.6484,10.0,2.0
1800,232,7.0216,1.4959,10.0,1.0
1802,148,6.9662,1.5316,10.0,1.0
1803,45,7.1778,1.3533,10.0,4.0
1804,114,7.0614,1.6146,10.0,1.0
1805,112,7.2054,1.4713,10.0,3.0
1806,49,6.9796,1.6006,10.0,4.0
1807,519,6.6917,1.7546,10.0,1.0
1808,837,7.675,1.6353,10.0,1.0
1810,730,6.9,1.8354,10.0,1.0
1811,53,5.6981,1.7714,9.0,1.0
1812,56,4.6964,2.1652,9.0,1.0
1813,1871,7.8461,1.1881,10.0,2.0
1815,1951,7.5715,1.4351,10.0,1.0
1816,985,6.6315,1.7412,10.0,1.0
1817,1023,7.1232,1.6309,10.0,1.0
1818,10592,8.0435,1.3203,10.0,1.0
1819,24,5.2917,1.8992,8.0,1.0
1820,31,5.4839,1.5678,8.0,2.0
1821,64,6.4062,1.7703,10.0,1.0
1822,69,6.8696,1.798,10.0,2.0
1823,75,7.2,1.4796,10.0,4.0
1824,462,7.974,1.4016,10.0,3.0
1825,141,7.6454,1.4645,10.0,1.0
1826,166,7.1807,1.5227,10.0,4.0
1827,2631,8.2957,1.2165,10.0,1.0
1828,50,6.8,1.7143,10.0,2.0
1829,2651,7.3418,1.6293,10.0,1.0
1830,524,7.874,1.3433,10.0,3.0
1831,34,5.8235,1.7489,10.0,3.0
1832,81,6.3333,1.5492,10.0,3.0
1833,22,5.4091,1.9188,8.0,2.0
1834,65,5.8308,1.9571,10.0,1.0
1835,191,7.2827,1.5299,10.0,1.0
1836,1188,6.83,1.7797,10.0,1.0
1837,90,7.2222,1.5271,10.0,1.0
1838,691,6.5297,2.0338,10.0,1.0
1839,34,6.9706,1.8502,10.0,1.0
1840,9862,7.8609,1.4606,10.0,1.0
1841,287,6.9826,1.6566,10.0,1.0
1842,1217,8.4815,1.1304,10.0,1.0
1843,81,7.2593,1.1914,10.0,4.0
1844,192,7.1615,1.5004,10.0,2.0
1845,55,7.2727,1.4587,10.0,4.0
1846,129,7.5736,1.4672,10.0,2.0
1847,892,7.4574,1.2613,10.0,2.0
1848,28,6.75,1.5062,10.0,4.0
1849,9,6.4444,1.5092,8.0,3.0
1850,6,7.0,0.6325,8.0,6.0
1851,4,7.5,0.5774,8.0,7.0
1852,991,7.7104,1.3073,10.0,2.0
1853,55,6.6364,1.8695,10.0,2.0
1854,65,6.8308,1.6637,10.0,3.0
1855,33,4.9697,1.9119,8.0,1.0
1856,185,6.5297,1.5182,10.0,3.0
1857,37,7.2973,1.3917,10.0,5.0
1858,550,7.6109,1.4415,10.0,2.0
1859,209,7.0096,1.6813,10.0,1.0
1860,1332,7.4677,1.4194,10.0,2.0
1861,317,7.7666,1.3321,10.0,4.0
1862,694,6.3646,1.8142,10.0,1.0
1864,118,7.4068,1.6079,10.0,3.0
1865,111,6.9009,1.5489,10.0,3.0
1866,34,6.0588,1.1266,8.0,4.0
1867,16,6.75,1.1255,9.0,5.0
1868,149,6.4564,1.7877,10.0,1.0
1869,493,7.3225,1.5719,10.0,1.0
1872,13,7.2308,1.7867,10.0,5.0
1873,65,7.9846,1.4842,10.0,4.0
1874,195,6.3385,1.8936,10.0,1.0
1878,53,7.5472,1.6821,10.0,2.0
1879,72,6.7778,1.5675,10.0,3.0
1880,57,6.5263,1.2263,9.0,3.0
1881,97,7.0103,1.6488,10.0,2.0
1882,61,7.082,1.6258,10.0,2.0
1883,38,6.6053,1.9107,10.0,3.0
1884,45,6.5111,1.7006,10.0,2.0
1885,16,6.25,1.8439,9.0,2.0
1886,33,7.4848,1.7342,10.0,3.0
1887,9706,8.1414,1.5118,10.0,1.0
1888,653,7.9296,1.2202,10.0,3.0
1889,7753,8.5581,1.3211,10.0,1.0
1890,370,7.3919,1.5928,10.0,1.0
1891,32,7.3438,1.2342,10.0,6.0
1892,20,7.25,1.2513,10.0,5.0
1893,42,6.5238,1.518,10.0,1.0
1894,1877,6.8071,1.7917,10.0,1.0
1895,53,6.3585,2.02,10.0,1.0
1896,346,6.9364,1.8389,10.0,1.0
1897,12,6.9167,1.5643,10.0,5.0
1898,85,7.2,1.4125,10.0,3.0
1899,34,5.7059,1.6055,8.0,1.0
1900,49,6.7347,1.5649,10.0,2.0
1901,124,7.6694,1.3049,10.0,4.0
1902,215,7.0884,1.5608,10.0,1.0
1903,37,6.3243,1.3135,9.0,3.0
1904,39,6.9744,1.6301,10.0,4.0
1905,58,6.931,1.9812,10.0,2.0
1906,120,7.625,1.5122,10.0,2.0
1907,32,6.75,1.7227,10.0,2.0
1908,181,5.8398,1.7894,10.0,1.0
1909,87,6.2069,1.7923,10.0,2.0
1910,82,8.0488,1.1211,10.0,5.0
1911,213,7.7277,1.4179,10.0,2.0
1912,145,6.4552,1.8966,10.0,1.0
1913,675,7.7674,1.4312,10.0,1.0
1914,627,8.362,1.2194,10.0,2.0
1915,1243,7.9437,1.5291,10.0,1.0
1916,275,7.3273,1.4829,10.0,1.0
1917,296,7.2027,1.5664,10.0,1.0
1918,140,6.4857,1.6857,10.0,1.0
1919,55,7.5091,1.5381,10.0,2.0
1920,124,7.5081,1.4733,10.0,3.0
1921,182,8.022,1.4218,10.0,3.0
1922,95,7.2947,1.522,10.0,3.0
1923,78,7.1282,1.7827,10.0,2.0
1924,79,7.9114,1.3605,10.0,4.0
1925,72,7.3472,1.5305,10.0,3.0
1926,69,6.4783,1.4813,10.0,3.0
1927,31,6.2258,1.3344,9.0,4.0
1928,74,6.2297,1.3503,9.0,2.0
1929,153,7.183,1.5995,10.0,3.0
1930,84,6.9881,1.4353,10.0,4.0
1931,72,7.2917,1.4674,10.0,4.0
1932,100,7.38,1.5027,10.0,3.0
1933,25,5.96,1.6951,9.0,1.0
1935,129,6.9767,1.5179,10.0,1.0
1936,16,6.3125,1.8154,10.0,3.0
1937,25,5.6,1.472,7.0,1.0
1938,16,6.3125,1.4477,8.0,2.0
1939,29,6.6207,1.9895,10.0,2.0
1940,96,6.5417,1.7163,10.0,1.0
1941,158,7.3861,1.4264,10.0,1.0
1942,118,7.3729,1.413,10.0,1.0
1943,5756,8.2003,1.3578,10.0,1.0
1944,337,7.3086,1.4453,10.0,2.0
1946,328,7.7652,1.5513,10.0,1.0
1947,15,5.9333,1.2799,8.0,3.0
1949,128,5.8438,1.7855,10.0,1.0
1951,260,7.1462,1.6017,10.0,1.0
1952,350,7.0629,1.5667,10.0,1.0
1953,1330,7.2293,1.5917,10.0,1.0
1954,374,7.0695,1.5518,10.0,1.0
1955,63,6.5873,1.488,10.0,4.0
1956,1909,7.1687,1.6025,10.0,1.0
1957,107,6.8972,1.5597,10.0,3.0
1958,257,6.9689,1.6651,10.0,1.0
1959,14,5.7857,1.5281,8.0,4.0
1961,378,7.881,1.4977,10.0,1.0
1962,10,7.6,1.4298,10.0,6.0
1964,60,7.1,1.6642,10.0,3.0
1965,2610,7.5575,1.4737,10.0,1.0
1966,23,4.3913,2.4072,8.0,1.0
1967,212,7.5896,1.4429,10.0,2.0
1968,192,7.5365,1.4539,10.0,3.0
1969,187,7.7594,1.4814,10.0,3.0
1972,96,7.7917,1.0946,10.0,5.0
1973,39,6.6667,1.7371,10.0,2.0
1974,340,8.3882,1.3575,10.0,1.0
1975,6,6.0,1.0954,7.0,4.0
1977,55,6.7636,1.4778,10.0,3.0
1978,207,7.0097,1.675,10.0,1.0
1979,91,6.4505,1.3188,10.0,4.0
1980,263,7.0646,1.5701,10.0,2.0
1981,86,6.5698,1.7118,10.0,1.0
1982,80,5.95,1.7639,10.0,1.0
1983,96,7.625,1.4011,10.0,3.0
1984,62,6.6935,1.7139,10.0,1.0
1985,168,7.7917,1.5471,10.0,3.0
1986,10,6.7,0.9487,8.0,5.0
1988,174,6.8563,1.5644,10.0,2.0
1989,69,6.058,1.392,10.0,3.0
1990,34,6.3824,1.6517,10.0,3.0
1991,104,6.0769,1.8259,10.0,1.0
1992,28,5.75,1.9555,9.0,2.0
1993,20,4.25,2.1491,8.0,1.0
1994,295,6.3898,1.6865,10.0,2.0
1995,132,5.25,2.3326,10.0,1.0
1996,281,6.9359,1.6376,10.0,1.0
1998,294,6.8061,1.6972,10.0,1.0
1999,42,7.0238,1.6001,10.0,2.0
2000,254,7.2913,1.4036,10.0,1.0
2001,16955,8.9332,1.2103,10.0,1.0
2002,1908,7.859,1.3787,10.0,1.0
2003,22,5.5909,1.3683,8.0,3.0
2004,131,8.2672,1.2939,10.0,4.0
2006,1104,7.0725,1.612,10.0,1.0
2007,19,5.6316,1.6401,7.0,1.0
2008,10,5.9,1.2867,8.0,4.0
2009,20,7.55,1.4681,10.0,5.0
2010,86,6.6047,1.7575,10.0,1.0
2011,83,7.3373,1.1716,10.0,5.0
2012,162,7.9691,1.3066,10.0,5.0
2013,144,7.4306,1.3151,10.0,4.0
2014,178,7.5843,1.1771,10.0,3.0
2015,47,6.5745,1.3791,10.0,4.0
2016,110,7.2455,1.4089,10.0,3.0
2017,107,7.4112,1.387,10.0,4.0
2018,65,6.5538,1.381,10.0,2.0
2019,25,6.76,1.4799,9.0,4.0
2020,816,7.538,1.5191,10.0,2.0
2021,62,6.4677,1.8967,10.0,2.0
2022,17,4.9412,2.1929,10.0,1.0
2023,45,6.4444,1.5747,10.0,4.0
2024,1,7.0,0.0,7.0,7.0
2025,13286,8.4025,1.1665,10.0,1.0
2026,3594,7.988,1.3141,10.0,2.0
2027,46,6.6522,1.3033,10.0,4.0
2028,2,6.5,3.5355,9.0,4.0
2029,41,7.1463,1.4927,10.0,3.0
2030,756,7.4299,1.478,10.0,1.0
2031,769,6.8531,1.7672,10.0,1.0
2032,131,6.9008,1.3692,10.0,2.0
2033,73,7.3014,1.6557,10.0,3.0
2034,8293,8.3829,1.282,10.0,1.0
2035,385,8.1195,1.2338,10.0,4.0
2036,44,7.2955,1.3044,10.0,4.0
2037,78,7.8462,1.4778,10.0,1.0
2038,31,6.5806,1.4089,10.0,5.0
2039,8,6.125,1.4577,9.0,5.0
2040,4,6.25,2.2174,9.0,4.0
2041,254,6.7638,1.6247,10.0,1.0
2042,139,6.8921,1.5449,10.0,3.0
2043,204,7.3775,1.3092,10.0,2.0
2044,63,7.2857,1.3492,10.0,5.0
2045,6,7.8333,1.7224,10.0,5.0
2046,3,8.6667,1.5275,10.0,7.0
2047,75,7.08,1.3024,10.0,2.0
2048,72,7.0694,1.039,9.0,4.0
2049,31,6.1613,1.2675,8.0,3.0
2050,68,7.0588,1.4235,10.0,4.0
2051,26,6.2692,1.2184,9.0,4.0
2052,8,7.125,2.5319,10.0,2.0
2053,30,6.1333,1.5477,10.0,3.0
2054,11,5.2727,2.2843,10.0,1.0
2055,16,6.9375,1.1815,9.0,4.0
2056,28,6.0357,1.8355,9.0,2.0
2057,45,5.4222,1.5149,9.0,2.0
2058,15,5.9333,2.0517,10.0,1.0
2059,20,6.65,0.9881,8.0,5.0
2060,85,6.6118,1.698,10.0,1.0
2061,37,6.6216,1.639,10.0,2.0
2062,34,6.7353,1.6013,10.0,2.0
2063,27,6.2222,1.5021,8.0,3.0
2064,24,6.375,1.4084,9.0,4.0
2065,20,6.0,1.451,8.0,3.0
2066,10,5.9,1.792,8.0,3.0
2067,88,6.9886,1.5938,10.0,1.0
2068,23,6.0435,1.6646,9.0,3.0
2069,12,5.0833,1.1645,7.0,3.0
2070,23,5.3913,2.251,9.0,1.0
2071,161,6.7578,1.9518,10.0,1.0
2072,22,5.9545,1.8121,9.0,3.0
2073,5,7.2,1.3038,9.0,6.0
2074,8,7.25,1.2817,10.0,6.0
2076,53,7.9623,1.2242,10.0,6.0
2077,31,7.1613,1.5077,10.0,3.0
2078,34,5.4412,1.7614,9.0,2.0
2079,12,6.3333,1.0731,7.0,4.0
2080,4,6.75,0.5,7.0,6.0
2081,15,5.5333,1.4573,7.0,3.0
2082,14,5.4286,1.5046,8.0,2.0
2083,36,6.3889,1.7448,10.0,2.0
2084,23,6.9565,1.821,10.0,3.0
2085,3,8.3333,1.5275,10.0,7.0
2086,5,8.2,1.3038,10.0,7.0
2087,28,7.1071,1.5236,10.0,4.0
2088,3,6.0,1.0,7.0,5.0
2089,28,6.8214,1.5882,10.0,3.0
2090,41,6.9268,1.3113,10.0,4.0
2091,8,6.125,1.2464,7.0,4.0
2092,5,6.6,1.6733,9.0,5.0
2093,1,7.0,0.0,7.0,7.0
2094,16,6.0625,1.5692,8.0,1.0
2095,12,6.4167,1.1645,8.0,4.0
2096,1,6.0,0.0,6.0,6.0
2097,78,7.641,1.4592,10.0,4.0
2098,136,7.6103,1.4046,10.0,3.0
2099,66,6.6364,1.3546,9.0,1.0
2100,41,6.5122,1.4684,9.0,1.0
2101,2,4.5,0.7071,5.0,4.0
2102,44,6.0909,1.7093,9.0,2.0
2103,38,6.2895,1.7384,9.0,2.0
2104,4908,8.1467,1.349,10.0,1.0
2105,186,6.8925,1.9394,10.0,1.0
2106,105,6.9429,1.6281,10.0,2.0
2107,1458,7.5871,1.5462,10.0,1.0
2108,295,7.2339,1.5083,10.0,1.0
2109,102,7.3725,1.6764,10.0,1.0
2110,105,7.381,1.457,10.0,1.0
2111,95,7.6,1.4904,10.0,4.0
2112,987,8.003,1.3687,10.0,1.0
2113,184,7.875,1.4787,10.0,3.0
2114,28,6.8929,2.2334,10.0,1.0
2116,1496,7.3503,1.4957,10.0,1.0
2117,183,7.3552,1.3984,10.0,3.0
2118,114,7.2632,1.5055,10.0,3.0
2119,97,7.1134,1.5061,10.0,2.0
2120,88,7.1477,1.5941,10.0,2.0
2121,91,7.2857,1.4475,10.0,3.0
2122,88,7.1591,1.7079,10.0,3.0
2123,554,7.3935,1.699,10.0,1.0
2124,928,7.2069,1.7387,10.0,1.0
2125,204,7.701,1.5485,10.0,2.0
2126,173,7.6763,1.6244,10.0,1.0
2127,22,7.0,1.3801,10.0,5.0
2128,8,6.5,1.9272,10.0,4.0
2129,4453,7.7063,1.4317,10.0,1.0
2130,1253,7.2881,1.4791,10.0,1.0
2131,3532,7.0968,1.7158,10.0,1.0
2132,604,7.1904,1.5893,10.0,1.0
2133,64,6.5156,1.7994,10.0,2.0
2134,62,6.7581,1.7052,10.0,2.0
2135,318,7.3302,1.8749,10.0,1.0
2136,314,7.0605,1.7819,10.0,1.0
2137,41,6.0,1.9235,10.0,1.0
2138,78,6.7821,1.7029,10.0,2.0
2139,20,6.0,1.6222,9.0,3.0
2140,77,6.9221,1.684,10.0,2.0
2141,85,7.8941,1.5888,10.0,3.0
2142,485,6.6969,1.653,10.0,1.0
2143,187,8.2193,1.3158,10.0,3.0
2144,4315,7.0366,1.7155,10.0,1.0
2145,82,6.2683,1.6854,10.0,2.0
2146,37,5.1892,1.9838,10.0,2.0
2147,99,5.7677,1.5039,9.0,2.0
2148,1250,6.8832,2.0371,10.0,1.0
2150,322,7.8509,1.8145,10.0,1.0
2151,127,7.1102,1.5339,10.0,1.0
2152,188,7.4947,1.3971,10.0,3.0
2153,123,6.7073,1.9279,10.0,2.0
2154,1385,8.1805,1.4387,10.0,1.0
2155,298,6.6812,1.6623,10.0,1.0
2156,732,6.541,1.7952,10.0,1.0
2157,97,6.8763,1.4948,10.0,1.0
2158,827,8.2648,1.3272,10.0,1.0
2159,1292,8.1958,1.2276,10.0,1.0
2161,368,6.8587,1.601,10.0,1.0
2162,123,6.5691,1.7745,10.0,1.0
2163,475,6.2442,1.6041,10.0,1.0
2164,1551,8.3501,1.2226,10.0,1.0
2165,13,7.6154,1.2609,10.0,5.0
2166,901,7.03,1.3631,10.0,1.0
2167,18746,8.5142,1.4281,10.0,1.0
2168,53,6.9057,1.832,10.0,2.0
2169,174,5.7816,2.0734,10.0,1.0
2170,285,7.3088,1.5115,10.0,1.0
2171,756,7.7804,1.4808,10.0,1.0
2172,19,7.2632,1.9391,10.0,1.0
2173,1,4.0,0.0,4.0,4.0
2174,156,8.0449,1.3694,10.0,4.0
2175,765,8.0379,1.248,10.0,2.0
2176,79,7.3418,1.6321,10.0,4.0
2178,469,6.9446,1.5418,10.0,1.0
2179,45,6.6667,1.8464,10.0,2.0
2180,26,7.3077,1.379,10.0,4.0
2181,35,5.3143,1.9216,10.0,1.0
2182,192,7.5312,1.575,10.0,1.0
2183,97,5.9485,1.5704,10.0,1.0
2185,65,5.9385,1.6944,10.0,1.0
2186,23,6.1304,1.9142,10.0,1.0
2187,22,6.3636,1.9651,10.0,1.0
2188,136,6.6691,1.7724,10.0,1.0
2189,25,6.52,1.8511,10.0,1.0
2190,10,5.1,2.1318,8.0,1.0
2191,55,6.3091,2.1506,10.0,1.0
2193,57,7.7368,1.4944,10.0,4.0
2194,68,6.8382,1.8577,10.0,2.0
2195,39,6.3333,1.4018,10.0,2.0
2196,47,6.617,1.6226,10.0,2.0
2198,755,7.7894,1.3827,10.0,2.0
2199,79,7.2405,1.3513,10.0,3.0
2200,31,6.9032,1.6198,10.0,4.0
2201,1428,7.0854,1.6476,10.0,1.0
2202,129,7.7907,1.5943,10.0,2.0
2203,53,7.5283,1.4359,10.0,4.0
2204,118,7.9237,1.2414,10.0,4.0
2205,504,7.0218,1.5425,10.0,2.0
2206,68,7.1176,1.6619,10.0,2.0
2207,63,7.1429,1.74,10.0,3.0
2208,16,6.4375,1.6721,9.0,3.0
2209,53,5.6415,1.7769,10.0,1.0
2210,553,6.9494,1.8041,10.0,1.0
2211,84,6.9643,1.6165,10.0,4.0
2212,120,7.2917,1.6056,10.0,2.0
2213,268,7.8955,1.3311,10.0,4.0
2214,159,7.7547,1.4614,10.0,1.0
2215,122,7.3361,1.4061,10.0,2.0
2216,1152,7.5911,1.5748,10.0,1.0
2217,310,6.9323,1.3766,10.0,1.0
2218,195,5.6615,1.9996,10.0,1.0
2219,67,5.7164,2.1519,10.0,1.0
2220,138,5.8188,1.6444,10.0,1.0
2221,96,6.9479,1.7313,10.0,1.0
2222,113,7.3894,1.4726,10.0,1.0
2223,30,7.2333,1.7157,10.0,2.0
2224,40,6.65,1.6726,10.0,3.0
2225,427,7.3044,1.6717,10.0,1.0
2226,9,6.6667,1.9365,9.0,3.0
2227,86,8.0465,1.5561,10.0,3.0
2228,94,7.5426,1.5635,10.0,3.0
2229,286,7.9126,1.3203,10.0,3.0
2230,48,7.125,1.6062,10.0,5.0
2231,17,7.2941,1.6869,10.0,4.0
2232,4,5.0,3.3665,9.0,1.0
2233,15,6.8,1.2071,10.0,5.0
2234,28,6.8214,1.7225,10.0,1.0
2235,697,7.2826,1.4078,10.0,1.0
2236,11172,8.5655,1.1556,10.0,1.0
2237,578,6.7647,1.7613,10.0,1.0
2238,462,7.9264,1.6982,10.0,1.0
2239,5,5.0,2.3452,7.0,1.0
2240,8,4.125,1.5526,6.0,1.0
2243,15,6.8,1.6125,10.0,4.0
2244,7,7.0,1.5275,9.0,5.0
2245,43,6.1628,1.8889,10.0,1.0
2246,1627,8.5716,1.281,10.0,1.0
2248,2441,6.9951,1.9128,10.0,1.0
2249,100,5.76,1.3493,8.0,1.0
2250,42,4.5952,2.253,10.0,1.0
2251,9710,8.6607,1.1884,10.0,1.0
2252,86,6.8023,1.693,10.0,3.0
2253,126,7.6111,1.5999,10.0,1.0
2254,12,7.4167,1.6214,10.0,5.0
2255,23,6.913,1.4744,9.0,4.0
2256,18,6.6667,1.645,9.0,3.0
2257,12,6.9167,1.0836,9.0,5.0
2258,8,4.0,1.3093,5.0,2.0
2259,27,7.3704,1.4715,10.0,4.0
2260,32,6.6875,1.5541,10.0,4.0
2261,55,5.8,1.8196,10.0,2.0
2262,168,5.3869,1.9543,10.0,1.0
2263,348,6.9511,1.7903,10.0,1.0
2264,71,7.2113,1.3514,10.0,4.0
2265,328,8.0732,1.5268,10.0,1.0
2266,31,6.2258,1.707,10.0,1.0
2267,206,6.767,1.6569,10.0,1.0
2268,276,7.7935,1.5808,10.0,4.0
2269,220,7.7045,1.5931,10.0,3.0
2272,17,6.5882,1.4603,9.0,4.0
2273,1621,7.9877,1.4861,10.0,1.0
2274,622,7.299,1.5668,10.0,2.0
2275,65,6.7538,1.6011,10.0,1.0
2276,53,6.7358,1.7883,10.0,1.0
2277,52,6.8462,1.4469,10.0,4.0
2278,36,5.75,1.73,10.0,2.0
2279,93,7.0538,1.6109,10.0,2.0
2280,8,7.875,0.991,9.0,7.0
2281,239,6.6695,1.5515,10.0,1.0
2282,3,6.0,1.0,7.0,5.0
2283,36,7.6111,1.3581,10.0,3.0
2284,113,6.8673,1.6556,10.0,1.0
2285,117,6.0513,2.0504,10.0,1.0
2286,214,7.6495,1.7317,10.0,1.0
2287,64,6.1094,1.4813,10.0,2.0
2288,108,6.8333,1.5973,10.0,1.0
2289,41,6.6829,1.795,10.0,4.0
2290,175,7.1029,1.5869,10.0,2.0
2291,80,6.6,1.3834,10.0,3.0
2292,40,6.125,1.7422,10.0,3.0
2293,121,6.5785,1.6721,10.0,1.0
2294,237,7.7131,1.5301,10.0,3.0
2298,384,7.3203,1.536,10.0,1.0
2299,36,6.7222,1.632,10.0,2.0
2300,65,7.0154,1.7365,10.0,2.0
2301,37,6.1622,1.7875,10.0,2.0
2302,68,6.6176,1.6302,10.0,1.0
2303,49,6.4082,1.632,10.0,1.0
2304,38,5.9211,1.6827,10.0,1.0
2305,40,5.925,1.94,10.0,1.0
2306,50,6.62,1.8724,10.0,1.0
2307,64,6.7969,1.6636,10.0,1.0
2308,18,5.5556,2.1481,10.0,2.0
2309,79,6.4304,1.4909,10.0,1.0
2310,12,5.4167,1.8809,8.0,3.0
2311,10,5.8,2.2998,9.0,3.0
2312,48,6.9375,1.4933,10.0,3.0
2313,226,7.7832,1.6524,10.0,1.0
2314,1,6.0,0.0,6.0,6.0
2315,53,5.566,1.7487,10.0,1.0
2316,10,7.7,1.6364,10.0,6.0
2317,92,5.2826,1.883,10.0,1.0
2318,16,3.5,1.2111,6.0,2.0
2319,89,6.6966,1.4175,10.0,2.0
2321,224,8.0089,1.5211,10.0,1.0
2322,60,6.4833,1.3715,10.0,3.0
2324,175,6.6857,1.8963,10.0,1.0
2325,127,6.7953,2.0053,10.0,2.0
2326,23,6.3043,1.82,10.0,2.0
2327,51,5.8431,1.7592,9.0,1.0
2328,42,6.1905,1.8111,9.0,1.0
2329,22,6.0,2.1157,9.0,1.0
2330,240,7.725,1.3871,10.0,4.0
2331,69,7.3768,1.5914,10.0,3.0
2332,281,6.4804,1.5768,10.0,1.0
2333,57,7.5263,1.6914,10.0,4.0
2334,24,6.6667,1.5511,10.0,4.0
2335,222,7.1396,1.3862,10.0,3.0
2336,333,7.4655,1.5218,10.0,1.0
2337,23,8.1304,1.2175,10.0,5.0
2338,20,5.6,2.1374,10.0,1.0
2339,10,5.8,2.1499,9.0,1.0
2340,19,6.3158,1.8575,9.0,1.0
2341,107,6.2056,2.05,10.0,1.0
2342,22,5.6818,1.7289,9.0,1.0
2343,67,6.0597,1.7997,10.0,1.0
2344,36,5.9167,1.7788,9.0,1.0
2345,28,5.5357,1.9904,10.0,1.0
2346,209,5.9139,2.0899,10.0,1.0
2348,32,5.875,2.1515,10.0,1.0
2349,138,5.7464,2.4586,10.0,1.0
2350,33,5.8485,2.1812,10.0,1.0
2351,59,6.1186,2.1342,10.0,1.0
2352,145,6.7379,1.9826,10.0,1.0
2353,75,7.0267,1.7932,10.0,2.0
2354,294,7.0816,1.6524,10.0,1.0
2355,251,7.1873,1.6422,10.0,1.0
2356,280,6.9679,1.7727,10.0,1.0
2357,80,5.975,2.2274,10.0,1.0
2359,128,6.3906,2.0244,10.0,1.0
2360,63,6.1111,1.6374,10.0,1.0
2361,130,7.3385,1.5924,10.0,3.0
2362,9,5.4444,2.0069,9.0,2.0
2363,636,7.0425,1.6158,10.0,1.0
2364,71,5.6479,2.0291,10.0,1.0
2365,22,5.9091,1.7704,10.0,1.0
2366,1,7.0,0.0,7.0,7.0
2367,471,6.828,1.7204,10.0,1.0
2368,32,5.8125,1.8912,10.0,1.0
2369,1075,7.3302,1.3398,10.0,1.0
2370,72,6.4306,2.1152,10.0,1.0
2371,85,6.4824,1.8362,10.0,1.0
2372,258,7.2016,1.8309,10.0,1.0
2373,36,5.9722,2.2864,10.0,1.0
2374,30,6.3333,2.0567,10.0,1.0
2375,29,6.4483,1.882,10.0,1.0
2376,20,6.65,2.059,10.0,3.0
2377,39,6.9231,1.8832,10.0,1.0
2378,36,6.8333,1.7485,10.0,1.0
2379,31,5.9032,1.7389,9.0,1.0
2380,24,6.1667,1.7362,10.0,1.0
2382,5,6.2,1.4832,8.0,4.0
2383,115,7.4,1.7612,10.0,2.0
2384,48,5.75,1.7924,9.0,2.0
2385,1123,7.4728,1.7243,10.0,1.0
2386,1196,7.4933,1.6341,10.0,1.0
2387,58,7.0517,1.2763,10.0,4.0
2388,2,5.5,0.7071,6.0,5.0
2389,113,7.3628,1.5357,10.0,3.0
2390,230,6.7957,1.7174,10.0,1.0
2391,140,5.6143,2.1208,10.0,1.0
2392,76,7.6579,1.6856,10.0,1.0
2393,65,7.4769,1.5422,10.0,3.0
2394,79,6.9747,1.7901,10.0,1.0
2395,31,5.5806,1.9455,10.0,1.0
2396,146,7.089,1.7692,10.0,1.0
2397,1674,7.8746,1.3764,10.0,1.0
2398,1410,7.4986,1.4372,10.0,1.0
2399,38,7.3947,1.6364,10.0,4.0
2400,116,7.3966,1.3047,10.0,3.0
2402,134,8.2687,1.3774,10.0,4.0
2403,2290,7.3489,1.6266,10.0,1.0
2404,3441,7.2679,1.5274,10.0,1.0
2405,57,8.1754,1.7021,10.0,1.0
2407,128,7.7344,1.2642,10.0,5.0
2408,97,7.8247,1.377,10.0,2.0
2409,276,7.7754,1.3592,10.0,3.0
2410,64,6.875,1.5786,10.0,3.0
2411,227,6.8326,1.9594,10.0,1.0
2412,77,5.8312,2.0026,10.0,1.0
2413,201,6.8955,1.7703,10.0,1.0
2414,40,6.3,1.8145,10.0,2.0
2415,66,6.8485,1.4277,10.0,4.0
2416,28,7.5714,1.0338,10.0,6.0
2417,425,6.9506,1.5974,10.0,1.0
2418,4461,8.4786,1.1503,10.0,1.0
2419,57,7.0,1.6583,10.0,1.0
2420,49,7.1837,1.2529,10.0,5.0
2421,17,5.7059,1.7235,8.0,2.0
2422,21,6.8571,1.4243,10.0,5.0
2423,30,6.2667,1.7207,9.0,2.0
2424,724,7.6492,1.4341,10.0,2.0
2427,64,7.4219,1.5917,10.0,4.0
2428,32,6.3125,1.4906,9.0,3.0
2429,42,7.3333,1.9959,10.0,1.0
2430,31,6.2903,1.7925,10.0,1.0
2431,55,6.4727,1.62,10.0,1.0
2432,538,7.0836,1.693,10.0,1.0
2433,129,7.093,1.725,10.0,1.0
2434,28,6.4286,1.709,10.0,1.0
2435,39,6.7436,1.4639,10.0,3.0
2436,130,6.3462,1.5437,10.0,1.0
2437,50,6.48,1.8432,10.0,1.0
2438,121,6.686,1.6635,10.0,2.0
2439,38,6.3947,2.0994,10.0,1.0
2440,34,6.0588,1.8577,9.0,1.0
2441,123,6.9919,1.5655,10.0,1.0
2442,54,7.0926,1.906,10.0,1.0
2443,9,5.2222,2.5386,8.0,1.0
2444,36,5.5833,2.383,9.0,1.0
2445,128,6.9688,1.7877,10.0,1.0
2446,95,7.1368,1.9053,10.0,1.0
2447,87,6.2184,1.9495,10.0,1.0
2448,480,8.1292,1.3368,10.0,1.0
2449,642,8.1713,1.2696,10.0,1.0
2450,87,7.9655,1.6875,10.0,3.0
2451,143,7.8322,1.429,10.0,3.0
2452,111,7.3694,1.3878,10.0,3.0
2453,29,5.6207,1.6128,8.0,2.0
2454,154,7.8117,1.2924,10.0,4.0
2455,27,5.5926,1.7815,8.0,1.0
2456,33,6.8485,1.5025,10.0,4.0
2457,33,7.3939,1.731,10.0,4.0
2458,116,7.6466,1.2667,10.0,4.0
2459,67,7.2687,1.5529,10.0,3.0
2460,104,7.4038,1.7544,10.0,2.0
2461,60,6.3,1.3692,9.0,3.0
2462,106,5.6604,1.8304,10.0,1.0
2463,4,7.0,1.8257,9.0,5.0
2464,26,6.7692,1.5826,10.0,4.0
2465,7,5.5714,1.5119,7.0,3.0
2466,15,7.2,1.4736,9.0,5.0
2467,25,7.0,1.3844,10.0,4.0
2468,44,6.2045,1.3221,9.0,3.0
2469,41,6.4634,1.8721,10.0,1.0
2470,55,7.1091,1.663,10.0,3.0
2471,262,7.7748,1.6397,10.0,2.0
2472,5137,7.5458,1.5019,10.0,1.0
2473,48,6.4792,1.663,10.0,3.0
2474,37,6.5135,1.8948,10.0,2.0
2475,42,4.8333,1.9744,10.0,1.0
2476,10484,6.4864,2.3544,10.0,1.0
2479,50,5.62,1.8504,10.0,1.0
2480,17,5.2353,2.0165,9.0,1.0
2482,21,5.8095,1.504,9.0,2.0
2483,57,6.386,2.0067,10.0,1.0
2484,28,7.7143,1.6297,10.0,4.0
2485,30,6.4333,2.0625,10.0,3.0
2486,75,7.7333,1.2556,10.0,4.0
2487,25,6.84,1.599,10.0,3.0
2488,135,7.6815,1.3585,10.0,3.0
2489,68,7.3824,1.877,10.0,1.0
2490,994,7.3692,1.6712,10.0,1.0
2491,26,7.2308,1.4507,10.0,5.0
2492,27,7.2222,1.3107,10.0,5.0
2493,26,7.2692,1.1852,9.0,6.0
2494,2709,7.1381,1.572,10.0,1.0
2495,74,7.0541,1.5518,10.0,3.0
2497,85,6.8824,1.4344,10.0,3.0
2498,312,7.7949,1.3114,10.0,5.0
2499,302,7.9404,1.2977,10.0,5.0
2500,145,7.6483,1.3099,10.0,1.0
2501,17,7.7059,1.7946,10.0,5.0
2503,1,5.0,0.0,5.0,5.0
2505,106,6.7642,1.6068,10.0,1.0
2506,56,6.5179,1.9908,10.0,1.0
2507,74,6.1216,1.6382,10.0,2.0
2508,2475,7.9725,1.1692,10.0,3.0
2510,17,6.4706,1.6247,10.0,4.0
2511,26,7.4615,1.5028,10.0,5.0
2512,336,7.497,1.4517,10.0,2.0
2513,329,7.3526,1.5452,10.0,3.0
2514,348,7.7126,1.4196,10.0,3.0
2515,295,7.4508,1.4131,10.0,2.0
2516,86,6.1744,1.6102,10.0,1.0
2517,101,7.396,1.5302,10.0,2.0
2518,34,7.7647,1.5581,10.0,5.0
2520,585,6.9128,1.8219,10.0,1.0
2521,29,5.2759,1.9253,8.0,1.0
2522,33,5.7879,1.3171,8.0,3.0
2523,185,6.773,1.5008,10.0,2.0
2524,113,5.9115,1.6613,10.0,2.0
2525,76,6.0526,1.9106,10.0,1.0
2526,50,6.76,1.4078,10.0,4.0
2527,57,6.3333,1.492,10.0,3.0
2528,29,6.0,1.9086,10.0,1.0
2529,26,5.3846,1.5768,8.0,1.0
2530,88,6.3636,2.0854,10.0,1.0
2531,119,6.958,1.6072,10.0,3.0
2532,52,6.25,1.7475,10.0,2.0
2533,74,6.8108,1.6105,10.0,1.0
2534,97,6.6495,1.521,10.0,2.0
2535,31,6.4516,1.65,10.0,3.0
2536,47,6.1915,1.7893,10.0,1.0
2537,10,6.1,1.8529,10.0,3.0
2538,14,5.6429,1.2157,8.0,4.0
2539,176,6.8864,1.8666,10.0,1.0
2540,49,6.2857,1.8257,10.0,1.0
2541,14,5.3571,2.2398,8.0,1.0
2542,141,7.5603,1.5963,10.0,4.0
2543,181,7.3481,1.3603,10.0,2.0
2544,52,7.6154,1.3453,10.0,4.0
2545,34,6.5882,1.6165,10.0,3.0
2546,47,7.1702,1.8216,10.0,3.0
2547,264,7.8636,1.437,10.0,2.0
2548,109,7.6697,1.5279,10.0,4.0
2549,16,7.625,1.2042,9.0,5.0
2550,61,6.6557,1.5693,10.0,4.0
2551,32,5.3125,1.7121,9.0,1.0
2552,9,6.7778,2.3863,10.0,2.0
2553,46,7.8043,1.6947,10.0,4.0
2554,59,7.2712,1.4836,10.0,4.0
2555,40,7.875,1.8001,10.0,1.0
2556,61,6.8033,1.3762,10.0,4.0
2557,89,7.7416,1.386,10.0,3.0
2558,90,8.1778,1.4267,10.0,5.0
2559,308,8.4286,1.3547,10.0,2.0
2560,142,6.6268,1.5094,10.0,1.0
2561,60,7.15,1.7254,10.0,1.0
2562,493,7.86,1.3565,10.0,1.0
2563,632,8.1915,1.3546,10.0,1.0
2564,432,6.7338,1.4865,10.0,1.0
2565,25,6.84,1.5188,10.0,5.0
2566,2,6.5,3.5355,9.0,4.0
2567,41,5.8537,1.4415,8.0,2.0
2568,3,5.0,1.0,6.0,4.0
2569,149,7.047,1.472,10.0,2.0
2570,45,7.2444,2.0797,10.0,1.0
2571,210,6.6429,1.8173,10.0,1.0
2572,56,6.7857,1.4859,10.0,3.0
2573,13,7.4615,1.6641,10.0,5.0
2574,33,6.0,1.7139,10.0,2.0
2575,14,6.1429,1.6104,10.0,3.0
2576,17,6.8235,1.6672,10.0,5.0
2577,85,7.2824,1.6374,10.0,2.0
2578,35,6.8571,1.5367,10.0,3.0
2579,108,6.8796,1.76,10.0,1.0
2580,424,6.9269,1.6292,10.0,1.0
2581,4393,8.3758,1.252,10.0,1.0
2582,141,7.9291,1.2401,10.0,1.0
2583,60,7.4,1.0284,10.0,5.0
2584,49,6.898,1.2118,9.0,4.0
2585,58,7.5,1.246,10.0,2.0
2586,43,7.186,1.2394,9.0,4.0
2588,38,5.7895,1.8911,9.0,1.0
2589,576,7.4097,1.4881,10.0,2.0
2590,106,6.6321,1.6638,10.0,1.0
2591,76,5.9342,2.1623,10.0,1.0
2592,120,5.2083,2.037,10.0,1.0
2593,5905,7.9343,1.309,10.0,1.0
2594,676,7.9393,1.3202,10.0,1.0
2595,915,7.212,1.4736,10.0,1.0
2596,1715,7.8017,1.3271,10.0,1.0
2597,285,7.5158,1.383,10.0,3.0
2598,23,7.0,1.8091,10.0,3.0
2599,4,6.25,2.2174,9.0,4.0
2600,4,7.0,1.633,9.0,5.0
2601,10,7.1,1.5239,10.0,5.0
2602,1029,7.4052,1.3787,10.0,1.0
2603,366,6.8989,1.5164,10.0,1.0
2604,526,7.2757,1.4389,10.0,2.0
2605,5108,8.1807,1.2678,10.0,1.0
2606,322,6.7267,1.7878,10.0,1.0
2607,51,6.0392,2.0972,10.0,1.0
2608,277,7.6606,1.4271,10.0,1.0
2609,16,7.0625,1.2894,9.0,5.0
2610,15,5.7333,1.6242,7.0,1.0
2611,170,7.1882,1.6426,10.0,2.0
2612,34,6.6471,1.7387,10.0,1.0
2613,15,7.4667,2.0307,10.0,2.0
2614,9,6.4444,1.8782,9.0,3.0
2615,412,7.0267,1.7007,10.0,1.0
2616,73,6.1233,1.6828,10.0,1.0
2617,80,6.8125,1.8008,10.0,1.0
2618,132,8.0985,1.3471,10.0,4.0
2619,93,6.7849,1.7498,10.0,1.0
2620,64,7.0781,1.5255,10.0,4.0
2621,54,6.6667,1.8223,10.0,2.0
2622,67,5.7313,1.6104,9.0,1.0
2623,134,8.0746,1.5249,10.0,2.0
2624,17,7.8824,1.4527,10.0,6.0
2625,11,7.2727,1.7373,9.0,4.0
2626,10,7.4,1.6465,10.0,5.0
2627,2,4.0,0.0,4.0,4.0
2628,6,7.0,2.3664,9.0,4.0
2629,6,6.1667,2.0412,9.0,3.0
2630,14,6.5714,2.0649,10.0,2.0
2631,8,7.125,1.5526,9.0,5.0
2632,6,7.1667,1.8348,9.0,5.0
2633,6,7.0,2.0976,9.0,4.0
2634,8,7.625,2.6152,10.0,3.0
2635,1,5.0,0.0,5.0,5.0
2636,1,5.0,0.0,5.0,5.0
2637,2,5.0,0.0,5.0,5.0
2638,3,4.6667,0.5774,5.0,4.0
2639,1,4.0,0.0,4.0,4.0
2640,4,5.0,1.4142,6.0,3.0
2641,3,5.6667,1.1547,7.0,5.0
2644,3,5.3333,3.5119,9.0,2.0
2645,10,6.9,2.1318,10.0,4.0
2646,8,6.125,1.8851,9.0,3.0
2647,1,5.0,0.0,5.0,5.0
2648,35,7.8,1.41,10.0,4.0
2649,16,7.5625,1.5478,10.0,4.0
2650,8,6.875,1.8077,10.0,5.0
2651,11,7.3636,1.9117,10.0,5.0
2652,12,7.4167,0.9962,9.0,6.0
2653,8,6.5,2.0702,10.0,4.0
2654,32,7.375,1.8965,10.0,1.0
2655,71,7.2958,1.3352,10.0,1.0
2656,35,7.8571,1.5931,10.0,4.0
2657,29,6.931,1.5796,10.0,3.0
2658,32,7.5312,1.2439,10.0,5.0
2659,33,6.9697,1.7227,10.0,2.0
2660,23,7.6522,1.1912,9.0,5.0
2661,63,7.4603,1.4008,10.0,2.0
2662,18,7.3889,1.3779,10.0,5.0
2664,30,7.3667,1.129,10.0,5.0
2665,27,7.5926,1.4744,10.0,4.0
2666,22,7.3636,1.891,10.0,1.0
2667,24,7.4167,1.2825,10.0,5.0
2668,25,6.92,1.5524,10.0,4.0
2669,19,7.1579,1.5371,10.0,3.0
2670,55,7.3091,1.4891,10.0,2.0
2671,20,7.7,1.8946,10.0,2.0
2672,39,7.641,1.1353,10.0,5.0
2673,40,7.85,1.406,10.0,5.0
2674,13,7.2308,1.3009,10.0,5.0
2675,28,7.1786,1.467,10.0,4.0
2676,25,7.48,1.9816,10.0,2.0
2677,44,7.4773,1.6494,10.0,2.0
2678,22,6.7727,1.1925,9.0,4.0
2679,10,6.4,1.5776,8.0,4.0
2680,812,7.7562,1.622,10.0,2.0
2681,44,6.8864,1.7943,10.0,1.0
2682,41,7.0,1.5,10.0,3.0
2683,766,7.5091,1.4612,10.0,1.0
2684,197,7.1827,1.4418,10.0,1.0
2685,2418,8.5624,1.2655,10.0,1.0
2686,22,6.5909,1.9435,10.0,2.0
2687,1,5.0,0.0,5.0,5.0
2688,23,7.2609,2.3591,10.0,3.0
2689,9,7.2222,1.6415,10.0,5.0
2690,15,5.8,1.6125,8.0,3.0
2691,1,6.0,0.0,6.0,6.0
2692,28,7.0357,1.5512,10.0,3.0
2693,21,6.9524,1.8296,10.0,4.0
2694,3,6.0,2.6458,8.0,3.0
2695,149,6.953,1.6859,10.0,1.0
2696,25,6.52,1.2623,8.0,3.0
2697,1,6.0,0.0,6.0,6.0
2698,30,7.0,1.64,10.0,2.0
2699,26,6.7308,1.888,10.0,2.0
2700,15,5.8,1.7403,9.0,2.0
2701,1,9.0,0.0,9.0,9.0
2702,15,7.1333,2.0307,10.0,3.0
2703,61,7.0492,1.4992,10.0,4.0
2704,43,7.186,1.7218,10.0,3.0
2705,158,6.8228,1.5206,10.0,3.0
2706,90,6.8,1.6773,10.0,3.0
2707,5,7.6,1.5166,10.0,6.0
2709,55,6.5273,1.6427,10.0,2.0
2712,1,5.0,0.0,5.0,5.0
2713,78,7.1538,1.6755,10.0,1.0
2714,14,6.2857,1.326,8.0,4.0
2715,35,7.4,1.5755,10.0,2.0
2716,29,8.069,1.361,10.0,6.0
2717,35,7.1714,1.4849,10.0,1.0
2718,17,6.4706,1.5049,9.0,3.0
2719,36,5.3611,2.4042,10.0,1.0
2721,15,5.6,2.1314,9.0,1.0
2722,46,7.3478,1.1199,10.0,5.0
2723,17,7.0,1.5,10.0,4.0
2724,202,7.8911,1.6171,10.0,2.0
2725,232,7.1336,1.4813,10.0,2.0
2726,42,6.7381,1.0136,9.0,5.0
2727,45,6.0889,1.4897,9.0,1.0
2728,76,7.4079,1.1452,10.0,4.0
2729,104,7.0192,1.8327,10.0,2.0
2730,104,5.4038,1.9683,10.0,1.0
2731,4,6.25,0.9574,7.0,5.0
2732,8,7.625,1.5059,10.0,5.0
2733,45,6.9778,1.2701,10.0,4.0
2734,89,7.3708,1.5254,10.0,4.0
2736,63,7.3492,1.5674,10.0,3.0
2737,5,5.8,2.8636,8.0,1.0
2738,2,7.0,0.0,7.0,7.0
2739,3,5.0,1.0,6.0,4.0
2740,7,7.7143,0.488,8.0,7.0
2741,4,7.75,0.5,8.0,7.0
2743,190,7.7263,1.6647,10.0,1.0
2744,353,7.6742,1.4218,10.0,3.0
2745,26,7.6923,1.5171,10.0,4.0
2746,822,7.1095,1.5779,10.0,1.0
2747,101,7.297,1.6096,10.0,3.0
2748,115,7.3478,1.4083,10.0,4.0
2749,9,7.5556,1.5899,10.0,5.0
2750,1,8.0,0.0,8.0,8.0
2751,144,7.2361,1.4483,10.0,3.0
2752,877,8.1995,1.3294,10.0,3.0
2753,65,8.1231,1.3522,10.0,5.0
2754,36,6.25,1.6102,10.0,3.0
2755,28,6.2857,1.863,10.0,2.0
2756,358,7.5251,1.5658,10.0,2.0
2757,16,7.5,1.4606,10.0,5.0
2758,2,6.5,0.7071,7.0,6.0
2759,7537,8.3105,1.3088,10.0,1.0
2760,37,6.8919,1.3496,10.0,4.0
2761,66,7.7424,1.834,10.0,1.0
2762,172,8.4244,1.3765,10.0,5.0
2765,18,5.6111,1.0369,8.0,4.0
2766,53,6.8491,1.5738,10.0,2.0
2767,31,6.129,1.7077,10.0,1.0
2768,711,7.9522,1.4967,10.0,2.0
2769,4,8.25,0.5,9.0,8.0
2770,38,6.3684,1.601,10.0,2.0
2772,424,7.0943,1.5576,10.0,1.0
2775,255,6.4431,2.0166,10.0,1.0
2776,16,4.1875,2.3443,7.0,1.0
2777,10,3.7,2.2136,7.0,1.0
2778,9,4.2222,2.3333,7.0,1.0
2779,53,5.3585,2.02,9.0,1.0
2780,54,6.0,2.0374,10.0,2.0
2781,30,6.1,1.8261,10.0,2.0
2782,155,5.871,1.7607,10.0,1.0
2783,15,7.2667,1.831,10.0,4.0
2784,253,7.0198,1.4946,10.0,2.0
2785,5,7.4,1.5166,10.0,6.0
2786,27,7.037,1.8077,10.0,3.0
2787,7181,7.9475,1.3908,10.0,1.0
2788,51,6.1765,1.7967,10.0,1.0
2789,214,6.2523,1.8365,10.0,1.0
2790,29,6.1034,1.8583,10.0,2.0
2791,31,6.129,1.6481,10.0,2.0
2792,29,3.069,2.1032,8.0,1.0
2793,50,7.12,1.5732,10.0,3.0
2794,12,5.4167,1.6765,7.0,1.0
2795,1408,7.0987,1.6328,10.0,1.0
2796,91,5.7473,2.4248,10.0,1.0
2797,68,7.2059,1.8492,10.0,1.0
2798,544,7.4632,1.7877,10.0,1.0
2799,117,7.2222,1.6615,10.0,2.0
2800,400,7.56,1.7011,10.0,1.0
2801,34,6.8235,1.9144,10.0,2.0
2802,38,6.7105,1.6911,10.0,2.0
2803,31,7.3548,1.799,10.0,3.0
2804,13,7.1538,1.3445,10.0,5.0
2805,16,8.3125,1.0782,10.0,7.0
2806,1,3.0,0.0,3.0,3.0
2808,244,7.5861,1.5197,10.0,3.0
2809,2,9.0,1.4142,10.0,8.0
2810,87,7.1034,1.5997,10.0,3.0
2811,129,7.062,1.8614,10.0,1.0
2813,144,7.5208,1.7339,10.0,1.0
2814,16,6.75,1.1255,9.0,4.0
2815,38,7.6053,1.4619,10.0,5.0
2816,176,7.233,1.6379,10.0,3.0
2817,137,7.4964,1.4304,10.0,3.0
2818,13,7.5385,1.2659,9.0,4.0
2819,35,7.4857,1.4627,10.0,3.0
2820,33,7.7879,1.7457,10.0,2.0
2821,30,5.1333,1.5025,9.0,3.0
2822,6,7.8333,1.7224,10.0,6.0
2823,41,6.0,1.8028,10.0,1.0
2824,15,6.0667,1.831,9.0,2.0
2825,102,7.5392,1.6511,10.0,1.0
2826,46,6.8478,1.8615,10.0,2.0
2827,108,6.4259,1.542,10.0,2.0
2828,83,7.8675,1.4631,10.0,4.0
2829,212,8.2217,1.364,10.0,5.0
2830,10,6.3,1.567,9.0,5.0
2831,11,6.5455,2.2962,9.0,1.0
2832,461,7.256,1.4415,10.0,2.0
2833,14,6.7857,1.5777,9.0,4.0
2834,39,7.5385,1.3347,10.0,5.0
2835,13,7.9231,1.4979,10.0,6.0
2836,40,6.65,1.6416,10.0,2.0
2837,18,6.1667,1.2948,8.0,3.0
2838,12,5.25,1.9598,7.0,1.0
2839,18,6.1667,1.0981,8.0,4.0
2840,34,6.9412,1.3694,9.0,4.0
2841,218,6.8394,2.0131,10.0,1.0
2842,328,6.6921,1.7643,10.0,1.0
2847,1565,7.4173,1.5386,10.0,1.0
2848,228,7.6623,1.3488,10.0,1.0
2851,35,6.5429,1.5782,10.0,4.0
2852,174,6.8908,1.8325,10.0,1.0
2858,92,6.3804,1.7087,10.0,1.0
2859,44,6.5909,1.8717,10.0,2.0
2861,39,7.1026,1.6511,10.0,3.0
2862,67,5.5075,2.4825,10.0,1.0
2863,66,6.0455,1.6773,10.0,1.0
2864,24,4.8333,1.9262,8.0,1.0
2866,231,7.1645,1.5711,10.0,2.0
2867,207,7.0725,1.715,10.0,1.0
2868,92,6.587,1.9843,10.0,1.0
2869,89,6.2135,2.1871,10.0,1.0
2870,111,6.5315,2.0486,10.0,1.0
2871,177,6.565,2.0078,10.0,1.0
2872,38,6.0263,1.6683,9.0,1.0
2873,410,7.0585,1.8897,10.0,1.0
2874,18,5.6111,1.0922,7.0,3.0
2875,73,6.6575,1.6851,10.0,2.0
2876,6,6.1667,1.7224,8.0,4.0
2881,19,7.3158,1.7337,10.0,2.0
2882,24,6.0,1.3188,9.0,3.0
2883,85,6.6588,2.0962,10.0,1.0
2884,192,6.9062,1.9474,10.0,1.0
2885,13,6.5385,1.898,10.0,3.0
2889,6691,7.7145,1.4913,10.0,1.0
2890,5552,8.0429,1.3995,10.0,1.0
2891,317,7.3375,1.7797,10.0,1.0
2892,19,6.1053,1.9406,9.0,2.0
2894,39,5.7179,1.9324,10.0,1.0
2895,10,7.1,1.2867,10.0,5.0
2896,196,6.6327,1.7417,10.0,1.0
2897,63,5.5238,1.7307,9.0,1.0
2899,2075,7.4506,1.4345,10.0,1.0
2901,19,7.7368,0.9912,10.0,5.0
2903,71,7.6901,1.4793,10.0,2.0
2904,21124,9.0598,1.2105,10.0,1.0
2905,709,7.0367,1.7831,10.0,1.0
2906,7,6.0,1.291,8.0,4.0
2907,105,7.4476,1.4276,10.0,1.0
2910,53,6.566,1.7154,10.0,2.0
2911,110,6.9091,1.6948,10.0,3.0
2912,37,6.9459,2.0405,10.0,4.0
2913,22,7.5455,1.5954,10.0,4.0
2915,20,7.0,1.556,9.0,4.0
2916,6,7.1667,1.7224,9.0,4.0
2917,58,7.0345,1.654,10.0,4.0
2920,28,7.3571,1.2536,10.0,4.0
2921,96,8.6458,1.3763,10.0,4.0
2922,20,7.95,1.191,10.0,6.0
2923,3444,7.8508,1.4981,10.0,1.0
2924,4983,8.3335,1.3946,10.0,1.0
2926,4472,7.5863,1.5375,10.0,1.0
2927,2144,7.6236,1.4118,10.0,1.0
2928,528,7.0246,1.5601,10.0,1.0
2929,73,7.4932,1.2597,10.0,4.0
2931,99,7.3939,1.2022,10.0,4.0
2933,15,7.0667,1.4376,10.0,4.0
2934,2,6.5,0.7071,7.0,6.0
2935,30,6.3,1.4657,10.0,4.0
2936,13,5.9231,1.1152,8.0,4.0
2937,362,7.3094,1.6454,10.0,3.0
2938,35,7.2571,1.8043,10.0,2.0
2941,36,5.75,2.1564,10.0,1.0
2942,424,7.6486,1.3533,10.0,1.0
2943,70,6.4429,1.6562,10.0,2.0
2944,38,5.3158,2.0014,10.0,1.0
2945,63,6.8889,1.8414,10.0,2.0
2946,90,5.5,2.1107,10.0,1.0
2947,66,7.6515,1.4087,10.0,5.0
2948,59,7.6949,1.6002,10.0,3.0
2950,432,7.2662,1.5507,10.0,1.0
2951,1299,8.1932,1.3359,10.0,2.0
2952,3487,8.3163,1.4885,10.0,1.0
2953,453,6.9558,1.7005,10.0,1.0
2954,196,7.4796,1.4622,10.0,3.0
2955,165,6.5455,1.6981,10.0,1.0
2956,14,6.0714,1.3281,9.0,4.0
2957,49,6.3673,1.8674,10.0,1.0
2958,83,6.5542,1.4588,10.0,2.0
2959,31,5.1935,1.7967,8.0,1.0
2960,106,6.9245,1.4845,10.0,3.0
2961,2963,7.6034,1.5023,10.0,1.0
2962,1113,7.2534,1.5228,10.0,1.0
2963,3613,7.9828,1.23,10.0,1.0
2964,553,7.0217,1.6083,10.0,1.0
2965,95,7.1474,1.6693,10.0,3.0
2966,10181,8.45,1.1981,10.0,1.0
2967,96,5.25,1.777,10.0,1.0
2969,1409,7.5706,1.4798,10.0,1.0
2970,940,7.0064,1.4732,10.0,1.0
2971,512,7.709,1.4603,10.0,1.0
2972,22,4.4545,2.4636,10.0,1.0
2973,80,7.2625,1.3477,10.0,5.0
2974,26,4.9615,2.1257,8.0,1.0
2977,33,5.3636,2.0436,10.0,1.0
2978,120,7.4917,1.4894,10.0,1.0
2979,34,5.7647,1.8596,9.0,1.0
2980,6,6.8333,1.169,8.0,5.0
2981,213,6.5915,2.1778,10.0,1.0
2982,118,6.6017,1.7004,10.0,1.0
2983,91,5.5604,1.7777,9.0,1.0
2985,1273,7.9002,1.3489,10.0,1.0
2986,2112,7.6212,1.2394,10.0,1.0
2987,18,6.6667,1.372,10.0,4.0
2988,118,6.9407,2.089,10.0,1.0
2989,52,6.0385,1.7259,9.0,1.0
2990,16,4.5,2.0976,8.0,1.0
2991,48,5.2708,1.9323,10.0,1.0
2993,11399,7.3813,1.6453,10.0,1.0
2994,3006,7.9584,1.4992,10.0,1.0
2997,45,7.4667,1.1985,10.0,4.0
2998,35,7.4286,1.119,10.0,5.0
2999,31,7.5161,0.9616,9.0,5.0
3000,104,7.3654,1.1065,10.0,5.0
3001,1392,7.8858,1.1155,10.0,3.0
3002,2653,8.3954,1.2663,10.0,1.0
3003,70,6.5857,1.3459,10.0,3.0
3004,88,6.2841,2.0395,10.0,1.0
3005,111,6.7748,1.6275,10.0,2.0
3006,14,7.6429,1.3927,10.0,5.0
3007,105,6.4286,2.0887,10.0,1.0
3008,126,6.6508,1.7587,10.0,1.0
3009,142,7.5211,1.3669,10.0,5.0
3010,223,7.278,1.6313,10.0,2.0
3011,393,6.6387,1.8272,10.0,1.0
3012,109,6.9358,1.6957,10.0,2.0
3014,489,8.227,1.1123,10.0,2.0
3015,161,6.677,1.634,10.0,3.0
3016,316,8.3576,1.0847,10.0,4.0
3019,78,7.2436,1.2503,10.0,4.0
3020,2,7.5,0.7071,8.0,7.0
3021,8,6.625,0.9161,8.0,5.0
3022,8,7.125,1.4577,9.0,5.0
3023,6,7.1667,1.169,9.0,6.0
3024,34,6.7059,1.75,10.0,1.0
3025,11,5.2727,1.5551,7.0,3.0
3026,26,5.4615,1.5292,10.0,2.0
3027,113,7.469,1.2892,10.0,4.0
3028,14,7.5714,1.4525,10.0,5.0
3031,498,7.1406,1.5397,10.0,1.0
3032,508,7.2598,1.4237,10.0,3.0
3033,608,7.2911,1.4766,10.0,1.0
3034,52,6.3269,2.0553,10.0,1.0
3035,14,6.3571,1.7805,10.0,3.0
3036,23,7.3043,1.1846,10.0,5.0
3037,32,7.1562,1.3704,10.0,3.0
3038,21,5.8571,2.762,9.0,1.0
3039,54,6.0,1.9033,9.0,1.0
3040,70,5.8571,1.8121,10.0,1.0
3043,84,7.7262,1.7655,10.0,1.0
3044,148,7.4324,1.371,10.0,3.0
3046,38,5.6842,1.397,8.0,2.0
3048,82,6.6098,1.8308,10.0,1.0
3050,162,6.642,1.8968,10.0,1.0
3051,53,7.4717,1.3812,10.0,4.0
3053,214,7.1402,1.4628,10.0,3.0
3054,35,6.8,1.6768,10.0,3.0
3056,22,5.9545,2.1926,8.0,1.0
3057,447,6.9508,1.9598,10.0,1.0
3058,139,6.8849,1.6685,10.0,1.0
3059,52,7.3269,1.7346,10.0,3.0
3060,56,6.3036,1.4003,10.0,3.0
3061,24,6.5417,1.7932,10.0,3.0
3062,46,6.5217,2.1054,10.0,1.0
3063,19,5.5789,2.2929,9.0,1.0
3064,10,4.5,2.1731,8.0,1.0
3065,7,6.8571,1.5736,9.0,5.0
3066,30,5.0667,2.4344,10.0,1.0
3067,37,7.2703,1.7102,10.0,1.0
3069,27,6.8148,1.7549,9.0,1.0
3070,25,5.52,1.8511,8.0,1.0
3071,26,6.9231,1.4676,9.0,2.0
3072,28,7.2857,1.8024,10.0,1.0
3074,24,6.0833,2.3204,9.0,1.0
3075,25,6.04,1.3379,9.0,3.0
3076,446,7.6211,1.5073,10.0,3.0
3077,1,6.0,0.0,6.0,6.0
3078,28,6.1429,1.4328,9.0,3.0
3079,19,7.1579,1.0679,9.0,5.0
3080,239,6.318,1.7343,10.0,1.0
3081,99,6.5657,1.579,10.0,1.0
3082,18,5.3889,1.6499,8.0,1.0
3085,669,6.9462,1.5223,10.0,1.0
3086,878,7.139,1.5352,10.0,1.0
3087,1939,7.4719,1.3737,10.0,1.0
3088,562,7.6406,1.3572,10.0,3.0
3089,1310,7.4443,1.6829,10.0,1.0
3090,816,7.8382,1.366,10.0,2.0
3091,2796,8.4245,1.179,10.0,1.0
3092,4762,8.3244,1.5317,10.0,1.0
3093,17,5.7059,1.8291,8.0,1.0
3094,15,5.6667,1.7182,9.0,2.0
3095,42,6.2143,1.4573,9.0,3.0
3098,15,7.7333,1.2799,10.0,6.0
3099,9,5.7778,1.6415,7.0,3.0
3100,14,7.0714,1.859,10.0,4.0
3101,59,5.9322,2.1485,10.0,1.0
3102,211,7.3649,1.6632,10.0,1.0
3104,3,5.3333,2.0817,7.0,3.0
3105,72,6.5694,1.7748,10.0,1.0
3107,81,6.5432,1.8031,10.0,2.0
3108,42,6.1905,1.3111,10.0,3.0
3109,21,6.4762,1.9905,10.0,1.0
3110,33,7.303,1.5907,10.0,4.0
3111,50,7.44,0.951,10.0,5.0
3112,27,4.8519,2.0325,9.0,1.0
3113,17,5.8824,1.6156,9.0,4.0
3114,3,6.0,1.0,7.0,5.0
3115,21,6.5714,1.4687,9.0,4.0
3116,30,7.0333,1.3515,9.0,4.0
3120,41,6.3902,1.7871,10.0,1.0
3121,990,7.398,1.4492,10.0,1.0
3125,39,7.8462,1.6309,10.0,2.0
3127,36,6.25,1.6102,8.0,3.0
3129,11,7.5455,1.5076,10.0,5.0
3130,8,7.5,0.9258,9.0,6.0
3131,6,6.8333,2.137,10.0,4.0
3132,17,6.5294,1.4194,9.0,3.0
3135,32,6.3125,1.5951,10.0,3.0
3136,37,7.3784,1.6047,10.0,4.0
3137,61,7.2787,1.2666,10.0,4.0
3138,103,7.301,1.3921,10.0,4.0
3140,51,5.9804,1.86,10.0,1.0
3146,13,7.1538,1.4051,10.0,5.0
3147,14,6.5714,1.6508,10.0,4.0
3151,8,6.25,2.3755,10.0,2.0
3152,1,8.0,0.0,8.0,8.0
3153,14,6.4286,1.1579,9.0,4.0
3154,39,6.5641,1.3533,9.0,3.0
3155,3,7.6667,2.0817,10.0,6.0
3157,94,6.5532,1.8527,10.0,1.0
3159,6,7.1667,1.6021,10.0,6.0
3160,41,5.1951,2.4415,10.0,1.0
3162,14,7.0714,2.0555,10.0,4.0
3164,1,8.0,0.0,8.0,8.0
3165,549,7.7395,1.2656,10.0,2.0
3166,761,6.7214,1.7079,10.0,1.0
3167,2992,8.3549,1.2286,10.0,1.0
3171,46,6.9348,1.7938,10.0,2.0
3174,590,7.2305,1.478,10.0,1.0
3175,10,6.4,1.075,8.0,5.0
3176,1,6.0,0.0,6.0,6.0
3178,8,5.75,2.0529,8.0,2.0
3180,4,6.75,0.9574,8.0,6.0
3182,17,6.7647,1.5219,9.0,4.0
3183,10,6.2,1.1353,8.0,4.0
3185,19,7.4737,1.4286,10.0,5.0
3186,65,7.4154,1.5501,10.0,5.0
3190,15,7.2,1.4736,10.0,5.0
3192,16,5.4375,2.2794,10.0,2.0
3193,40,7.175,1.4656,10.0,5.0
3194,24,7.0833,1.4421,10.0,5.0
3196,17,7.3529,1.6179,10.0,5.0
3199,70,7.5286,1.6916,10.0,4.0
3201,7,6.4286,1.1339,8.0,5.0
3202,55,6.7273,1.7475,10.0,3.0
3203,33,7.9697,1.5709,10.0,4.0
3205,15,5.4667,1.9952,8.0,2.0
3210,1076,7.408,1.6599,10.0,1.0
3211,26,5.3077,1.9549,9.0,1.0
3213,12,7.0833,1.8809,10.0,4.0
3214,5,6.6,1.9494,10.0,5.0
3215,62,6.8387,1.6908,10.0,2.0
3218,89,7.4831,1.6245,10.0,1.0
3219,211,7.4739,1.2921,10.0,4.0
3220,125,7.52,1.8166,10.0,1.0
3221,831,7.3971,1.5363,10.0,1.0
3222,68,7.6765,1.4397,10.0,4.0
3223,61,7.5574,1.5003,10.0,4.0
3225,2161,7.6252,1.3121,10.0,1.0
3226,1124,8.4066,1.1776,10.0,1.0
3227,62,7.0968,1.8351,10.0,1.0
3228,2514,8.0998,1.2566,10.0,1.0
3229,2648,7.5381,1.3703,10.0,1.0
3230,2411,7.4886,1.2852,10.0,1.0
3231,1221,7.4521,1.4132,10.0,1.0
3232,31,6.6129,1.3084,9.0,3.0
3234,98,6.5102,1.394,10.0,3.0
3235,6,6.1667,1.6021,9.0,5.0
3239,23,6.3478,1.7992,10.0,1.0
3243,1,5.0,0.0,5.0,5.0
3245,26,7.5,1.3342,10.0,5.0
3247,991,7.5298,1.5798,10.0,1.0
3248,50,6.82,1.5477,10.0,2.0
3250,76,6.2763,2.1141,10.0,1.0
3251,1,3.0,0.0,3.0,3.0
3252,12,5.5833,2.5746,10.0,1.0
3254,37,5.9459,1.8249,9.0,1.0
3256,79,7.7089,1.0272,10.0,5.0
3258,68,6.3676,1.8195,10.0,1.0
3259,12,6.3333,1.6697,9.0,3.0
3264,8,6.125,1.7269,9.0,3.0
3265,130,7.0,1.6612,10.0,2.0
3266,599,7.202,1.5073,10.0,1.0
3267,2,5.0,4.2426,8.0,2.0
3268,481,7.684,1.3919,10.0,1.0
3269,839,7.4589,1.6093,10.0,1.0
3270,367,7.3025,1.489,10.0,1.0
3271,46,7.087,1.4731,10.0,4.0
3272,56,7.4286,1.5592,10.0,5.0
3273,4,7.5,2.0817,10.0,5.0
3274,3,8.0,2.6458,10.0,5.0
3275,2,7.5,3.5355,10.0,5.0
3276,2,7.5,3.5355,10.0,5.0
3277,2,7.5,3.5355,10.0,5.0
3278,2,7.5,3.5355,10.0,5.0
3279,2,7.5,3.5355,10.0,5.0
3280,4,6.75,2.3629,10.0,5.0
3281,10,6.8,1.8738,10.0,5.0
3285,30,6.3,1.3933,10.0,4.0
3286,96,6.9583,1.7527,10.0,2.0
3287,210,2.0762,2.1284,10.0,1.0
3288,165,7.1758,1.4354,10.0,1.0
3290,6,6.1667,1.9408,8.0,3.0
3292,129,7.5504,1.4629,10.0,3.0
3294,2,2.5,0.7071,3.0,2.0
3295,12,7.0,1.9069,10.0,3.0
3297,873,8.8099,1.4128,10.0,1.0
3298,927,7.4693,1.4633,10.0,2.0
3299,2559,7.5244,1.6379,10.0,1.0
3300,27,6.037,1.8498,10.0,1.0
3301,32,5.9375,1.9166,10.0,1.0
3302,94,6.5,1.9496,10.0,1.0
3303,46,6.6304,1.8422,10.0,2.0
3305,33,6.9697,1.5907,10.0,4.0
3306,39,5.641,1.8565,9.0,2.0
3307,126,6.1667,1.81,10.0,1.0
3308,67,6.2687,1.9968,10.0,1.0
3309,23,6.0,1.5374,10.0,2.0
3312,223,7.0987,1.5273,10.0,1.0
3313,22,6.9091,1.7971,10.0,2.0
3315,2,6.0,1.4142,7.0,5.0
3317,6,7.5,1.3784,10.0,6.0
3318,828,7.3297,1.6195,10.0,1.0
3320,16,5.375,1.0878,7.0,3.0
3322,651,7.4916,1.2457,10.0,1.0
3323,641,6.7644,1.5838,10.0,1.0
3324,113,6.3805,2.0543,10.0,1.0
3325,9,7.3333,1.5,10.0,5.0
3326,318,6.9969,1.8052,10.0,1.0
3327,8,7.25,1.3887,10.0,6.0
3328,1367,6.2582,1.9371,10.0,1.0
3329,32,6.2188,1.6211,9.0,1.0
3332,3,7.3333,0.5774,8.0,7.0
3334,21,6.0476,1.7457,9.0,1.0
3335,16,7.25,1.5706,10.0,3.0
3336,58,6.569,2.1284,10.0,1.0
3342,3017,7.6626,1.4987,10.0,1.0
3345,32,7.4375,1.5645,10.0,5.0
3349,307,6.9446,1.7768,10.0,1.0
3350,30,6.4,2.3282,10.0,1.0
3352,921,7.6341,1.5028,10.0,1.0
3354,1064,7.2848,1.569,10.0,1.0
3355,3,7.0,2.0,9.0,5.0
3356,40,6.35,1.406,9.0,2.0
3358,2006,7.6376,1.3324,10.0,1.0
3359,1429,7.2127,1.4061,10.0,1.0
3361,7,5.7143,1.496,8.0,4.0
3362,1,7.0,0.0,7.0,7.0
3363,252,7.5635,1.2369,10.0,4.0
3366,1093,7.0814,1.563,10.0,1.0
3367,40,7.0,1.9215,10.0,1.0
3369,110,7.7727,1.0976,10.0,5.0
3370,30,6.3333,1.8631,9.0,1.0
3371,174,8.1839,1.212,10.0,3.0
3375,1392,7.2198,1.7964,10.0,1.0
3377,22,5.8182,2.0848,9.0,1.0
3378,13,6.0769,2.7222,10.0,1.0
3379,10,5.0,2.357,7.0,1.0
3380,29,5.931,2.1202,10.0,1.0
3381,38,7.5526,1.2013,10.0,5.0
3382,29,6.0,1.6475,9.0,1.0
3383,11,6.4545,2.2962,10.0,3.0
3384,17,5.4706,2.154,8.0,1.0
3385,46,6.2391,1.876,10.0,2.0
3388,29,6.5517,1.2702,10.0,5.0
3389,931,6.7863,1.7009,10.0,1.0
3390,47,6.2979,1.9991,10.0,1.0
3391,4,7.25,1.2583,9.0,6.0
3392,913,7.7568,1.4883,10.0,2.0
3393,32,6.1562,2.0962,10.0,1.0
3394,49,7.0408,1.3379,10.0,4.0
3396,18,6.3333,2.0292,10.0,3.0
3398,19,5.8947,1.7605,9.0,2.0
3399,7,5.7143,1.8898,8.0,3.0
3401,262,6.8321,1.6361,10.0,1.0
3402,36,6.4722,1.7806,10.0,4.0
3403,116,6.5,1.6232,10.0,1.0
3406,22,6.0909,1.306,8.0,3.0
3407,1339,7.2853,1.5433,10.0,1.0
3410,115,6.9739,1.5754,10.0,3.0
3411,47,6.2766,1.7901,10.0,2.0
3417,130,6.5846,1.6509,10.0,2.0
3418,11,7.2727,1.3484,10.0,5.0
3419,360,7.2083,1.4847,10.0,1.0
3420,1551,7.7963,1.3,10.0,1.0
3421,76,7.4211,1.6187,10.0,2.0
3422,69,5.8406,2.0337,10.0,2.0
3424,12,7.0,1.2792,9.0,5.0
3425,1,7.0,0.0,7.0,7.0
3427,38,6.4211,1.9261,9.0,1.0
3428,14,5.7857,1.8884,9.0,1.0
3429,172,5.7035,1.9344,10.0,1.0
3430,186,6.1183,1.9248,10.0,1.0
3432,12,7.1667,1.4668,9.0,5.0
3433,6,5.8333,1.6021,7.0,3.0
3434,24,6.1667,2.3344,10.0,1.0
3435,10,6.7,2.4518,10.0,2.0
3436,4,5.0,1.4142,6.0,3.0
3437,19,7.4211,1.2164,10.0,5.0
3438,96,6.8438,1.7671,10.0,1.0
3439,33,5.7576,1.6961,10.0,1.0
3442,35,6.4286,1.9294,10.0,1.0
3444,12,5.9167,1.4434,8.0,3.0
3446,1229,7.2913,1.5504,10.0,1.0
3447,265,7.3849,1.6034,10.0,1.0
3448,77,6.5584,2.2565,10.0,1.0
3449,289,7.7716,1.3241,10.0,3.0
3451,1,5.0,0.0,5.0,5.0
3452,37,6.5405,1.909,10.0,2.0
3454,35,5.6571,2.1549,10.0,1.0
3455,7207,7.5139,1.583,10.0,1.0
3456,907,7.097,1.5004,10.0,1.0
3457,11933,7.6811,1.7043,10.0,1.0
3460,25,7.48,1.8055,10.0,3.0
3461,25,6.0,1.5275,9.0,2.0
3462,10,7.0,1.6997,10.0,4.0
3463,24,6.0417,1.9667,9.0,2.0
3464,930,6.9882,1.6648,10.0,1.0
3466,657,7.9269,1.2472,10.0,4.0
3467,3226,7.5735,1.4456,10.0,1.0
3468,236,7.572,1.3523,10.0,4.0
3469,209,7.4641,1.3265,10.0,4.0
3470,6053,7.9719,1.385,10.0,1.0
3472,33,6.7879,1.3638,10.0,4.0
3473,24,6.0,1.4744,8.0,3.0
3474,49,6.9796,1.4647,10.0,4.0
3475,64,6.7969,1.359,10.0,4.0
3478,116,6.8793,1.6689,10.0,1.0
3479,162,7.1111,2.0308,10.0,1.0
3480,10,6.0,0.6667,7.0,5.0
3481,35,7.4857,1.6516,10.0,4.0
3482,19,6.6842,1.0029,8.0,5.0
3483,35,6.8571,1.7345,10.0,3.0
3484,37,7.3243,1.7006,10.0,2.0
3485,540,7.4537,1.566,10.0,1.0
3486,18,7.2222,1.5551,10.0,4.0
3488,62,6.6774,1.6867,10.0,2.0
3490,23,5.087,1.8808,8.0,1.0
3493,102,6.9902,1.5574,10.0,1.0
3496,5,5.2,1.7889,7.0,3.0
3497,2,5.5,6.364,10.0,1.0
3498,24,6.1667,1.8572,9.0,3.0
3499,18,6.3333,1.715,10.0,3.0
3501,81,7.0123,1.1124,10.0,5.0
3503,4491,6.9417,1.7352,10.0,1.0
3505,4,5.75,0.5,6.0,5.0
3506,132,6.7197,1.4997,10.0,2.0
3507,94,6.5319,1.5706,10.0,2.0
3508,476,7.5357,1.5151,10.0,1.0
3509,35,6.4571,1.7547,10.0,3.0
3511,17,5.7059,2.1144,10.0,2.0
3512,54,6.5556,1.1763,9.0,2.0
3513,8,4.5,2.4495,7.0,1.0
3515,814,7.8735,1.6798,10.0,1.0
3516,9,5.3333,1.0,7.0,4.0
3517,3,5.0,2.0,7.0,3.0
3518,37,6.7297,1.3874,9.0,2.0
3519,18,7.8333,0.9852,10.0,6.0
3522,30,6.8667,1.4077,10.0,4.0
3525,108,6.213,1.7776,10.0,2.0
3526,29,5.6207,1.8011,8.0,1.0
3527,22,5.4091,1.9919,9.0,1.0
3529,25,5.8,2.3979,10.0,1.0
3530,9,4.8889,1.8333,7.0,1.0
3531,23,5.6087,2.3304,9.0,1.0
3532,40,6.05,1.5183,9.0,1.0
3533,9,4.4444,2.1279,7.0,2.0
3534,25,5.4,2.1602,9.0,1.0
3535,62,6.629,1.4399,10.0,2.0
3536,9,5.6667,2.6926,10.0,1.0
3537,191,6.6754,1.7258,10.0,2.0
3538,46,6.5652,1.6145,10.0,3.0
3539,29,5.7931,2.1938,10.0,1.0
3540,15,5.4,2.3543,8.0,1.0
3541,18,5.2778,2.0524,8.0,1.0
3542,11,4.8182,1.6011,7.0,1.0
3543,27,5.7407,1.8101,9.0,1.0
3545,64,7.9219,1.1451,10.0,3.0
3546,1,4.0,0.0,4.0,4.0
3547,6,7.8333,0.9832,9.0,7.0
3549,643,7.5537,1.3095,10.0,1.0
3550,10,7.1,1.9692,9.0,4.0
3551,33,6.0,1.7321,9.0,1.0
3553,11,5.2727,2.7601,10.0,1.0
3556,27,5.7778,1.7831,10.0,2.0
3557,34,6.2059,2.1146,10.0,1.0
3558,21,5.619,1.6875,8.0,1.0
3559,132,7.4697,1.904,10.0,1.0
3560,61,6.2131,1.8896,10.0,1.0
3561,18,7.0,2.0,10.0,1.0
3562,16,5.3125,1.7017,8.0,1.0
3563,15,5.5333,2.3563,9.0,1.0
3564,15,5.2,1.7809,8.0,1.0
3565,24,5.7917,2.2063,10.0,1.0
3566,18,5.2778,2.164,8.0,1.0
3567,14,5.4286,2.2089,8.0,1.0
3568,46,7.7826,1.7373,10.0,2.0
3569,35,5.9714,2.0071,9.0,1.0
3570,5,5.2,1.7889,8.0,3.0
3571,49,6.898,1.747,10.0,1.0
3572,3118,8.211,1.3093,10.0,1.0
3573,3,5.0,2.6458,8.0,3.0
3574,526,7.3137,1.4782,10.0,2.0
3576,91,6.3956,1.7313,10.0,2.0
3577,533,7.5666,1.4899,10.0,1.0
3578,54,6.537,1.7125,10.0,3.0
3579,28,7.0714,1.3032,10.0,4.0
3580,24,6.0,1.6418,8.0,1.0
3581,77,5.8052,1.899,10.0,1.0
3582,34,6.8235,1.6782,10.0,4.0
3583,25,5.92,2.1,9.0,1.0
3584,19,5.3158,1.7967,9.0,1.0
3586,19,6.7368,1.5931,10.0,4.0
3587,32,5.8438,2.0337,10.0,1.0
3588,16667,8.2435,1.2633,10.0,1.0
3593,460,7.3913,1.3764,10.0,1.0
3594,1458,7.4719,1.3821,10.0,1.0
3595,17,6.7059,1.2127,9.0,5.0
3596,9,4.7778,1.0929,6.0,3.0
3597,23,5.4348,1.376,8.0,3.0
3599,16,6.5625,1.5478,10.0,4.0
3600,20,6.35,1.8432,9.0,2.0
3602,44,7.4318,1.7036,10.0,3.0
3603,102,7.7157,1.7932,10.0,2.0
3604,642,8.0436,1.237,10.0,1.0
3605,15,5.6,1.9198,10.0,2.0
3609,29,6.6552,2.2084,10.0,1.0
3613,1100,7.78,1.2928,10.0,2.0
3614,294,7.4558,1.1986,10.0,1.0
3615,685,7.2847,1.5473,10.0,1.0
3616,1100,7.3064,1.5154,10.0,2.0
3618,179,7.1229,1.3435,10.0,3.0
3619,10,6.6,1.4298,8.0,4.0
3620,87,7.2529,1.7469,10.0,2.0
3622,57,6.6316,1.5995,10.0,2.0
3624,32,8.0,1.2181,10.0,5.0
3625,71,5.9296,2.0447,10.0,2.0
3626,202,7.9406,1.5442,10.0,2.0
3627,750,7.4827,1.5089,10.0,1.0
3628,17,6.4118,1.6225,8.0,1.0
3630,6,5.5,1.2247,7.0,4.0
3631,36,6.9444,1.6894,10.0,1.0
3633,18,5.4444,1.8222,10.0,1.0
3635,39,5.4615,1.5363,8.0,1.0
3636,80,6.725,1.8279,10.0,2.0
3637,2,6.5,0.7071,7.0,6.0
3638,18,7.0556,1.5894,9.0,2.0
3639,22,5.5909,2.0853,10.0,1.0
3640,25,5.96,2.508,10.0,1.0
3641,190,6.8158,1.5163,10.0,1.0
3642,107,6.4579,1.6035,10.0,1.0
3643,6,4.8333,2.4833,8.0,1.0
3644,15,5.4667,2.6421,10.0,1.0
3645,18,5.9444,2.2874,10.0,1.0
3646,14,7.2143,1.2514,10.0,6.0
3648,25,5.0,1.9791,9.0,1.0
3649,35,5.5429,1.7037,9.0,1.0
3652,3824,7.6676,1.4687,10.0,1.0
3653,994,7.331,1.4701,10.0,1.0
3654,1069,7.2778,1.6112,10.0,1.0
3655,2931,7.6605,1.5958,10.0,1.0
3656,861,7.4727,1.6547,10.0,1.0
3659,5,7.8,1.9235,10.0,5.0
3660,9,6.5556,1.8105,10.0,5.0
3661,12,6.0,1.3484,8.0,4.0
3665,144,8.1042,1.1013,10.0,5.0
3667,2762,7.3353,1.4999,10.0,1.0
3668,89,6.9888,1.6548,10.0,1.0
3669,21,6.2857,1.5213,10.0,3.0
3670,146,7.3699,1.4763,10.0,3.0
3671,8,7.0,0.9258,8.0,6.0
3672,4,7.0,2.0,10.0,6.0
3673,527,7.7799,1.4853,10.0,1.0
3674,388,7.549,1.3315,10.0,1.0
3675,8,6.0,1.5119,8.0,3.0
3676,6,5.3333,2.3381,8.0,2.0
3679,109,6.8899,1.8626,10.0,1.0
3680,75,6.2667,1.8478,10.0,1.0
3681,37,6.027,1.3842,8.0,2.0
3683,4,6.25,1.5,7.0,4.0
3684,57,6.3333,1.874,10.0,2.0
3685,89,6.4157,1.4046,10.0,2.0
3686,133,6.812,1.629,10.0,2.0
3689,7,6.7143,1.2536,9.0,5.0
3690,3,7.6667,0.5774,8.0,7.0
3691,2,4.5,0.7071,5.0,4.0
3692,44,7.5227,1.3723,10.0,5.0
3695,7,4.1429,3.2878,10.0,1.0
3701,931,8.377,1.2686,10.0,1.0
3702,4122,8.3828,1.3936,10.0,1.0
3704,4,7.5,1.0,9.0,7.0
3705,25,5.44,1.734,10.0,1.0
3706,59,6.6441,1.8547,10.0,1.0
3707,57,6.8596,1.7054,10.0,2.0
3710,123,7.2683,1.5099,10.0,2.0
3711,101,5.9505,2.188,10.0,1.0
3712,8574,7.7147,1.542,10.0,1.0
3713,1579,7.9987,1.3687,10.0,1.0
3720,24,7.1667,1.633,10.0,4.0
3723,12,6.3333,1.3707,9.0,5.0
3724,5,6.4,0.8944,8.0,6.0
3726,14,5.7143,1.8576,10.0,3.0
3727,46,7.6304,1.2357,10.0,5.0
3728,74,5.9595,2.1736,10.0,1.0
3729,50,5.58,2.0111,10.0,1.0
3731,4873,7.9684,1.5175,10.0,1.0
3734,27,7.6296,1.3053,10.0,6.0
3735,5,6.6,0.8944,8.0,6.0
3736,22,5.5,2.3042,10.0,1.0
3737,220,7.5091,1.6703,10.0,1.0
3738,190,7.5895,1.5396,10.0,3.0
3743,34,5.9706,2.5284,10.0,1.0
3744,40,7.5,1.633,10.0,1.0
3745,62,7.1935,1.4123,10.0,2.0
3747,68,6.3676,1.8601,10.0,1.0
3750,369,8.0244,1.3501,10.0,2.0
3751,28,7.5714,1.3992,10.0,5.0
3752,44,7.2727,1.6894,10.0,2.0
3754,36,7.0556,1.4725,10.0,4.0
3755,17,7.0,1.5411,10.0,5.0
3757,24,7.0,1.865,10.0,3.0
3758,8,6.5,1.7728,9.0,4.0
3759,1559,6.4843,1.7981,10.0,1.0
3760,14,8.0,1.5191,10.0,6.0
3761,66,7.1212,1.5344,10.0,4.0
3762,8,5.875,2.2321,10.0,3.0
3763,5,6.6,2.51,10.0,3.0
3764,5,5.6,2.7019,10.0,3.0
3765,15,7.6667,1.291,10.0,5.0
3768,4,8.0,1.8257,10.0,6.0
3769,1,10.0,0.0,10.0,10.0
3771,180,6.8833,1.604,10.0,2.0
3772,102,5.5686,2.2228,10.0,1.0
3776,15,7.0667,1.387,9.0,5.0
3778,3,5.6667,0.5774,6.0,5.0
3782,4939,8.1411,1.2415,10.0,1.0
3783,4619,8.3421,1.181,10.0,1.0
3784,6631,8.6779,1.2915,10.0,1.0
3785,3993,7.8099,1.6357,10.0,1.0
3787,47,6.5957,1.5416,10.0,2.0
3791,1496,7.5321,1.4406,10.0,2.0
3793,42,5.7381,1.7677,10.0,3.0
3795,21,6.9048,1.5461,10.0,5.0
3799,14,5.2143,1.6257,8.0,2.0
3800,20,6.55,1.3945,10.0,3.0
3801,37,4.2703,2.3172,10.0,1.0
3802,47,6.7447,1.7873,10.0,2.0
3805,101,6.4653,1.5973,10.0,2.0
3806,10,8.0,1.3333,10.0,6.0
3807,15,7.3333,1.8387,10.0,4.0
3809,67,6.4478,1.5981,10.0,1.0
3810,18,5.8333,1.3394,8.0,2.0
3811,18,6.9444,1.4742,10.0,4.0
3812,12,7.0,1.8091,10.0,4.0
3813,7,5.2857,1.496,7.0,3.0
3816,22,4.3636,1.9407,8.0,1.0
3817,4,4.5,0.5774,5.0,4.0
3818,41,6.1951,1.4869,10.0,2.0
3819,4,5.5,1.0,6.0,4.0
3820,45,6.2222,1.8326,10.0,1.0
3821,38,5.8947,1.6569,8.0,1.0
3822,2,8.5,2.1213,10.0,7.0
3823,10,6.3,1.8288,10.0,4.0
3824,13,5.5385,2.0662,9.0,1.0
3825,2,6.0,1.4142,7.0,5.0
3826,29,5.9655,1.9907,10.0,2.0
3827,12,6.8333,1.6422,10.0,4.0
3828,1,5.0,0.0,5.0,5.0
3829,60,7.15,1.7156,10.0,1.0
3832,9,3.5556,2.2423,7.0,1.0
3833,32,6.75,2.032,10.0,1.0
3834,6,5.3333,1.2111,6.0,3.0
3835,11,7.3636,1.3618,10.0,5.0
3836,29,6.4483,1.7645,10.0,1.0
3837,15,7.6,1.5946,10.0,5.0
3838,6,6.5,1.9748,10.0,4.0
3839,5,5.8,3.7014,10.0,1.0
3840,276,6.3913,1.6774,10.0,2.0
3841,863,7.9629,1.4022,10.0,2.0
3842,16,7.0,1.3166,9.0,5.0
3843,12,5.75,1.4848,8.0,3.0
3844,1,6.0,0.0,6.0,6.0
3845,4,7.0,1.8257,9.0,5.0
3846,2,6.0,1.4142,7.0,5.0
3847,22,7.7727,1.4119,10.0,6.0
3848,1323,7.8209,1.4245,10.0,1.0
3849,32,6.5312,1.6061,10.0,3.0
3853,40,7.325,2.141,10.0,2.0
3854,22,7.9091,1.306,10.0,6.0
3858,52,6.4615,1.6144,9.0,3.0
3859,131,7.5038,1.3999,10.0,2.0
3861,401,7.409,1.5467,10.0,1.0
3863,26,6.1538,1.2866,8.0,4.0
3864,34,6.4706,1.7449,9.0,2.0
3866,11,6.2727,2.195,9.0,2.0
3868,25,7.6,1.9365,10.0,3.0
3870,1,3.0,0.0,3.0,3.0
3873,3,7.0,1.7321,8.0,5.0
3874,31,6.9677,1.7026,10.0,4.0
3875,23,6.4348,1.701,10.0,3.0
3876,1,6.0,0.0,6.0,6.0
3877,6,6.1667,1.6021,8.0,4.0
3878,14,7.0,1.5191,10.0,5.0
3879,3,7.6667,1.1547,9.0,7.0
3880,2,4.0,0.0,4.0,4.0
3881,15,6.6667,1.5887,10.0,5.0
3882,49,5.3265,1.6757,9.0,1.0
3883,16,5.75,1.9494,9.0,1.0
3884,13,6.6154,1.8046,10.0,3.0
3885,3,5.3333,1.1547,6.0,4.0
3886,81,5.7284,1.6809,9.0,1.0
3887,401,7.5586,1.1988,10.0,3.0
3888,171,6.8187,1.7911,10.0,1.0
3889,98,6.7347,1.6407,10.0,2.0
3890,17,4.8824,1.5363,7.0,1.0
3895,24,4.9583,2.1362,8.0,1.0
3896,72,6.2639,1.6358,10.0,1.0
3898,41,6.439,1.6286,10.0,2.0
3900,5,7.2,1.3038,9.0,6.0
3901,4444,8.4136,1.2103,10.0,1.0
3902,14,6.0,1.5191,9.0,2.0
3905,9,6.6667,1.5,9.0,5.0
3906,26,6.2692,1.7334,9.0,1.0
3907,141,8.2199,1.3892,10.0,4.0
3908,33,5.6364,1.9173,9.0,1.0
3909,3,6.3333,0.5774,7.0,6.0
3910,20,5.5,2.0131,9.0,1.0
3911,54,6.4815,1.6106,10.0,1.0
3912,20,5.75,2.0487,9.0,1.0
3913,30,6.5333,1.4077,9.0,4.0
3914,149,6.3758,2.0778,10.0,1.0
3915,16,6.25,1.0,8.0,4.0
3916,61,6.9016,1.7579,10.0,3.0
3917,40,6.975,1.3679,10.0,5.0
3918,289,7.3737,1.9326,10.0,1.0
3919,64,6.875,1.8039,10.0,2.0
3920,7,6.7143,1.3801,9.0,5.0
3921,29,6.3448,1.3168,9.0,4.0
3922,20,6.0,2.0261,10.0,1.0
3923,19,7.6316,1.461,10.0,6.0
3927,3509,8.3565,1.3392,10.0,1.0
3929,22,5.6364,1.2553,8.0,4.0
3930,20,5.2,1.7351,8.0,2.0
3931,376,7.8271,1.3264,10.0,3.0
3932,4,4.75,2.9861,8.0,1.0
3935,21,7.0952,1.48,10.0,5.0
3936,13,6.6154,1.2609,9.0,4.0
3937,1,10.0,0.0,10.0,10.0
3939,120,7.1917,1.8845,10.0,1.0
3940,76,6.6711,1.5439,10.0,1.0
3941,59,7.1356,1.916,10.0,1.0
3942,12,6.25,2.1373,8.0,1.0
3944,109,6.945,1.7312,10.0,2.0
3945,13,6.9231,1.0377,9.0,6.0
3946,33,7.4242,1.5213,10.0,4.0
3947,3,6.6667,1.1547,8.0,6.0
3948,147,7.0884,1.6549,10.0,3.0
3950,18,5.6111,2.0332,9.0,2.0
3951,20,6.8,1.7652,10.0,3.0
3952,33,6.6667,1.4506,10.0,3.0
3953,26,5.9615,2.3745,9.0,1.0
3954,246,6.9959,1.532,10.0,1.0
3956,1422,7.4606,1.5503,10.0,1.0
3958,3513,7.6149,1.2491,10.0,1.0
3960,9,5.0,1.118,7.0,3.0
3962,340,6.6529,1.7541,10.0,1.0
3963,46,6.7391,1.8551,10.0,1.0
3964,46,6.8913,1.8527,10.0,1.0
3965,858,7.655,1.3858,10.0,1.0
3968,16,6.1875,1.7212,10.0,4.0
3969,7,6.5714,1.1339,8.0,5.0
3970,155,6.9161,1.6473,10.0,3.0
3972,1062,7.6629,1.576,10.0,1.0
3973,1,6.0,0.0,6.0,6.0
3974,1511,7.6559,1.1857,10.0,1.0
3975,1,7.0,0.0,7.0,7.0
3976,38,5.8684,1.7269,10.0,2.0
3977,55,6.7636,1.2317,10.0,4.0
3980,25,5.76,1.6902,9.0,1.0
3981,33,5.5152,1.9384,10.0,2.0
3982,10,6.0,1.0541,8.0,5.0
3983,7,6.1429,1.069,8.0,5.0
3989,10,6.9,1.4491,9.0,5.0
3990,24,5.875,1.191,8.0,3.0
3991,73,7.0137,1.2416,10.0,4.0
3992,100,6.81,1.9781,10.0,1.0
3995,49,6.3469,1.832,9.0,3.0
3998,32,6.2188,1.3133,8.0,3.0
3999,55,6.5818,1.6963,10.0,2.0
4000,30,6.3,1.8597,10.0,1.0
4003,17,6.1765,0.951,8.0,4.0
4004,68,6.3088,1.9337,10.0,1.0
4009,15,6.1333,1.8848,8.0,2.0
4010,189,7.0106,1.6853,10.0,1.0
4011,31,6.6774,2.023,10.0,1.0
4012,255,6.1569,1.8779,10.0,1.0
4013,15,6.5333,1.5523,9.0,3.0
4014,6,6.3333,1.633,8.0,4.0
4015,1846,7.5141,1.6641,10.0,1.0
4017,10,5.6,1.8379,9.0,3.0
4021,685,7.3095,1.4196,10.0,2.0
4023,21,6.7619,1.9211,10.0,4.0
4024,18,7.1667,1.7573,10.0,3.0
4025,23,6.9565,1.8703,10.0,3.0
4026,1328,7.1755,1.5446,10.0,1.0
4027,93,6.9462,1.6176,10.0,2.0
4028,885,7.4983,1.4933,10.0,2.0
4031,27,7.2222,1.1209,10.0,5.0
4033,180,6.3389,1.4615,10.0,2.0
4034,34,6.1765,1.7315,9.0,1.0
4037,558,7.6559,1.5123,10.0,2.0
4038,431,7.7401,1.3109,10.0,1.0
4039,232,7.7198,1.4246,10.0,1.0
4042,31,5.7742,2.3623,10.0,2.0
4044,9,6.5556,2.0069,10.0,3.0
4049,10,5.3,1.8288,8.0,3.0
4050,18,6.8889,1.641,10.0,3.0
4051,14,6.8571,1.4064,10.0,4.0
4052,380,6.8079,1.5874,10.0,1.0
4053,831,8.2684,1.3644,10.0,2.0
4054,11,7.8182,1.4013,10.0,5.0
4056,43,7.6279,1.2729,10.0,5.0
4057,57,6.2807,1.8969,10.0,1.0
4058,18,5.8889,1.0786,8.0,4.0
4059,7707,8.235,1.3824,10.0,1.0
4060,49,7.7143,1.3693,10.0,3.0
4061,37,7.3243,1.6508,10.0,2.0
4062,15,8.0667,1.4376,10.0,6.0
4063,6444,7.586,1.4812,10.0,1.0
4066,344,7.2035,1.4466,10.0,1.0
4067,4,7.0,3.559,10.0,2.0
4068,3,6.0,4.0,10.0,2.0
4069,166,7.3675,1.7694,10.0,2.0
4070,46,6.6739,1.7519,10.0,1.0
4071,34,7.2353,1.1822,10.0,4.0
4073,13,7.0769,1.5525,10.0,5.0
4074,13,7.2308,1.8777,10.0,4.0
4075,39,7.1795,1.3548,10.0,4.0
4078,188,7.2979,1.351,10.0,3.0
4080,495,8.0889,1.4171,10.0,1.0
4081,5080,8.5008,1.2007,10.0,1.0
4082,317,7.1262,1.4636,10.0,2.0
4083,11,7.0909,0.8312,8.0,6.0
4084,21,6.1905,1.9136,10.0,1.0
4085,5,6.8,2.1679,10.0,4.0
4086,56,7.2679,1.3684,10.0,3.0
4087,1677,8.0018,1.3461,10.0,1.0
4091,74,6.1757,1.8159,10.0,1.0
4094,793,7.1967,1.4913,10.0,1.0
4095,69,6.5507,1.6497,10.0,1.0
4096,1,6.0,0.0,6.0,6.0
4097,2,7.5,0.7071,8.0,7.0
4098,7,4.2857,2.2887,6.0,1.0
4099,23,6.913,1.3112,10.0,5.0
4101,1,7.0,0.0,7.0,7.0
4103,16,6.6875,1.4477,8.0,3.0
4104,10,6.5,2.3688,10.0,4.0
4106,2603,8.2132,1.1964,10.0,3.0
4107,2562,8.3126,1.32,10.0,1.0
4112,7,7.4286,2.9358,10.0,2.0
4113,20,6.35,1.6311,10.0,3.0
4114,41,7.8049,1.6312,10.0,4.0
4119,4,6.75,1.7078,9.0,5.0
4124,53,7.0377,1.5807,10.0,4.0
4126,8,6.75,2.1876,10.0,5.0
4127,52,7.0577,1.862,10.0,1.0
4129,4,7.25,2.63,10.0,5.0
4130,444,6.1959,1.9287,10.0,1.0
4132,14,6.7857,1.7177,10.0,3.0
4134,1442,7.4022,1.7236,10.0,1.0
4136,348,7.0316,1.6021,10.0,1.0
4138,72,7.7639,1.6992,10.0,3.0
4147,61,5.9836,2.6425,10.0,1.0
4149,29,5.8276,1.8911,9.0,1.0
4150,29,5.8621,1.6845,8.0,2.0
4151,1150,7.0261,1.4913,10.0,1.0
4154,39,6.5641,1.7441,10.0,2.0
4155,3540,8.6025,1.1917,10.0,2.0
4156,403,7.3449,1.4187,10.0,2.0
4157,8,5.75,1.9086,8.0,3.0
4158,57,6.2632,1.664,10.0,2.0
4161,10,5.2,0.9189,7.0,4.0
4162,90,7.2778,1.2364,10.0,4.0
4163,1497,8.1456,1.2798,10.0,1.0
4164,26,6.2692,2.0309,10.0,1.0
4166,140,7.2714,1.4336,10.0,3.0
4173,57,6.6316,1.6543,10.0,1.0
4176,19,5.8421,1.8032,10.0,2.0
4177,2537,8.0099,1.3292,10.0,1.0
4178,14,5.0714,2.1291,9.0,1.0
4181,15518,9.1653,1.2311,10.0,1.0
4182,3790,7.7296,1.325,10.0,1.0
4183,2,4.5,0.7071,5.0,4.0
4186,3628,7.7412,1.3313,10.0,1.0
4187,32,6.3125,1.5951,10.0,3.0
4188,490,7.8612,1.4001,10.0,1.0
4189,199,7.7487,1.5398,10.0,2.0
4190,25,7.64,1.4686,10.0,5.0
4191,26,7.9231,1.4946,10.0,4.0
4192,2423,8.0801,1.2602,10.0,1.0
4195,871,7.4592,1.4623,10.0,1.0
4196,1342,7.1639,1.6137,10.0,1.0
4197,127,6.7638,1.5143,10.0,1.0
4198,17,7.4706,1.6627,10.0,5.0
4199,15,7.3333,2.0237,10.0,3.0
4200,84,7.2857,1.3224,10.0,4.0
4201,5,7.8,1.7889,10.0,6.0
4202,41,7.0488,1.3029,10.0,5.0
4205,455,7.1407,1.3299,10.0,2.0
4208,14,6.9286,1.8172,10.0,3.0
4209,105,6.6762,1.5285,10.0,1.0
4210,18,5.7778,2.1843,10.0,1.0
4211,3,8.3333,1.1547,9.0,7.0
4213,48,6.2292,1.6011,9.0,1.0
4214,8374,7.4452,1.6657,10.0,1.0
4218,1,7.0,0.0,7.0,7.0
4220,1,7.0,0.0,7.0,7.0
4224,20837,8.5968,1.2426,10.0,1.0
4232,207,7.2947,1.4862,10.0,1.0
4240,6,6.8333,1.7224,10.0,5.0
4242,1,5.0,0.0,5.0,5.0
4244,3,6.0,2.6458,9.0,4.0
4246,1358,7.4897,1.7499,10.0,1.0
4250,12,5.5833,1.379,8.0,3.0
4252,14,5.5,1.4005,7.0,3.0
4260,20,5.45,2.0384,9.0,1.0
4262,982,7.0061,1.5312,10.0,1.0
4264,43,6.5349,1.5484,10.0,2.0
4266,13,4.3846,2.1031,8.0,1.0
4278,38,6.4474,1.7351,9.0,1.0
4280,4342,8.1773,1.1966,10.0,1.0
4282,4184,8.7799,1.1667,10.0,1.0
4286,4,7.75,1.7078,10.0,6.0
4298,8,7.0,0.7559,8.0,6.0
4304,132,6.0076,2.2497,10.0,1.0
4306,5,7.8,1.3038,10.0,7.0
4310,10,3.7,2.6268,7.0,1.0
4312,110,7.7727,1.412,10.0,4.0
4314,7,6.7143,2.1381,10.0,3.0
4316,6,6.6667,2.0656,9.0,3.0
4318,19,5.6316,1.3829,8.0,3.0
4320,122,6.7213,1.8687,10.0,2.0
4331,2,5.5,6.364,10.0,1.0
4332,8,6.875,1.5526,9.0,4.0
4334,578,7.1522,1.5867,10.0,1.0
4339,13,6.7692,1.6909,10.0,3.0
4340,16,6.125,1.893,8.0,1.0
4342,99,6.8687,1.6203,10.0,1.0
4350,33,5.6364,1.5576,9.0,2.0
4353,207,6.9324,1.8236,10.0,1.0
4355,48,6.2708,1.735,10.0,2.0
4356,30,6.0667,2.05,10.0,1.0
4357,21,5.7143,1.7071,8.0,1.0
4358,246,7.0894,1.7286,10.0,1.0
4360,105,6.9714,1.8629,10.0,2.0
4361,106,6.8019,1.3552,10.0,2.0
4362,302,6.9868,1.5314,10.0,1.0
4363,74,6.3243,1.5972,10.0,2.0
4364,20,6.8,1.9358,10.0,3.0
4365,57,6.614,1.5324,10.0,4.0
4369,14,5.0714,2.1291,7.0,1.0
4371,10,6.6,2.3664,10.0,2.0
4375,36,6.7778,2.2942,10.0,1.0
4378,28,6.3929,1.37,9.0,4.0
4379,25,6.36,1.3191,9.0,2.0
4382,8828,7.3915,1.664,10.0,1.0
4383,16,6.5,1.7512,9.0,4.0
4385,24,6.2083,1.6413,10.0,2.0
4386,15,6.4667,1.4075,8.0,3.0
4387,28,6.8929,1.4231,10.0,4.0
4388,15,6.9333,1.7099,10.0,3.0
4389,43,5.4186,1.3135,8.0,3.0
4390,12,5.4167,1.2401,7.0,3.0
4391,15,6.0,1.5584,9.0,3.0
4392,10,5.0,0.9428,6.0,3.0
4393,14,5.0714,1.6854,8.0,2.0
4394,12,5.8333,1.5275,9.0,3.0
4395,12,5.3333,0.9847,7.0,4.0
4396,9,4.0,1.4142,6.0,2.0
4397,11,4.7273,1.5551,7.0,2.0
4398,52,6.1923,2.0199,10.0,1.0
4399,120,7.175,1.9475,10.0,1.0
4400,15,6.2667,1.3345,8.0,2.0
4406,20,7.35,1.6944,10.0,3.0
4411,10,6.5,1.2693,8.0,4.0
4415,1319,7.2631,1.4564,10.0,1.0
4416,28,7.7143,1.5119,10.0,4.0
4417,3,6.6667,1.1547,8.0,6.0
4418,22,6.4545,1.6826,9.0,3.0
4419,36,6.6111,1.7284,10.0,3.0
4420,13,6.4615,1.3301,8.0,4.0
4421,182,6.7637,1.7093,10.0,1.0
4427,4,6.0,1.4142,7.0,4.0
4437,4460,7.5518,1.5734,10.0,1.0
4439,11,7.4545,1.2933,10.0,5.0
4443,116,6.1121,1.7081,10.0,2.0
4444,41,5.7073,1.4704,8.0,2.0
4447,751,8.0573,1.3329,10.0,4.0
4450,250,6.916,1.5409,10.0,1.0
4451,29,6.8966,0.9002,9.0,5.0
4452,10,5.7,1.1595,8.0,4.0
4454,352,8.0625,1.3489,10.0,1.0
4458,85,6.1412,1.6268,10.0,2.0
4460,178,6.3202,1.578,10.0,2.0
4461,54,6.3148,1.9311,10.0,1.0
4462,26,5.3077,1.6436,10.0,2.0
4463,27,5.5926,1.5002,8.0,1.0
4467,57,7.1404,1.2311,10.0,5.0
4468,5,8.0,1.0,9.0,7.0
4469,256,6.707,1.8693,10.0,1.0
4470,1,5.0,0.0,5.0,5.0
4471,29,6.3103,1.628,10.0,3.0
4472,4089,8.0641,1.4468,10.0,1.0
4473,565,7.0159,1.8436,10.0,1.0
4475,53,6.6415,1.4424,10.0,2.0
4476,58,7.3621,1.9619,10.0,1.0
4477,3062,8.4141,1.1404,10.0,2.0
4479,19,5.8421,1.6754,10.0,4.0
4480,15,6.6667,1.6762,10.0,4.0
4481,25,6.88,1.394,10.0,5.0
4483,315,7.5905,1.3986,10.0,3.0
4484,5,5.0,2.5495,7.0,1.0
4485,4,7.25,0.9574,8.0,6.0
4486,15,7.1333,1.4075,9.0,4.0
4487,23,5.9565,1.5219,8.0,2.0
4488,18,6.4444,1.8542,10.0,3.0
4489,17,6.8235,1.6672,10.0,3.0
4490,17,6.6471,1.8689,10.0,3.0
4491,104,6.4904,1.9608,10.0,1.0
4492,34,6.0588,1.6504,10.0,1.0
4493,46,6.4348,2.0183,10.0,1.0
4494,45,6.0667,1.5433,10.0,3.0
4495,4,4.25,1.5,6.0,3.0
4496,25,5.48,2.0025,10.0,2.0
4497,6,5.1667,2.3166,8.0,1.0
4498,14,5.9286,1.0716,8.0,4.0
4502,234,7.4017,1.7848,10.0,1.0
4503,151,6.8344,1.5808,10.0,2.0
4504,4,7.0,0.8165,8.0,6.0
4508,118,6.9492,1.6269,10.0,3.0
4509,11,6.5455,2.1149,8.0,1.0
4511,6,6.3333,1.5055,8.0,4.0
4513,36,6.8333,1.5213,10.0,4.0
4514,35,7.0571,1.6259,10.0,4.0
4515,15,6.6,1.6388,10.0,3.0
4521,1,5.0,0.0,5.0,5.0
4522,12,5.75,1.6583,8.0,3.0
4524,24,7.0,1.7693,10.0,4.0
4531,27,4.5926,2.2059,9.0,1.0
4532,9,6.4444,1.5092,8.0,4.0
4533,13,6.9231,1.1152,8.0,5.0
4534,7,6.7143,1.1127,8.0,5.0
4535,1422,7.2222,1.5649,10.0,1.0
4536,6,6.0,1.7889,8.0,3.0
4537,13,5.7692,2.2043,10.0,1.0
4540,86,6.3721,1.8282,10.0,1.0
4541,33,5.9394,1.9675,10.0,2.0
4548,1437,7.1113,1.3692,10.0,1.0
4549,174,7.3851,1.5229,10.0,1.0
4550,1155,7.5654,1.2945,10.0,1.0
4551,2154,7.6267,1.4956,10.0,1.0
4553,6,6.3333,1.0328,8.0,5.0
4554,7,7.4286,1.5119,9.0,5.0
4555,44,6.0,1.6139,9.0,2.0
4556,8,4.625,1.8468,7.0,1.0
4557,4,3.5,1.7321,5.0,1.0
4558,25,5.8,2.0207,9.0,1.0
4560,5,5.8,1.6432,8.0,4.0
4561,8,4.0,2.5635,7.0,1.0
4562,25,6.56,1.8046,9.0,1.0
4563,13,6.0769,2.1001,10.0,2.0
4565,2437,8.7078,1.3024,10.0,1.0
4566,44,6.6591,1.38,10.0,2.0
4567,23,4.2609,2.0718,9.0,1.0
4574,1,4.0,0.0,4.0,4.0
4575,2,4.5,2.1213,6.0,3.0
4578,13,6.6154,1.7578,10.0,4.0
4581,2307,7.5548,1.3421,10.0,1.0
4584,42,6.2381,1.543,10.0,4.0
4586,37,7.6216,1.4014,10.0,5.0
4590,129,6.7907,1.8569,10.0,1.0
4591,32,6.9062,1.9734,10.0,2.0
4596,617,7.8817,1.4969,10.0,1.0
4597,4,7.0,0.8165,8.0,6.0
4598,2,8.5,2.1213,10.0,7.0
4599,13,6.4615,2.1839,10.0,1.0
4600,132,7.053,1.7662,10.0,1.0
4601,29,4.931,1.9627,10.0,1.0
4603,10,5.7,1.4181,8.0,3.0
4604,12,5.3333,1.9228,8.0,2.0
4606,14,6.2857,0.9139,8.0,4.0
4607,97,6.7216,1.875,10.0,2.0
4608,19,5.9474,2.0405,10.0,1.0
4614,4,7.75,0.9574,9.0,7.0
4615,6,6.5,1.7607,9.0,4.0
4616,15,6.4667,1.8848,10.0,4.0
4617,29,6.4828,1.1838,9.0,4.0
4618,1212,7.5437,1.3382,10.0,1.0
4638,8,5.875,1.6421,8.0,4.0
4639,27,7.6296,1.3909,10.0,5.0
4640,2,8.5,2.1213,10.0,7.0
4644,11,5.4545,1.3685,7.0,2.0
4645,12,5.0833,2.3533,7.0,1.0
4646,95,7.0842,1.2855,10.0,4.0
4650,131,7.374,1.6093,10.0,2.0
4651,9,7.8889,1.0541,9.0,6.0
4653,51,6.3922,1.8876,10.0,2.0
4654,9425,7.8968,1.3042,10.0,1.0
4657,228,6.9956,1.5721,10.0,1.0
4660,10,6.4,1.4298,8.0,4.0
4662,441,7.3401,1.6202,10.0,1.0
4663,69,7.5797,1.1556,10.0,4.0
4664,200,7.615,1.5094,10.0,2.0
4667,84,6.1786,2.072,10.0,1.0
4672,1697,8.145,1.3547,10.0,1.0
4675,16,5.4375,1.7877,8.0,1.0
4680,3,6.3333,0.5774,7.0,6.0
4681,1,4.0,0.0,4.0,4.0
4682,1,3.0,0.0,3.0,3.0
4685,62,5.9194,1.3586,10.0,2.0
4688,24,6.1667,1.6854,10.0,4.0
4689,55,6.2182,1.2866,9.0,3.0
4690,56,7.0714,1.3994,10.0,3.0
4692,19,6.2105,2.1234,10.0,2.0
4693,10,5.1,1.5951,7.0,2.0
4697,23,5.2174,1.8329,9.0,1.0
4698,78,6.7692,1.8859,10.0,1.0
4699,24,5.6667,1.4646,9.0,3.0
4700,9,5.6667,0.866,7.0,5.0
4701,34,6.5882,2.0761,10.0,1.0
4703,44,7.4545,1.5166,10.0,4.0
4705,927,7.37,1.5788,10.0,1.0
4709,4,5.25,1.7078,7.0,3.0
4712,136,6.7353,1.8509,10.0,1.0
4713,432,6.3287,1.8775,10.0,1.0
4714,52,6.5,2.4375,10.0,1.0
4715,560,7.5804,1.2521,10.0,1.0
4717,14,5.1429,2.2138,9.0,1.0
4718,130,6.0077,1.5019,10.0,1.0
4719,1404,6.4858,1.7541,10.0,1.0
4720,1211,7.0066,1.6196,10.0,1.0
4722,4893,8.4226,1.297,10.0,1.0
4723,1,7.0,0.0,7.0,7.0
4725,4554,7.9616,1.3376,10.0,1.0
4726,1874,7.5251,1.309,10.0,1.0
4729,16,6.1875,1.9397,9.0,1.0
4730,29,6.2069,2.1108,10.0,2.0
4731,8,6.875,1.8077,9.0,4.0
4732,52,6.2115,1.9935,10.0,1.0
4733,3,7.3333,2.5166,10.0,5.0
4737,3,8.0,1.0,9.0,7.0
4742,20,7.7,1.6575,10.0,5.0
4744,3806,6.9101,1.5435,10.0,1.0
4752,8966,7.736,1.7187,10.0,1.0
4756,29,6.7241,1.2506,8.0,3.0
4760,788,6.7398,1.9009,10.0,1.0
4761,5,4.8,1.7889,7.0,3.0
4763,110,6.7545,1.8031,10.0,1.0
4765,546,7.2179,1.4608,10.0,1.0
4772,359,8.2618,1.2678,10.0,3.0
4773,13,6.8462,2.0755,10.0,4.0
4774,16,5.3125,1.493,7.0,1.0
4775,14,5.7143,1.7728,8.0,2.0
4782,2,6.0,1.4142,7.0,5.0
4786,316,7.2278,1.5732,10.0,2.0
4789,3116,8.3591,1.3984,10.0,1.0
4792,627,6.6316,1.6205,10.0,1.0
4793,1037,6.7743,1.674,10.0,1.0
4794,287,6.6794,1.7546,10.0,1.0
4795,481,6.7048,1.8109,10.0,1.0
4798,464,7.4009,1.3735,10.0,3.0
4799,18,5.9444,1.8302,9.0,3.0
4800,26,6.6923,1.8497,10.0,3.0
4801,3,6.0,1.0,7.0,5.0
4802,6,6.3333,1.5055,9.0,5.0
4803,11,6.5455,2.2074,9.0,1.0
4804,119,7.1176,1.5794,10.0,2.0
4807,12,7.6667,1.7753,10.0,4.0
4808,9,5.8889,1.2693,8.0,4.0
4810,34,6.8824,1.591,10.0,4.0
4811,517,7.8762,1.2683,10.0,1.0
4813,12,6.0833,1.8809,10.0,4.0
4814,3696,8.4426,1.4304,10.0,1.0
4816,39,6.5385,1.5702,10.0,1.0
4817,8,5.625,2.5036,9.0,1.0
4818,7,5.4286,1.5119,8.0,4.0
4819,5,6.0,1.0,7.0,5.0
4820,8,5.75,2.4928,9.0,1.0
4821,15,5.4667,1.8074,9.0,2.0
4822,1,4.0,0.0,4.0,4.0
4823,38,6.0,1.7858,10.0,1.0
4824,7,6.7143,1.496,10.0,6.0
4825,4,5.25,1.7078,7.0,3.0
4827,58,5.6897,1.7593,9.0,2.0
4832,5,6.4,1.5166,8.0,4.0
4833,10,4.9,2.3781,10.0,1.0
4834,8,5.0,2.0,8.0,1.0
4835,5574,7.7829,1.4264,10.0,1.0
4840,13,5.5385,2.367,9.0,1.0
4841,6,4.8333,3.4303,10.0,1.0
4842,10,6.0,2.5386,10.0,1.0
4848,12,5.9167,1.505,8.0,2.0
4849,20,5.7,1.8382,9.0,2.0
4851,64,7.5156,1.3092,10.0,4.0
4852,13,6.7692,1.6408,9.0,5.0
4853,25,6.12,1.4236,8.0,2.0
4854,9,7.1111,0.7817,8.0,6.0
4855,10,6.6,2.2706,9.0,1.0
4856,6,6.5,1.3784,8.0,5.0
4866,977,5.4023,3.0415,10.0,1.0
4867,20,5.85,1.4244,9.0,4.0
4868,15,6.2667,1.8696,9.0,2.0
4872,1458,8.024,1.2625,10.0,1.0
4874,355,6.8676,1.6931,10.0,2.0
4876,20,7.3,1.4179,10.0,4.0
4879,565,7.6,1.4177,10.0,1.0
4884,2213,7.7578,1.3819,10.0,1.0
4886,392,7.9821,1.5095,10.0,1.0
4890,61,6.9016,1.4457,10.0,2.0
4896,3854,7.6323,1.7177,10.0,1.0
4898,12835,8.2664,1.4498,10.0,1.0
4901,3566,8.2574,1.2193,10.0,1.0
4903,746,7.4249,1.2965,10.0,2.0
4905,1,5.0,0.0,5.0,5.0
4907,6,6.0,1.2649,7.0,4.0
4908,54,5.8889,1.6445,10.0,1.0
4910,271,6.7786,1.8705,10.0,1.0
4917,7,6.8571,1.069,8.0,5.0
4918,1534,8.3149,1.164,10.0,2.0
4921,7,7.1429,1.3452,9.0,5.0
4923,10,6.8,1.8738,10.0,4.0
4926,31,7.5484,1.6899,10.0,5.0
4927,2,5.0,1.4142,6.0,4.0
4928,6,6.5,2.0736,8.0,3.0
4929,6,6.1667,1.3292,8.0,5.0
4933,6,5.6667,1.3663,7.0,4.0
4934,17,4.4118,2.4764,8.0,1.0
4935,14,7.5714,1.3986,10.0,5.0
4936,70,7.2429,1.221,10.0,5.0
4938,1597,8.3557,1.2808,10.0,1.0
4939,34,5.7647,1.8267,10.0,1.0
4940,1,7.0,0.0,7.0,7.0
4941,2,5.5,0.7071,6.0,5.0
4943,15,6.9333,2.1865,10.0,1.0
4946,29,6.7931,1.9526,10.0,2.0
4948,15,6.3333,1.7995,10.0,3.0
4961,9,7.3333,1.5811,10.0,5.0
4962,85,6.7412,1.4893,10.0,3.0
4966,39,4.9231,1.9247,10.0,1.0
4967,4,5.75,1.893,7.0,3.0
4970,2357,7.5515,1.5322,10.0,1.0
4975,6572,6.8818,1.7811,10.0,1.0
4981,1890,7.854,1.4714,10.0,1.0
4983,218,7.3853,1.654,10.0,1.0
4985,719,8.1641,1.4418,10.0,1.0
4991,7,7.8571,1.5736,10.0,6.0
4997,161,7.2733,1.4142,10.0,3.0
4999,4469,7.1674,1.4724,10.0,1.0
5002,8,7.375,1.598,9.0,5.0
5005,257,8.1284,1.2667,10.0,1.0
5006,17,6.6471,2.1489,10.0,3.0
5013,5,6.8,1.9235,10.0,5.0
5014,15,7.5333,1.8074,10.0,3.0
5016,90,7.0444,1.4757,10.0,2.0
5017,44,5.5227,1.7978,10.0,1.0
5018,3,5.6667,0.5774,6.0,5.0
5019,67,7.791,1.2375,10.0,5.0
5020,363,5.2975,2.397,10.0,1.0
5022,5,5.8,1.4832,8.0,4.0
5023,2,6.0,0.0,6.0,6.0
5025,66,5.4394,2.1132,10.0,2.0
5027,43,5.9535,1.851,10.0,1.0
5028,1054,8.6565,1.1798,10.0,1.0
5029,409,8.1663,1.1618,10.0,5.0
5030,3696,7.3604,1.4839,10.0,1.0
5031,77,7.1039,1.2203,10.0,3.0
5032,120,7.1417,1.3429,10.0,3.0
5034,1836,7.561,1.3819,10.0,1.0
5036,24,7.5,1.4744,10.0,4.0
5037,52,6.7885,1.7415,10.0,1.0
5039,1451,7.1978,1.5228,10.0,1.0
5040,2327,8.4925,1.1518,10.0,1.0
5041,639,7.482,1.4641,10.0,1.0
5042,1641,7.3924,1.7092,10.0,1.0
5043,28,7.3214,1.3892,10.0,5.0
5045,372,7.0296,1.594,10.0,2.0
5049,19,6.0526,1.8995,8.0,1.0
5051,39,6.359,2.2651,10.0,1.0
5052,7,5.8571,1.6762,8.0,3.0
5053,30,5.9667,1.4016,9.0,2.0
5054,42,6.9048,1.5271,10.0,4.0
5056,102,6.8137,1.4332,10.0,3.0
5060,3830,7.9961,1.5692,10.0,1.0
5065,757,7.5376,1.572,10.0,1.0
5070,50,6.76,1.4647,10.0,3.0
5071,3,8.0,1.0,9.0,7.0
5072,266,7.1842,1.7288,10.0,2.0
5074,1076,7.8625,1.2237,10.0,1.0
5075,19,8.4737,1.1723,10.0,6.0
5079,2059,7.5478,1.4306,10.0,1.0
5080,298,6.5,1.5159,10.0,1.0
5081,13846,8.5131,1.257,10.0,1.0
5082,10,6.8,1.3984,10.0,5.0
5084,176,7.5284,1.1609,10.0,4.0
5085,153,6.3007,2.0522,10.0,1.0
5088,3,6.6667,1.5275,8.0,5.0
5089,1,4.0,0.0,4.0,4.0
5090,8,6.125,1.4577,9.0,4.0
5091,19,7.1579,1.5005,10.0,4.0
5096,47,7.6809,1.5338,10.0,4.0
5097,280,7.3179,1.7482,10.0,1.0
5098,8,6.875,0.991,8.0,5.0
5101,31,6.0323,2.3307,10.0,1.0
5104,11,7.5455,1.4397,10.0,6.0
5107,18,5.1111,1.7786,8.0,1.0
5108,10,5.7,1.8886,8.0,1.0
5109,30,6.3667,1.8659,10.0,2.0
5112,2735,6.6325,1.6648,10.0,1.0
5114,21494,9.3227,0.9365,10.0,1.0
5116,706,7.1006,1.4932,10.0,1.0
5117,17,6.2353,2.1946,10.0,1.0
5118,2504,7.7368,1.4671,10.0,1.0
5129,11,6.3636,1.9117,10.0,3.0
5131,4,5.75,2.2174,8.0,3.0
5132,69,6.7391,1.4106,10.0,3.0
5133,11,6.3636,1.206,8.0,5.0
5136,26,7.2692,1.2824,10.0,4.0
5140,2,7.5,0.7071,8.0,7.0
5141,290,7.4966,1.265,10.0,1.0
5143,4,8.0,2.1602,10.0,5.0
5147,63,6.746,1.3792,10.0,3.0
5150,2068,7.5595,1.3893,10.0,1.0
5151,3,6.6667,2.5166,9.0,4.0
5152,1204,7.2375,1.6886,10.0,1.0
5153,10,6.8,1.8738,10.0,4.0
5154,7,6.1429,1.6762,9.0,4.0
5155,154,7.2208,1.6499,10.0,1.0
5157,22,6.2273,1.771,10.0,2.0
5158,147,5.4014,1.7068,9.0,1.0
5159,4,5.25,1.2583,7.0,4.0
5160,8,4.5,1.7728,8.0,2.0
5162,1810,7.8055,1.2467,10.0,1.0
5163,721,7.3842,1.5761,10.0,1.0
5164,62,6.7097,1.4753,10.0,3.0
5165,62,6.8387,1.5597,10.0,3.0
5167,14,4.8571,1.8752,7.0,1.0
5168,133,7.0,1.619,10.0,1.0
5172,132,7.2879,1.7886,10.0,1.0
5173,24,6.125,1.8954,10.0,1.0
5177,2647,7.9516,1.3945,10.0,1.0
5178,1117,6.359,1.893,10.0,1.0
5189,6,6.8333,1.7224,9.0,4.0
5190,5,6.0,1.2247,8.0,5.0
5191,20,6.85,2.1831,10.0,1.0
5192,1,5.0,0.0,5.0,5.0
5193,6,4.0,1.2649,5.0,2.0
5194,214,7.0981,1.6543,10.0,1.0
5196,234,7.4658,1.5506,10.0,2.0
5197,14,7.3571,1.6919,10.0,3.0
5199,134,7.4925,1.5056,10.0,3.0
5200,36,7.6667,1.5119,10.0,5.0
5201,19,6.5789,1.465,10.0,4.0
5203,23,6.9565,1.9183,10.0,2.0
5204,3694,7.9017,1.3581,10.0,1.0
5205,3510,8.6909,1.2245,10.0,1.0
5207,1,1.0,0.0,1.0,1.0
5208,22,6.6364,2.1279,10.0,1.0
5209,48,6.4375,1.8783,10.0,3.0
5210,27,6.6296,1.713,10.0,3.0
5211,39,5.8974,2.2337,10.0,1.0
5212,65,6.3846,1.8001,10.0,1.0
5213,33,6.6667,2.0867,10.0,1.0
5214,62,6.4194,1.7792,10.0,1.0
5216,443,7.3883,1.4747,10.0,1.0
5217,24,6.8333,1.0495,8.0,4.0
5220,878,7.3178,1.5238,10.0,1.0
5223,13,6.4615,0.8771,8.0,5.0
5225,108,6.8611,1.5794,10.0,1.0
5226,125,7.712,1.3126,10.0,4.0
5228,402,7.4801,1.4355,10.0,1.0
5231,828,7.8442,1.4781,10.0,2.0
5232,8,5.875,1.8851,8.0,3.0
5233,727,7.5585,1.4322,10.0,1.0
5234,4,5.25,1.7078,7.0,3.0
5235,3,9.0,1.7321,10.0,7.0
5237,11,5.2727,2.3277,9.0,1.0
5238,17,7.5882,1.7698,10.0,3.0
5244,320,7.6719,1.5277,10.0,2.0
5246,4,6.25,1.2583,8.0,5.0
5249,2,6.5,2.1213,8.0,5.0
5250,12,6.5833,1.4434,9.0,4.0
5251,345,7.8,1.4358,10.0,2.0
5252,913,7.7755,1.4037,10.0,2.0
5256,229,6.69,1.7484,10.0,1.0
5258,3116,8.8145,1.0492,10.0,1.0
5259,59,6.4068,1.7132,10.0,1.0
5260,3,7.6667,1.1547,9.0,7.0
5262,2032,7.7544,1.6088,10.0,1.0
5263,26,6.3462,1.231,9.0,4.0
5265,76,6.7632,1.3453,10.0,4.0
5266,14,7.2857,1.4373,10.0,5.0
5267,22,7.1364,1.5521,10.0,4.0
5270,73,5.9863,1.8671,10.0,1.0
5272,5,7.0,2.0,10.0,5.0
5273,25,7.64,1.5242,10.0,5.0
5274,3,7.0,2.0,9.0,5.0
5276,4,7.75,1.7078,10.0,6.0
5277,4209,7.7707,1.4251,10.0,1.0
5278,2,8.0,1.4142,9.0,7.0
5279,1521,7.311,1.5022,10.0,1.0
5281,48,6.6875,1.6394,10.0,1.0
5285,7,6.8571,1.5736,10.0,5.0
5287,10,6.1,1.1972,9.0,5.0
5288,70,6.6714,1.401,10.0,3.0
5289,19,6.1579,1.6077,9.0,3.0
5290,68,7.8971,1.5273,10.0,2.0
5291,130,7.8846,1.3215,10.0,5.0
5292,6,6.8333,1.6021,8.0,4.0
5293,6,6.0,1.2649,8.0,5.0
5296,14,7.2143,1.5281,10.0,5.0
5298,174,7.069,1.7423,10.0,1.0
5299,5,5.2,1.3038,7.0,4.0
5300,3840,8.694,1.1111,10.0,1.0
5303,2,5.5,2.1213,7.0,4.0
5304,36,4.9722,1.9638,8.0,1.0
5305,316,6.9399,1.72,10.0,1.0
5306,565,7.7841,1.338,10.0,2.0
5307,377,7.2971,1.4224,10.0,1.0
5308,25,6.64,1.3808,10.0,3.0
5310,750,8.0747,1.3295,10.0,1.0
5311,15,6.5333,1.8465,9.0,3.0
5314,5,6.6,0.8944,8.0,6.0
5315,89,7.1011,1.8832,10.0,1.0
5316,99,6.2727,2.3422,10.0,1.0
5321,39,6.359,1.3473,10.0,3.0
5322,23,5.5652,1.1995,7.0,2.0
5324,41,6.4146,1.7172,10.0,1.0
5330,7,5.0,1.5275,7.0,3.0
5332,281,7.573,1.2023,10.0,2.0
5333,475,6.9411,1.7992,10.0,1.0
5337,388,6.6392,1.9179,10.0,1.0
5341,7230,8.5253,1.1658,10.0,1.0
5342,2410,7.2759,1.4807,10.0,1.0
5343,17,7.5294,1.4194,10.0,4.0
5344,4,7.0,1.4142,8.0,5.0
5347,257,6.786,1.9113,10.0,1.0
5348,276,7.6775,1.3271,10.0,3.0
5351,114,7.4298,1.445,10.0,4.0
5353,11,6.8182,1.9909,9.0,3.0
5355,2836,7.7687,1.3686,10.0,1.0
5356,3810,7.585,1.3711,10.0,1.0
5365,1598,8.4406,1.3074,10.0,2.0
5369,242,6.5537,1.7449,10.0,1.0
5372,13,6.1538,1.573,10.0,4.0
5375,11,6.4545,2.0181,10.0,3.0
5383,18,6.2222,1.9571,10.0,3.0
5386,73,6.6849,1.2897,10.0,4.0
5391,1047,5.4699,2.9607,10.0,1.0
5393,15,5.2667,2.1202,8.0,1.0
5395,4,6.5,1.7321,9.0,5.0
5396,2,6.0,1.4142,7.0,5.0
5397,153,7.6275,1.4863,10.0,3.0
5398,12,6.0833,1.832,8.0,2.0
5399,17,6.5882,1.9704,10.0,3.0
5400,5,6.0,2.7386,9.0,2.0
5401,17,5.3529,1.4975,7.0,3.0
5402,9,5.2222,1.7873,7.0,2.0
5403,15,6.0,1.3628,8.0,4.0
5408,6,4.6667,2.582,7.0,1.0
5411,18,6.1111,1.8752,9.0,1.0
5415,11,6.6364,1.206,9.0,5.0
5419,269,7.7435,1.3866,10.0,1.0
5420,524,8.645,1.1798,10.0,3.0
5421,22,6.0,2.1381,10.0,2.0
5423,6,4.8333,2.137,7.0,1.0
5424,135,7.037,1.6946,10.0,1.0
5427,52,6.7692,2.0543,10.0,1.0
5439,8,7.0,1.5119,10.0,5.0
5440,6,6.3333,1.7512,8.0,3.0
5447,6,4.8333,2.3166,8.0,1.0
5449,10,7.7,1.7029,10.0,6.0
5454,503,6.8926,1.471,10.0,1.0
5455,44,6.9773,1.8235,10.0,3.0
5458,349,7.2894,1.6538,10.0,1.0
5460,782,8.4412,1.3034,10.0,1.0
5462,190,6.3105,1.3107,10.0,3.0
5464,193,6.9896,1.726,10.0,1.0
5466,8,6.375,1.685,8.0,3.0
5468,1,10.0,0.0,10.0,10.0
5469,25,6.56,1.3254,9.0,3.0
5472,12,5.5,1.7321,9.0,3.0
5473,1,8.0,0.0,8.0,8.0
5474,4,7.75,1.7078,10.0,6.0
5475,5,6.2,2.1679,9.0,3.0
5476,5,7.0,1.0,8.0,6.0
5477,1,10.0,0.0,10.0,10.0
5484,44,6.7955,1.5638,10.0,2.0
5485,148,8.1149,1.2752,10.0,1.0
5492,9,6.2222,1.0929,7.0,4.0
5493,251,7.8207,1.3666,10.0,3.0
5494,32,7.5938,1.8984,10.0,2.0
5496,52,6.7115,1.8186,10.0,1.0
5501,53,6.566,2.0802,10.0,2.0
5503,5,3.6,1.1402,5.0,2.0
5504,465,7.5054,1.4083,10.0,1.0
5505,222,7.036,1.4009,10.0,1.0
5507,2238,7.9075,1.3388,10.0,1.0
5515,4,5.25,1.7078,7.0,3.0
5520,13,8.0769,2.0191,10.0,4.0
5521,1219,7.6013,1.3305,10.0,1.0
5522,21,6.0952,1.9211,10.0,1.0
5525,4007,7.6169,1.5619,10.0,1.0
5526,987,6.925,1.6943,10.0,1.0
5529,192,6.4948,1.9144,10.0,1.0
5530,6213,8.0673,1.3743,10.0,1.0
5534,2,7.0,1.4142,8.0,6.0
5535,3,9.3333,1.1547,10.0,8.0
5538,486,7.7099,1.2988,10.0,3.0
5539,70,6.8857,1.5838,10.0,1.0
5540,3,4.0,2.6458,6.0,1.0
5541,2,1.0,0.0,1.0,1.0
5542,1,1.0,0.0,1.0,1.0
5543,2,2.5,2.1213,4.0,1.0
5544,4,4.25,1.7078,6.0,2.0
5545,10,4.8,2.3944,9.0,1.0
5546,3,3.3333,1.1547,4.0,2.0
5547,1,1.0,0.0,1.0,1.0
5548,3,4.3333,3.0551,7.0,1.0
5549,43,5.4651,2.2609,10.0,1.0
5550,9,5.5556,2.5055,8.0,1.0
5551,3,4.0,2.6458,6.0,1.0
5552,2,2.0,1.4142,3.0,1.0
5553,3,5.3333,3.7859,8.0,1.0
5554,1,2.0,0.0,2.0,2.0
5555,3,4.0,2.6458,6.0,1.0
5556,4,5.75,3.2016,8.0,1.0
5557,5,5.0,1.5811,7.0,3.0
5558,8,5.25,2.4928,9.0,1.0
5559,3,4.6667,3.2146,7.0,1.0
5560,4,3.75,1.893,5.0,1.0
5561,9,4.0,1.8028,6.0,1.0
5563,7,4.4286,2.4398,8.0,1.0
5564,6,3.6667,1.5055,5.0,1.0
5565,7,5.5714,2.5728,9.0,1.0
5566,10,5.6,2.3664,10.0,1.0
5567,3,2.3333,2.3094,5.0,1.0
5568,21,5.6667,1.8797,10.0,2.0
5569,14,2.8571,2.3157,7.0,1.0
5570,10,4.9,2.2336,7.0,1.0
5571,1,1.0,0.0,1.0,1.0
5572,12,5.1667,2.0375,8.0,1.0
5573,4,5.75,3.7749,10.0,1.0
5575,6,4.3333,1.7512,6.0,1.0
5576,39,5.2821,2.0124,9.0,1.0
5578,46,7.1304,1.8691,10.0,2.0
5581,1,4.0,0.0,4.0,4.0
5583,173,7.0058,1.6157,10.0,2.0
5584,10,6.2,0.9189,8.0,5.0
5585,10,6.5,0.9718,8.0,5.0
5586,2,3.5,3.5355,6.0,1.0
5587,4,5.5,2.3805,7.0,2.0
5588,5,3.8,2.7749,7.0,1.0
5589,15,4.4667,3.0907,10.0,1.0
5590,12,5.9167,2.0207,8.0,1.0
5593,1937,7.6355,1.4339,10.0,1.0
5597,674,7.6113,1.3073,10.0,1.0
5600,5,6.8,1.3038,8.0,5.0
5602,6,3.8333,1.472,5.0,2.0
5603,43,7.093,1.5089,10.0,4.0
5605,11,5.1818,2.1826,8.0,2.0
5606,1,10.0,0.0,10.0,10.0
5607,4,5.5,1.7321,7.0,3.0
5608,4,6.0,1.4142,8.0,5.0
5609,11,5.2727,2.2843,10.0,1.0
5610,5,5.2,0.4472,6.0,5.0
5611,3,5.6667,0.5774,6.0,5.0
5612,4,5.25,1.5,7.0,4.0
5613,26,5.8462,1.8481,10.0,1.0
5614,8,5.875,2.1671,8.0,1.0
5618,6,7.1667,0.7528,8.0,6.0
5620,16,5.5625,1.4592,7.0,2.0
5621,1,6.0,0.0,6.0,6.0
5622,15,5.5333,1.9223,9.0,2.0
5624,84,6.2857,1.9609,10.0,1.0
5628,1,5.0,0.0,5.0,5.0
5629,6,7.3333,1.2111,8.0,5.0
5630,9086,8.2322,1.2762,10.0,1.0
5631,14,5.9286,1.6854,10.0,4.0
5632,21,5.7143,1.5856,8.0,3.0
5636,2,7.0,0.0,7.0,7.0
5640,3,6.6667,1.5275,8.0,5.0
5643,47,6.766,2.0977,10.0,1.0
5644,28,7.0,2.0548,10.0,2.0
5645,14,5.5,2.2787,10.0,1.0
5646,14,5.8571,1.4601,8.0,2.0
5647,6,5.6667,2.9439,10.0,1.0
5648,3,5.3333,1.5275,7.0,4.0
5649,13,5.4615,1.7614,8.0,1.0
5651,42,6.881,1.7834,10.0,2.0
5652,24,6.5833,1.8396,9.0,2.0
5653,46,6.5217,1.6294,10.0,3.0
5656,85,5.3765,1.786,10.0,1.0
5658,49,7.2449,1.2167,10.0,4.0
5661,10,4.4,1.5055,7.0,2.0
5662,16,6.1875,0.9811,8.0,5.0
5663,5,6.0,3.1623,9.0,1.0
5664,4,4.75,2.63,7.0,1.0
5665,2,4.5,0.7071,5.0,4.0
5667,3062,7.6071,1.535,10.0,1.0
5670,280,7.5036,1.336,10.0,3.0
5671,1468,7.6955,1.3371,10.0,1.0
5673,10,6.8,1.6193,10.0,5.0
5674,21,5.9524,2.0851,9.0,1.0
5675,910,7.611,1.5423,10.0,1.0
5678,2191,8.3295,1.3656,10.0,1.0
5680,13443,8.039,1.452,10.0,1.0
5681,8386,8.4456,1.2528,10.0,1.0
5682,4130,8.3065,1.3533,10.0,1.0
5684,126,7.3571,1.4722,10.0,3.0
5686,55,6.5818,1.6181,10.0,2.0
5687,7,4.7143,2.43,8.0,1.0
5688,13,7.6154,1.5021,10.0,5.0
5689,6,6.5,1.3784,8.0,4.0
5690,2567,8.5115,1.1246,10.0,2.0
5691,124,7.6129,1.6709,10.0,1.0
5693,1,8.0,0.0,8.0,8.0
5702,797,7.4755,1.5743,10.0,1.0
5710,47,7.7021,1.6929,10.0,2.0
5712,117,7.7778,1.7276,10.0,3.0
5713,884,7.7195,1.2647,10.0,1.0
5715,30,5.3667,2.0083,9.0,1.0
5717,1021,7.4202,1.5595,10.0,1.0
5719,516,7.2539,1.8028,10.0,1.0
5723,18,6.0,1.8787,10.0,2.0
5725,44,6.4545,1.898,10.0,3.0
5733,20,5.35,1.7852,9.0,1.0
5734,1622,7.1658,1.538,10.0,1.0
5742,24,7.2083,1.4136,10.0,5.0
5743,54,6.7963,1.7198,10.0,1.0
5751,290,7.8862,1.4108,10.0,3.0
5753,84,7.4405,1.7723,10.0,1.0
5755,14,7.0714,1.0716,9.0,5.0
5760,6,7.5,0.5477,8.0,7.0
5762,263,6.8479,1.7755,10.0,1.0
5763,19,6.5789,1.3871,10.0,4.0
5764,2358,7.5221,1.682,10.0,1.0
5772,1266,6.6769,1.7996,10.0,1.0
5773,4,4.25,2.7538,7.0,1.0
5774,926,7.5259,1.6574,10.0,1.0
5781,2108,8.1731,1.3712,10.0,1.0
5783,5,5.4,2.1909,8.0,2.0
5784,503,7.0179,1.8504,10.0,1.0
5785,52,6.1346,1.4556,10.0,3.0
5799,9,6.8889,1.6159,10.0,5.0
5802,41,7.4634,1.5827,10.0,3.0
5811,13,4.3846,1.5021,6.0,1.0
5812,10,5.1,1.3703,7.0,3.0
5813,23,4.6087,1.4997,7.0,2.0
5814,16,4.4375,1.6317,7.0,2.0
5819,57,6.9649,1.5114,10.0,2.0
5821,2,7.5,3.5355,10.0,5.0
5826,25,5.8,1.354,9.0,3.0
5828,19,7.1053,1.9971,10.0,2.0
5829,2,5.0,1.4142,6.0,4.0
5830,6,8.5,2.0736,10.0,5.0
5832,81,7.3827,1.5047,10.0,4.0
5833,4,5.75,2.3629,9.0,4.0
5834,4,7.0,1.633,9.0,5.0
5835,867,8.0265,1.4467,10.0,2.0
5838,11,4.2727,1.3484,6.0,2.0
5842,33,6.2727,1.7901,10.0,1.0
5844,94,6.7979,1.7387,10.0,1.0
5845,95,6.6632,1.7358,10.0,1.0
5848,8,7.125,1.6421,10.0,5.0
5849,46,6.9348,1.4048,10.0,4.0
5854,15,7.6,1.4541,10.0,5.0
5859,93,6.871,1.6696,10.0,1.0
5862,6,7.0,1.4142,9.0,5.0
5865,42,6.7381,1.4324,10.0,3.0
5868,12,5.0,0.8528,6.0,3.0
5869,9,6.2222,0.9718,8.0,5.0
5870,7,5.2857,1.3801,7.0,3.0
5871,11,5.4545,1.1282,7.0,3.0
5872,7,4.5714,1.9024,6.0,1.0
5873,17,5.8824,1.4951,8.0,2.0
5874,5,4.8,1.7889,6.0,2.0
5875,29,6.069,1.4622,9.0,3.0
5876,5,5.2,1.9235,8.0,3.0
5877,11,2.8182,2.6765,10.0,1.0
5878,4,6.75,1.893,8.0,4.0
5880,31,5.1613,1.5937,9.0,1.0
5883,17,6.8824,1.9963,10.0,1.0
5886,2,7.0,1.4142,8.0,6.0
5889,15,6.1333,2.722,10.0,2.0
5890,57,6.4561,1.691,10.0,2.0
5891,23,7.2174,1.7827,10.0,4.0
5895,3,9.0,1.7321,10.0,7.0
5900,3,6.3333,0.5774,7.0,6.0
5902,710,7.1873,1.7815,10.0,1.0
5904,22,5.4545,1.4712,7.0,1.0
5907,10,6.2,0.9189,8.0,5.0
5909,3589,7.6718,1.3619,10.0,1.0
5914,670,7.1433,1.4845,10.0,1.0
5917,6,7.1667,2.137,10.0,4.0
5918,66,6.3485,1.353,10.0,3.0
5920,5,5.2,0.8367,6.0,4.0
5921,2,6.5,2.1213,8.0,5.0
5922,5,6.6,2.4083,10.0,4.0
5923,3,7.3333,1.5275,9.0,6.0
5924,28,6.4643,1.7529,10.0,2.0
5926,8,5.25,0.7071,6.0,4.0
5929,6,7.5,1.3784,9.0,5.0
5930,3,5.6667,0.5774,6.0,5.0
5931,2,5.0,1.4142,6.0,4.0
5934,1,4.0,0.0,4.0,4.0
5935,3,5.3333,0.5774,6.0,5.0
5936,8,7.125,1.8077,10.0,4.0
5938,12,7.3333,1.8749,10.0,4.0
5940,2930,7.0802,1.4561,10.0,1.0
5941,1373,8.6926,1.2056,10.0,1.0
5943,1,5.0,0.0,5.0,5.0
5945,127,6.8583,1.5722,10.0,1.0
5947,727,7.7221,1.5202,10.0,1.0
5953,20,6.95,1.6694,10.0,4.0
5955,1370,7.2664,1.5197,10.0,1.0
5957,917,6.8691,1.7825,10.0,1.0
5958,7191,7.8814,1.4276,10.0,1.0
5959,197,7.5076,1.8031,10.0,1.0
5962,325,6.7938,1.636,10.0,1.0
5967,77,7.0779,1.4579,10.0,3.0
5968,66,7.0606,1.3798,10.0,3.0
5973,766,7.0509,1.6557,10.0,1.0
5978,1074,7.3557,1.2902,10.0,2.0
5983,115,7.1739,1.5909,10.0,2.0
5984,465,7.686,1.3913,10.0,1.0
5986,2,8.0,1.4142,9.0,7.0
5990,3,4.6667,0.5774,5.0,4.0
5992,7,6.4286,1.5119,9.0,4.0
5993,41,6.5122,1.7906,10.0,1.0
5994,1,10.0,0.0,10.0,10.0
5996,177,7.1921,1.5512,10.0,2.0
5997,2,7.5,0.7071,8.0,7.0
5998,214,7.7383,1.4781,10.0,1.0
6000,10,4.7,1.6364,7.0,2.0
6007,3231,8.0226,1.2361,10.0,1.0
6008,37,6.3784,1.8005,10.0,1.0
6012,4,6.5,2.6458,10.0,4.0
6015,3,5.6667,1.1547,7.0,5.0
6016,204,7.3578,1.487,10.0,1.0
6023,1884,7.4973,1.5522,10.0,1.0
6024,375,8.0453,1.3935,10.0,3.0
6025,15,5.1333,2.5317,9.0,1.0
6028,12,7.3333,1.557,10.0,5.0
6030,2674,7.598,1.4267,10.0,1.0
6031,11,7.2727,1.4894,10.0,5.0
6032,110,7.2091,1.6147,10.0,2.0
6033,3294,8.0301,1.4196,10.0,1.0
6038,34,5.8529,1.5001,8.0,1.0
6041,76,6.8947,1.9084,10.0,1.0
6045,9538,8.3425,1.2937,10.0,1.0
6046,1071,7.9094,1.2782,10.0,1.0
6050,325,8.1231,1.2994,10.0,3.0
6055,7,6.1429,1.8645,7.0,2.0
6056,5,5.8,2.7749,8.0,1.0
6060,2,7.0,0.0,7.0,7.0
6061,9,5.4444,1.8782,9.0,3.0
6062,7,6.7143,1.7995,10.0,5.0
6064,775,7.431,1.7719,10.0,1.0
6068,49,6.7551,1.422,10.0,3.0
6069,29,7.3103,1.9292,10.0,1.0
6071,1,6.0,0.0,6.0,6.0
6074,1,6.0,0.0,6.0,6.0
6075,4,5.75,1.2583,7.0,4.0
6076,14,6.2857,1.2044,8.0,5.0
6077,2,8.5,2.1213,10.0,7.0
6087,14,6.1429,1.4064,10.0,5.0
6090,19,5.1053,2.0789,8.0,1.0
6093,5,6.2,0.4472,7.0,6.0
6094,25,7.04,1.8138,10.0,3.0
6095,4,7.0,1.4142,9.0,6.0
6096,5,6.2,0.8367,7.0,5.0
6097,12,6.5833,1.832,10.0,4.0
6098,952,7.3015,1.2752,10.0,2.0
6107,11,6.0909,1.446,8.0,4.0
6112,573,7.1204,1.4692,10.0,1.0
6114,2716,8.8137,1.2098,10.0,1.0
6115,651,8.0783,1.3895,10.0,2.0
6116,8,7.875,1.6421,10.0,6.0
6117,32,7.5625,1.6837,10.0,4.0
6119,1,3.0,0.0,3.0,3.0
6120,30,5.9,1.7879,10.0,2.0
6122,96,6.9167,1.6649,10.0,2.0
6127,1897,6.612,1.8545,10.0,1.0
6129,313,6.9361,1.4857,10.0,1.0
6130,18,6.2778,1.4473,9.0,2.0
6131,11,4.9091,1.8141,7.0,1.0
6133,1,4.0,0.0,4.0,4.0
6137,57,7.1053,1.5432,10.0,1.0
6148,134,6.6343,1.374,10.0,3.0
6150,1,7.0,0.0,7.0,7.0
6151,847,7.3884,1.3996,10.0,2.0
6152,206,7.7282,1.8383,10.0,1.0
6153,139,7.554,1.7741,10.0,2.0
6154,159,8.0755,1.4432,10.0,4.0
6156,1,5.0,0.0,5.0,5.0
6162,323,6.8885,1.4098,10.0,1.0
6163,536,7.4142,1.6026,10.0,1.0
6164,1160,7.3483,1.437,10.0,1.0
6165,726,7.1667,1.5848,10.0,1.0
6166,3095,7.0737,1.582,10.0,1.0
6169,152,7.4605,1.5393,10.0,2.0
6171,1264,8.2286,1.329,10.0,1.0
6172,475,7.8,1.3703,10.0,1.0
6178,1151,7.1885,1.5385,10.0,1.0
6181,17,4.4706,2.0651,8.0,1.0
6182,34,7.4706,1.5999,10.0,4.0
6183,7,6.1429,3.4365,10.0,1.0
6184,15,5.8,1.3202,8.0,3.0
6187,715,7.6364,1.391,10.0,1.0
6189,37,5.8919,1.6122,10.0,2.0
6194,154,7.1364,1.7342,10.0,1.0
6198,245,7.3469,1.4422,10.0,2.0
6199,78,7.0641,1.854,10.0,1.0
6201,4027,7.2011,1.5833,10.0,1.0
6202,3,8.6667,1.5275,10.0,7.0
6203,972,7.3632,1.3611,10.0,1.0
6205,5345,6.9738,1.7033,10.0,1.0
6206,1,6.0,0.0,6.0,6.0
6209,102,7.0098,1.4522,10.0,3.0
6211,3318,8.33,1.2549,10.0,1.0
6213,6722,7.9903,1.2762,10.0,1.0
6215,52,6.4038,1.4985,10.0,3.0
6217,44,7.3409,1.4776,10.0,2.0
6219,59,7.5424,1.5236,10.0,4.0
6220,52,6.6538,1.9492,10.0,1.0
6226,52,7.0,1.5081,10.0,4.0
6227,33,6.697,1.4467,9.0,3.0
6229,2,8.0,1.4142,9.0,7.0
6230,2,7.5,0.7071,8.0,7.0
6231,247,7.5466,1.3453,10.0,3.0
6234,244,6.6434,1.7591,10.0,1.0
6235,30,6.4667,1.5025,10.0,3.0
6245,25,7.04,1.5937,10.0,3.0
6246,39,6.9744,1.3076,10.0,4.0
6251,36,6.8056,1.5642,10.0,3.0
6261,1,5.0,0.0,5.0,5.0
6262,6,7.1667,2.8577,10.0,2.0
6266,15,6.7333,1.3345,10.0,4.0
6268,2,5.0,1.4142,6.0,4.0
6270,4,5.0,2.4495,7.0,2.0
6272,2,8.0,0.0,8.0,8.0
6275,176,6.9148,1.7529,10.0,1.0
6276,63,6.2698,1.8422,10.0,1.0
6277,5,5.4,1.5166,7.0,3.0
6280,867,7.3576,1.6631,10.0,1.0
6281,49,4.9388,2.2118,9.0,1.0
6286,64,6.4531,2.0153,10.0,1.0
6287,814,6.5528,1.697,10.0,1.0
6288,1564,7.5825,1.6699,10.0,1.0
6291,951,7.6951,1.3855,10.0,2.0
6293,32,7.125,1.2115,10.0,5.0
6297,13,7.8462,1.4051,10.0,6.0
6299,119,7.4706,1.4777,10.0,2.0
6303,8,7.375,1.5059,10.0,5.0
6305,55,6.1273,1.6893,10.0,1.0
6310,9,6.7778,1.7159,10.0,5.0
6311,9,6.2222,0.8333,8.0,5.0
6312,40,7.275,1.0124,10.0,6.0
6318,22,5.6818,2.056,10.0,1.0
6324,4133,7.3337,1.5087,10.0,1.0
6325,3627,7.6137,1.5065,10.0,1.0
6327,41,6.561,2.05,10.0,1.0
6328,26,6.4231,2.5008,10.0,1.0
6330,251,7.0677,1.6922,10.0,1.0
6331,14,6.6429,2.0979,9.0,2.0
6336,715,8.4979,1.2651,10.0,3.0
6337,36,7.0278,1.8281,10.0,2.0
6344,346,7.2283,1.4193,10.0,2.0
6346,38,5.1053,1.5732,8.0,2.0
6347,10147,8.013,1.3199,10.0,1.0
6351,6469,8.1305,1.372,10.0,1.0
6355,28,5.9643,1.1049,8.0,4.0
6361,722,7.4446,1.5366,10.0,1.0
6366,2,6.5,3.5355,9.0,4.0
6368,152,6.8816,1.5944,10.0,2.0
6372,4235,7.8793,1.3296,10.0,1.0
6374,16,6.875,1.4083,9.0,3.0
6375,14,6.7143,1.5407,9.0,3.0
6377,1500,8.0913,1.2559,10.0,1.0
6379,169,7.3254,1.2467,10.0,3.0
6380,477,7.4235,1.1472,10.0,1.0
6381,1713,7.5015,1.4981,10.0,1.0
6383,2,6.0,5.6569,10.0,2.0
6384,1,7.0,0.0,7.0,7.0
6385,252,6.0992,1.7037,10.0,1.0
6390,9,5.2222,2.5386,8.0,1.0
6392,529,5.1645,2.2658,10.0,1.0
6397,5,5.0,2.3452,7.0,1.0
6399,455,7.8703,1.5014,10.0,1.0
6401,463,7.5421,1.5701,10.0,1.0
6402,56,6.2679,1.7938,10.0,2.0
6408,1295,7.8402,1.4762,10.0,1.0
6412,4,4.5,1.291,6.0,3.0
6413,8,5.75,2.4349,9.0,1.0
6418,132,6.9394,1.6146,10.0,1.0
6419,4,5.25,2.2174,7.0,2.0
6421,2175,8.1513,1.2089,10.0,3.0
6422,41,5.7805,1.9041,10.0,1.0
6425,464,6.5237,1.7486,10.0,1.0
6428,2,5.0,2.8284,7.0,3.0
6431,10,5.2,1.3166,7.0,3.0
6437,58,6.4655,1.719,10.0,3.0
6438,368,8.2473,1.2792,10.0,3.0
6443,309,6.2524,1.7305,10.0,1.0
6444,1834,7.922,1.3623,10.0,1.0
6447,1,5.0,0.0,5.0,5.0
6448,3,6.0,1.7321,7.0,4.0
6452,5,6.2,2.0494,8.0,4.0
6460,46,7.4565,1.545,10.0,3.0
6462,16,6.5625,1.3647,9.0,4.0
6463,16,8.1875,1.0468,10.0,7.0
6465,102,7.098,2.0124,10.0,1.0
6467,724,8.3771,1.2645,10.0,3.0
6468,5,6.6,2.4083,10.0,4.0
6472,16,6.5625,1.8963,9.0,1.0
6479,628,7.0764,1.4912,10.0,1.0
6481,1,4.0,0.0,4.0,4.0
6484,6,5.6667,2.2509,8.0,2.0
6489,712,7.1152,1.8769,10.0,1.0
6491,34,6.2941,2.25,10.0,2.0
6492,6,6.3333,1.7512,9.0,4.0
6496,26,6.3846,1.7906,9.0,2.0
6500,3371,7.0157,1.8001,10.0,1.0
6505,503,8.336,1.3524,10.0,1.0
6509,22,6.8636,1.3903,10.0,5.0
6511,40,6.65,1.6101,9.0,3.0
6512,5631,7.556,1.3511,10.0,1.0
6513,13,5.6154,1.7097,8.0,2.0
6517,1,5.0,0.0,5.0,5.0
6518,9,6.8889,1.1667,9.0,5.0
6519,1,5.0,0.0,5.0,5.0
6520,2,6.0,0.0,6.0,6.0
6522,2,3.5,0.7071,4.0,3.0
6525,19,6.0526,1.9853,10.0,1.0
6527,45,6.4222,1.7253,10.0,2.0
6531,65,6.9077,1.8517,10.0,1.0
6533,57,6.9825,1.4698,10.0,4.0
6535,55,5.0182,2.4532,9.0,1.0
6546,140,5.5357,3.0046,10.0,1.0
6547,23565,8.5497,1.3463,10.0,1.0
6548,887,7.4442,1.6241,10.0,1.0
6553,616,7.7744,1.6905,10.0,1.0
6554,19,7.5263,1.6114,10.0,4.0
6555,107,6.8037,1.6735,10.0,1.0
6557,10,6.3,0.8233,7.0,5.0
6558,76,6.5658,1.6918,10.0,1.0
6560,18,7.3889,2.6377,10.0,1.0
6566,69,7.6522,1.3914,10.0,5.0
6567,41,7.1951,1.6766,10.0,3.0
6568,2,4.0,1.4142,5.0,3.0
6572,1846,7.5536,1.3619,10.0,1.0
6573,8269,7.8019,1.4398,10.0,1.0
6574,1328,7.5986,1.3407,10.0,1.0
6577,2,6.0,1.4142,7.0,5.0
6579,3,8.6667,1.5275,10.0,7.0
6581,350,7.4857,1.4497,10.0,2.0
6582,123,8.2764,1.1615,10.0,4.0
6583,3,8.0,1.0,9.0,7.0
6586,924,8.1981,1.3646,10.0,3.0
6587,142,7.1056,1.4957,10.0,3.0
6590,117,6.8632,1.7514,10.0,1.0
6591,290,7.9759,1.4322,10.0,4.0
6594,4619,8.6166,1.1891,10.0,1.0
6604,29,7.6897,1.5377,10.0,5.0
6607,92,6.3478,1.6735,10.0,1.0
6609,180,7.0556,1.7263,10.0,1.0
6610,1475,7.4156,1.5357,10.0,1.0
6616,43,6.4651,1.6952,10.0,3.0
6622,15,5.0,2.6458,10.0,1.0
6624,696,7.8032,1.4152,10.0,1.0
6625,3,7.0,2.6458,10.0,5.0
6628,92,6.8152,1.6235,10.0,1.0
6629,3,8.0,1.7321,10.0,7.0
6630,1,10.0,0.0,10.0,10.0
6633,982,6.7393,1.7474,10.0,1.0
6634,1464,7.8709,1.3353,10.0,1.0
6635,79,6.3038,1.8698,10.0,1.0
6636,5,5.6,2.4083,9.0,3.0
6637,3238,7.9212,1.3845,10.0,1.0
6641,65,6.3077,1.6481,10.0,2.0
6645,1132,6.5592,1.6257,10.0,1.0
6653,24,6.875,2.0497,10.0,1.0
6654,13,5.5385,2.6962,10.0,2.0
6657,94,6.7128,1.3649,10.0,3.0
6658,3,3.0,1.7321,5.0,2.0
6666,99,7.202,1.6781,10.0,3.0
6667,32,6.0625,1.5013,9.0,4.0
6670,10,7.4,1.3499,10.0,5.0
6671,2,5.0,0.0,5.0,5.0
6672,6,5.6667,1.9664,8.0,4.0
6674,8,6.75,1.3887,9.0,5.0
6675,3659,8.4184,1.251,10.0,2.0
6676,1738,7.6076,1.3859,10.0,2.0
6680,14,6.8571,1.3506,9.0,5.0
6682,4747,6.724,1.7261,10.0,1.0
6684,13,5.6923,1.1094,8.0,4.0
6685,25,6.08,1.4411,8.0,1.0
6686,46,6.413,1.5857,10.0,1.0
6688,6,6.5,1.3784,8.0,5.0
6689,44,6.3182,1.8897,10.0,1.0
6690,60,6.7167,1.8048,10.0,1.0
6691,40,5.875,1.9636,10.0,1.0
6692,89,6.8989,1.6723,10.0,2.0
6693,4,6.25,0.5,7.0,6.0
6694,102,5.9118,1.9453,10.0,1.0
6695,6,5.0,2.2804,8.0,2.0
6701,3,6.6667,1.1547,8.0,6.0
6702,10516,8.5021,1.4026,10.0,1.0
6704,360,6.2,2.0615,10.0,1.0
6705,161,6.8634,1.5431,10.0,2.0
6707,7893,7.7626,1.7249,10.0,1.0
6709,251,7.1873,1.6201,10.0,1.0
6712,402,7.5995,1.2795,10.0,3.0
6713,96,7.7396,1.6431,10.0,2.0
6714,311,6.6881,1.862,10.0,1.0
6718,12,6.25,1.5448,9.0,4.0
6721,59,6.4068,1.9039,10.0,3.0
6726,66,6.9394,1.6256,10.0,4.0
6727,1,6.0,0.0,6.0,6.0
6728,6,7.3333,2.0656,10.0,4.0
6730,1,8.0,0.0,8.0,8.0
6731,6,6.5,1.7607,8.0,4.0
6733,12,7.6667,1.557,10.0,6.0
6734,8,7.75,2.0529,10.0,4.0
6735,9,7.8889,1.965,10.0,5.0
6736,166,7.1566,1.4183,10.0,2.0
6741,114,7.2281,1.4144,10.0,4.0
6743,81,6.6914,1.5941,10.0,3.0
6746,15874,8.5714,1.177,10.0,1.0
6747,4197,7.3536,1.5513,10.0,1.0
6748,248,6.7944,1.5644,10.0,1.0
6749,114,7.1053,1.7211,10.0,2.0
6758,749,7.5073,1.4722,10.0,1.0
6762,2,8.0,0.0,8.0,8.0
6768,536,7.9757,1.412,10.0,2.0
6769,35,5.4571,1.6688,10.0,2.0
6771,3,7.3333,2.5166,10.0,5.0
6772,2412,7.8843,1.2156,10.0,2.0
6773,3802,7.894,1.5709,10.0,1.0
6774,771,8.2633,1.3385,10.0,2.0
6777,20,6.25,1.916,10.0,2.0
6779,10,7.0,1.1547,9.0,5.0
6783,191,7.6073,1.4753,10.0,4.0
6787,177,6.0113,1.9099,10.0,1.0
6791,1101,6.8401,1.721,10.0,1.0
6792,21,5.7619,1.7293,9.0,1.0
6793,2079,7.8177,1.5128,10.0,2.0
6794,208,7.1875,1.3472,10.0,4.0
6795,320,7.5156,1.5816,10.0,1.0
6796,1,7.0,0.0,7.0,7.0
6797,9,6.1111,1.6915,9.0,3.0
6798,14,6.5,1.3445,8.0,5.0
6800,31,5.9677,1.663,10.0,1.0
6802,1947,7.6636,1.3764,10.0,1.0
6809,82,6.2195,2.0788,10.0,1.0
6811,3023,8.4965,1.3325,10.0,1.0
6822,3,5.3333,1.1547,6.0,4.0
6823,7,5.2857,1.496,7.0,3.0
6827,6,5.1667,1.3292,6.0,3.0
6828,4,3.75,2.0616,6.0,2.0
6829,4,5.25,1.7078,7.0,3.0
6830,6,3.8333,1.3292,5.0,2.0
6831,9,4.3333,1.6583,7.0,2.0
6832,9,5.2222,1.5635,8.0,3.0
6833,7,3.2857,1.3801,5.0,2.0
6834,8,3.875,2.1002,7.0,2.0
6835,11,6.0,1.3416,9.0,4.0
6836,8,5.0,0.7559,6.0,4.0
6837,7,5.0,1.291,7.0,3.0
6838,13,4.6154,1.7097,8.0,1.0
6839,7,4.2857,1.6036,6.0,2.0
6840,7,5.7143,1.6036,8.0,3.0
6841,5,5.0,0.7071,6.0,4.0
6842,3,4.6667,1.5275,6.0,3.0
6843,4,5.75,0.5,6.0,5.0
6844,8,4.125,1.3562,6.0,2.0
6846,5,5.2,2.1679,8.0,2.0
6847,5,6.0,1.2247,7.0,4.0
6848,4,5.25,1.7078,7.0,3.0
6849,8,4.75,1.165,7.0,3.0
6850,8,5.25,2.1876,10.0,3.0
6851,4,3.5,2.3805,6.0,1.0
6852,12,6.0,1.9069,10.0,3.0
6855,6,7.1667,1.472,10.0,6.0
6856,30,5.4667,1.6965,9.0,2.0
6857,11,6.1818,1.5374,10.0,4.0
6861,20,6.85,1.9541,10.0,3.0
6862,3202,7.9772,1.3736,10.0,1.0
6864,1190,8.4126,1.2455,10.0,2.0
6867,944,7.3835,1.5682,10.0,1.0
6868,3,5.0,3.4641,7.0,1.0
6872,20,6.25,1.2513,8.0,3.0
6875,531,6.484,1.695,10.0,1.0
6877,248,7.0081,1.6665,10.0,2.0
6878,71,6.8732,1.7065,10.0,2.0
6880,14088,7.6662,1.4761,10.0,1.0
6882,518,6.9208,1.7032,10.0,1.0
6883,66,6.7727,1.5069,10.0,4.0
6884,1217,7.1118,1.7474,10.0,1.0
6885,190,6.6053,1.2795,10.0,2.0
6889,2,5.0,2.8284,7.0,3.0
6890,52,7.1731,1.4649,10.0,4.0
6891,53,6.8113,1.9321,10.0,2.0
6892,94,7.1277,1.7612,10.0,1.0
6893,564,7.1454,1.8535,10.0,1.0
6895,2762,7.7078,1.5593,10.0,1.0
6896,1138,7.6028,1.5536,10.0,1.0
6899,7,6.7143,1.3801,8.0,5.0
6900,2,6.0,1.4142,7.0,5.0
6901,8,7.375,1.0607,9.0,6.0
6902,2,6.0,1.4142,7.0,5.0
6903,7,4.2857,2.1381,7.0,1.0
6904,527,7.852,1.5406,10.0,1.0
6907,2,7.5,3.5355,10.0,5.0
6909,41,7.3659,1.4275,10.0,4.0
6917,1,6.0,0.0,6.0,6.0
6918,479,6.453,1.7683,10.0,1.0
6919,525,6.6762,1.6629,10.0,1.0
6920,407,6.5086,1.6533,10.0,1.0
6922,4318,7.7726,1.5832,10.0,1.0
6927,503,7.9304,1.4793,10.0,1.0
6930,30,7.3667,1.1885,10.0,5.0
6932,40,5.9,1.661,10.0,1.0
6935,26,5.6154,1.8347,9.0,2.0
6937,10,5.2,1.8738,7.0,2.0
6939,15,4.8667,2.3865,9.0,1.0
6941,152,7.3026,1.474,10.0,3.0
6942,2,4.5,0.7071,5.0,4.0
6945,1027,8.4362,1.2814,10.0,2.0
6946,297,7.3569,1.7205,10.0,1.0
6947,24,6.2917,1.7565,10.0,3.0
6948,902,7.5011,1.5126,10.0,1.0
6950,30,3.9333,2.05,8.0,1.0
6951,735,7.4218,1.6871,10.0,1.0
6953,65,3.1077,2.2989,10.0,1.0
6954,1491,7.4058,1.5855,10.0,1.0
6956,5880,7.9179,1.1736,10.0,1.0
6958,354,7.0282,1.3795,10.0,2.0
6959,124,7.1935,1.2667,10.0,4.0
6964,117,7.2308,1.734,10.0,2.0
6965,2,8.0,1.4142,9.0,7.0
6970,5,6.8,1.9235,9.0,4.0
6971,6,6.6667,1.3663,9.0,5.0
6973,483,7.1615,1.4035,10.0,1.0
6974,2225,7.2715,1.3924,10.0,1.0
6975,9,8.1111,1.2693,10.0,6.0
6978,19,5.0,1.8856,9.0,1.0
6979,576,6.7188,1.6121,10.0,1.0
6980,167,7.7725,1.3914,10.0,3.0
6984,393,7.9491,1.3025,10.0,2.0
6985,109,6.3853,1.8354,10.0,1.0
6986,87,6.3563,1.7048,10.0,2.0
6987,2115,6.5537,1.9701,10.0,1.0
6988,34,7.3235,1.512,10.0,3.0
6989,1,7.0,0.0,7.0,7.0
6992,38,6.4737,1.6561,9.0,1.0
6993,22,6.4545,1.1434,9.0,4.0
6994,10,7.0,1.1547,9.0,5.0
6999,123,7.252,1.7861,10.0,2.0
7004,36,6.1944,1.3484,10.0,3.0
7014,108,7.4352,1.6591,10.0,1.0
7016,254,6.8898,1.5412,10.0,2.0
7017,1516,6.5422,1.8697,10.0,1.0
7020,4,4.75,2.8723,8.0,1.0
7021,11,4.5455,2.4234,8.0,1.0
7022,15,2.9333,2.5204,9.0,1.0
7024,28,4.7143,2.1749,10.0,1.0
7025,23,4.9565,2.6021,9.0,1.0
7026,15,3.8,2.0771,7.0,1.0
7027,14,4.0714,2.3027,8.0,1.0
7028,14,3.0714,1.859,7.0,1.0
7029,18,4.8333,2.3073,10.0,1.0
7030,16,3.75,1.9494,8.0,1.0
7031,21,4.7619,2.2562,10.0,1.0
7032,11,5.1818,1.328,7.0,3.0
7041,212,7.5943,1.4161,10.0,2.0
7044,629,7.9984,1.3702,10.0,1.0
7045,61,7.8197,1.041,10.0,5.0
7048,21,6.5714,1.8593,10.0,2.0
7052,2,7.0,0.0,7.0,7.0
7053,272,7.2243,1.7388,10.0,1.0
7054,12757,8.3839,1.328,10.0,1.0
7058,1444,7.608,1.7415,10.0,1.0
7059,6430,7.3739,1.6178,10.0,1.0
7060,57,5.6316,1.8481,10.0,1.0
7062,517,8.1006,1.2285,10.0,2.0
7066,211,7.3412,1.4531,10.0,1.0
7071,9,5.7778,1.9221,9.0,3.0
7079,1761,6.6672,1.6711,10.0,1.0
7081,50,7.42,1.1968,10.0,5.0
7082,1212,7.0206,1.901,10.0,1.0
7083,106,6.6321,1.6349,10.0,3.0
7088,7615,7.3623,1.5289,10.0,1.0
7090,6,6.1667,1.6021,7.0,3.0
7092,3,4.0,1.7321,5.0,2.0
7103,308,6.9838,1.659,10.0,2.0
7106,5,6.8,1.0954,8.0,5.0
7108,117,6.4872,1.8081,10.0,1.0
7109,1,5.0,0.0,5.0,5.0
7110,327,6.0917,2.3701,10.0,1.0
7112,10,7.3,1.7029,10.0,5.0
7113,137,7.4891,1.6455,10.0,2.0
7117,10,7.1,0.9944,9.0,6.0
7122,7,5.8571,2.1157,10.0,4.0
7124,4,6.5,0.5774,7.0,6.0
7135,214,6.9252,1.7264,10.0,1.0
7139,7,6.1429,1.4639,8.0,4.0
7144,53,7.283,1.9649,10.0,1.0
7148,3612,7.0723,1.5547,10.0,1.0
7152,28,7.1429,1.5567,10.0,4.0
7154,2,3.0,2.8284,5.0,1.0
7155,10,4.6,1.7764,7.0,2.0
7156,11,6.2727,1.2721,8.0,4.0
7157,10,6.6,2.0656,10.0,3.0
7158,8,7.375,1.685,10.0,5.0
7160,2,7.5,0.7071,8.0,7.0
7162,2,3.5,0.7071,4.0,3.0
7164,5,6.2,1.3038,7.0,4.0
7169,15,7.0,1.5119,10.0,5.0
7170,17,6.3529,1.9346,9.0,2.0
7171,31,6.8065,1.7967,10.0,2.0
7174,35,6.2286,1.6465,10.0,2.0
7176,74,6.7432,1.5355,10.0,3.0
7178,75,7.0133,1.5378,10.0,2.0
7179,58,6.3793,1.8527,10.0,1.0
7189,1,6.0,0.0,6.0,6.0
7192,14,4.9286,1.5424,8.0,3.0
7193,1835,7.9956,1.4049,10.0,1.0
7222,605,8.2,1.4298,10.0,1.0
7229,8,7.125,1.9594,10.0,5.0
7230,43,6.5581,1.1812,10.0,3.0
7243,19,5.2105,1.3976,8.0,2.0
7244,8,6.0,0.7559,7.0,5.0
7245,2,10.0,0.0,10.0,10.0
7247,3,7.0,1.0,8.0,6.0
7248,72,6.2361,1.5058,10.0,3.0
7252,4,5.5,3.4157,9.0,1.0
7254,38,6.4737,1.7512,10.0,2.0
7255,10,5.4,1.5055,8.0,3.0
7257,8,7.625,1.5059,10.0,6.0
7258,16,6.3125,1.8154,10.0,2.0
7259,14,5.0714,1.6854,7.0,1.0
7261,80,7.3375,1.7353,10.0,3.0
7262,49,6.1837,2.0379,10.0,1.0
7264,35,6.0857,1.6516,9.0,2.0
7265,52,6.0,1.8787,10.0,2.0
7266,85,6.6471,1.6812,10.0,2.0
7268,65,6.1385,1.8361,10.0,1.0
7270,160,7.7562,1.4569,10.0,1.0
7273,11,5.6364,3.0091,10.0,1.0
7276,67,6.6716,1.9337,10.0,1.0
7279,138,6.6812,1.4944,10.0,1.0
7285,3,8.3333,2.8868,10.0,5.0
7290,6,5.8333,0.7528,7.0,5.0
7294,4,6.0,2.9439,10.0,3.0
7295,55,7.0182,1.4075,10.0,4.0
7296,18,5.9444,1.4742,9.0,3.0
7303,68,7.8676,1.7008,10.0,3.0
7304,135,7.9111,1.7168,10.0,1.0
7305,94,7.8617,1.5282,10.0,2.0
7307,9,6.8889,1.2693,8.0,4.0
7308,17,7.2941,1.6111,10.0,3.0
7311,8192,8.9075,1.1851,10.0,1.0
7314,8,6.375,2.6152,9.0,1.0
7322,382,6.8979,1.7784,10.0,1.0
7329,35,7.0857,1.8371,10.0,2.0
7330,25,7.32,1.547,10.0,4.0
7333,47,7.383,1.6623,10.0,3.0
7334,275,6.4873,1.8861,10.0,1.0
7336,16,6.9375,1.6919,10.0,4.0
7337,1223,7.6304,1.7185,10.0,1.0
7338,5023,8.1798,1.2391,10.0,1.0
7343,1,4.0,0.0,4.0,4.0
7363,53,6.5283,1.6595,10.0,2.0
7364,9,7.3333,1.5,9.0,5.0
7366,9,7.6667,1.3229,10.0,6.0
7367,797,7.0552,1.7384,10.0,1.0
7374,2,6.5,3.5355,9.0,4.0
7375,604,7.144,1.5983,10.0,2.0
7376,1,7.0,0.0,7.0,7.0
7377,177,6.7797,1.6453,10.0,1.0
7395,10,6.9,2.4698,10.0,2.0
7396,339,7.2124,1.512,10.0,2.0
7405,8,7.625,1.9226,10.0,5.0
7411,388,7.6366,1.6201,10.0,1.0
7415,24,6.5833,1.472,10.0,4.0
7416,4,7.25,2.63,10.0,5.0
7419,1,6.0,0.0,6.0,6.0
7420,1,5.0,0.0,5.0,5.0
7423,16,5.625,1.5438,8.0,2.0
7427,19,6.9474,1.649,10.0,4.0
7430,57,6.9825,2.0658,10.0,1.0
7435,9,8.2222,1.2019,10.0,6.0
7436,9,7.3333,1.5811,10.0,5.0
7445,6,5.6667,0.5164,6.0,5.0
7446,7,5.2857,1.1127,6.0,3.0
7448,2,5.5,0.7071,6.0,5.0
7449,10,5.2,0.6325,6.0,4.0
7450,6,6.1667,1.169,8.0,5.0
7451,8,5.625,1.4079,8.0,4.0
7453,81,5.8148,1.7256,10.0,1.0
7455,17,6.2353,1.855,10.0,2.0
7456,121,6.8512,1.74,10.0,2.0
7458,37,6.2973,2.1326,10.0,2.0
7461,1,8.0,0.0,8.0,8.0
7463,246,6.3821,1.7072,10.0,1.0
7465,2049,8.3416,1.1823,10.0,1.0
7466,19,6.2632,1.9103,9.0,1.0
7468,225,6.5333,1.8898,10.0,1.0
7471,99,7.7475,1.4593,10.0,4.0
7472,1768,8.6488,1.2354,10.0,2.0
7474,238,7.2143,1.6357,10.0,2.0
7475,32,5.8438,1.3704,9.0,4.0
7477,8,7.0,2.2039,9.0,3.0
7482,5,4.6,1.5166,6.0,3.0
7485,6,5.6667,2.3381,10.0,3.0
7488,9,5.4444,1.0138,6.0,3.0
7491,6,6.1667,0.4082,7.0,6.0
7494,3,4.0,1.7321,5.0,2.0
7496,9,7.1111,2.2608,10.0,3.0
7497,6,5.0,1.4142,7.0,3.0
7504,14,5.1429,1.9158,7.0,1.0
7510,9,6.8889,1.5366,10.0,5.0
7511,2,5.0,2.8284,7.0,3.0
7512,5,4.4,1.3416,6.0,3.0
7518,35,6.5143,1.7884,10.0,3.0
7522,6,6.6667,1.7512,8.0,4.0
7523,3,4.6667,0.5774,5.0,4.0
7524,5,6.2,1.9235,9.0,4.0
7528,4,5.5,1.7321,7.0,3.0
7529,1,7.0,0.0,7.0,7.0
7530,5,5.4,1.8166,8.0,3.0
7532,2,5.5,0.7071,6.0,5.0
7536,15,6.9333,1.4864,9.0,4.0
7540,149,6.9664,1.5175,10.0,2.0
7547,3,7.6667,0.5774,8.0,7.0
7549,114,6.4386,1.4757,10.0,1.0
7550,100,6.63,1.7271,10.0,1.0
7551,3,5.0,1.0,6.0,4.0
7559,760,7.1961,1.6248,10.0,1.0
7561,54,6.2222,1.7874,10.0,1.0
7568,186,6.7796,2.0898,10.0,1.0
7569,16,5.25,1.1832,7.0,3.0
7571,27,6.5556,1.3681,9.0,3.0
7573,41,5.9512,1.8568,10.0,2.0
7575,2,5.5,0.7071,6.0,5.0
7578,29,6.6897,1.2846,10.0,5.0
7579,65,6.9692,1.2987,10.0,4.0
7580,868,7.1567,1.6661,10.0,1.0
7581,44,6.5,2.0174,10.0,2.0
7582,28,6.0357,1.5982,9.0,2.0
7583,57,6.6667,2.0471,10.0,2.0
7588,870,7.9885,1.2872,10.0,3.0
7590,2447,7.0519,1.5497,10.0,1.0
7591,113,6.6637,2.0468,10.0,1.0
7592,3581,7.9109,1.276,10.0,2.0
7593,7622,7.2889,1.7142,10.0,1.0
7596,574,6.4617,1.5856,10.0,1.0
7597,150,6.2867,1.6275,10.0,1.0
7598,431,6.6845,1.5753,10.0,1.0
7601,4,7.75,1.2583,9.0,6.0
7605,5,6.4,1.8166,9.0,4.0
7610,15,6.3333,1.4475,9.0,4.0
7611,34,5.9706,1.4665,9.0,4.0
7612,43,6.4186,1.7893,10.0,2.0
7616,1,9.0,0.0,9.0,9.0
7617,8,4.375,1.8468,7.0,1.0
7619,10,6.6,1.075,8.0,5.0
7621,6,5.5,1.2247,7.0,4.0
7625,2,3.5,2.1213,5.0,2.0
7626,4,8.75,0.5,9.0,8.0
7627,1701,7.9053,1.3244,10.0,1.0
7633,1,3.0,0.0,3.0,3.0
7645,223,7.9776,1.4346,10.0,3.0
7647,4819,7.8676,1.2918,10.0,1.0
7651,49,7.7755,1.5311,10.0,4.0
7654,87,7.4368,1.4035,10.0,5.0
7655,877,8.5291,1.2315,10.0,1.0
7659,24,7.0833,1.2129,10.0,5.0
7661,1183,7.8369,1.271,10.0,1.0
7662,2460,7.6268,1.4301,10.0,1.0
7664,12,6.75,2.1794,10.0,3.0
7666,24,7.5,1.2854,10.0,5.0
7667,7,7.4286,1.6183,10.0,5.0
7668,127,6.4252,1.9458,10.0,1.0
7669,635,7.3433,1.358,10.0,3.0
7674,7303,8.4728,1.1796,10.0,1.0
7691,26,6.5385,1.5292,9.0,3.0
7695,920,7.2196,1.4963,10.0,2.0
7696,2,8.5,0.7071,9.0,8.0
7697,2,8.5,0.7071,9.0,8.0
7698,2,8.5,0.7071,9.0,8.0
7705,607,6.6376,1.8385,10.0,1.0
7708,28,6.4643,1.5749,9.0,1.0
7709,2,6.0,1.4142,7.0,5.0
7711,3754,8.1939,1.2447,10.0,1.0
7712,52,6.5577,1.6617,10.0,1.0
7713,2,6.5,0.7071,7.0,6.0
7715,1,4.0,0.0,4.0,4.0
7718,20,6.7,2.13,10.0,1.0
7720,754,8.2706,1.1482,10.0,1.0
7721,1,7.0,0.0,7.0,7.0
7723,52,6.6923,1.7882,10.0,1.0
7724,6946,8.1784,1.3322,10.0,1.0
7728,353,7.3569,1.6694,10.0,1.0
7729,4,7.0,2.4495,10.0,4.0
7730,104,6.8173,1.9094,10.0,1.0
7739,1326,6.4035,2.091,10.0,1.0
7740,255,6.4824,1.9559,10.0,1.0
7744,216,6.8056,1.8093,10.0,2.0
7745,153,7.5621,1.2451,10.0,4.0
7748,687,7.5648,1.6681,10.0,1.0
7751,1,7.0,0.0,7.0,7.0
7752,2,5.5,0.7071,6.0,5.0
7759,65,6.3846,1.7293,10.0,1.0
7761,11,8.1818,1.5374,10.0,5.0
7762,313,7.8051,1.2078,10.0,4.0
7768,657,7.2009,1.5895,10.0,1.0
7769,5063,7.4756,1.3631,10.0,1.0
7770,71,6.3239,1.422,10.0,1.0
7771,2,7.5,0.7071,8.0,7.0
7774,183,7.0219,1.6573,10.0,2.0
7775,14,6.4286,1.2839,9.0,4.0
7779,3,8.0,1.7321,10.0,7.0
7781,1,6.0,0.0,6.0,6.0
7782,390,5.5,2.1934,10.0,1.0
7785,1837,8.6962,1.2486,10.0,1.0
7786,11,6.0,1.6125,10.0,4.0
7791,7893,8.2515,1.407,10.0,1.0
7793,6,6.5,1.3784,9.0,5.0
7803,1,5.0,0.0,5.0,5.0
7805,1132,6.8604,1.7076,10.0,1.0
7807,5,5.8,1.6432,8.0,4.0
7808,4,5.75,1.2583,7.0,4.0
7809,22,5.5,1.8961,9.0,2.0
7810,7,4.8571,1.6762,7.0,2.0
7811,16,4.125,1.6279,6.0,1.0
7816,9,7.5556,1.424,10.0,6.0
7817,7002,7.3392,1.492,10.0,1.0
7818,3,7.0,3.6056,10.0,3.0
7836,1,5.0,0.0,5.0,5.0
7839,6,6.6667,1.633,9.0,5.0
7843,5,5.6,1.8166,8.0,3.0
7844,2,5.5,0.7071,6.0,5.0
7845,3,8.6667,1.1547,10.0,8.0
7856,1,8.0,0.0,8.0,8.0
7857,138,7.2391,1.7574,10.0,3.0
7858,2501,7.7469,1.3625,10.0,1.0
7861,42,7.5238,1.8245,10.0,1.0
7862,19,5.5263,1.8369,8.0,1.0
7864,4,4.0,1.633,6.0,2.0
7867,2,5.5,0.7071,6.0,5.0
7870,952,7.5725,1.4941,10.0,1.0
7875,335,6.7403,1.8494,10.0,1.0
7876,8,6.0,2.0,10.0,3.0
7877,16,8.0625,1.1815,10.0,6.0
7882,77,5.2208,2.0495,10.0,1.0
7897,419,4.8735,2.4526,10.0,1.0
7900,6,3.6667,1.7512,5.0,1.0
7902,888,7.8018,1.4632,10.0,2.0
7904,13,7.3077,1.2506,10.0,6.0
7908,2,5.5,0.7071,6.0,5.0
7914,1,4.0,0.0,4.0,4.0
7915,6,5.6667,1.7512,9.0,4.0
7939,2,5.0,0.0,5.0,5.0
7953,35,6.0286,1.2715,8.0,3.0
7955,1,7.0,0.0,7.0,7.0
7956,2,5.5,0.7071,6.0,5.0
7967,2,8.0,0.0,8.0,8.0
7969,78,6.6923,1.8954,10.0,2.0
7972,140,7.5214,1.3858,10.0,4.0
7980,2,6.5,2.1213,8.0,5.0
7981,2,6.0,1.4142,7.0,5.0
7982,1,9.0,0.0,9.0,9.0
7985,3,4.0,2.6458,7.0,2.0
8011,4,7.5,2.0817,10.0,5.0
8017,34,6.8529,1.4592,9.0,3.0
8022,95,7.6526,1.5897,10.0,3.0
8023,926,7.1436,1.5727,10.0,1.0
8025,1,6.0,0.0,6.0,6.0
8026,172,6.6337,1.832,10.0,1.0
8038,888,8.0203,1.1964,10.0,3.0
8039,89,7.1124,1.7349,10.0,4.0
8041,1,7.0,0.0,7.0,7.0
8042,21,6.5238,1.4007,10.0,4.0
8057,394,7.2056,1.4253,10.0,1.0
8062,152,6.9211,1.6539,10.0,1.0
8063,1240,8.3565,1.3691,10.0,3.0
8064,37,5.3784,1.6047,10.0,2.0
8065,3,5.6667,1.5275,7.0,4.0
8068,289,7.6609,1.7744,10.0,1.0
8074,19488,7.6685,1.6255,10.0,1.0
8078,353,7.1303,1.5685,10.0,1.0
8079,5,7.8,0.8367,9.0,7.0
8081,1,8.0,0.0,8.0,8.0
8086,3857,7.9391,1.3226,10.0,1.0
8092,15,7.3333,0.8997,9.0,6.0
8097,75,7.5067,1.1552,10.0,5.0
8098,227,7.4053,1.2911,10.0,4.0
8100,1254,7.7608,1.2885,10.0,2.0
8101,508,6.874,1.6196,10.0,1.0
8108,18,7.2222,1.7675,10.0,3.0
8109,15,7.0667,1.387,10.0,4.0
8110,197,7.264,1.8493,10.0,1.0
8111,48,6.2292,1.7774,10.0,1.0
8115,325,7.6923,1.2756,10.0,2.0
8120,24,7.5833,1.6129,10.0,4.0
8123,1,8.0,0.0,8.0,8.0
8129,3542,8.3173,1.2226,10.0,1.0
8130,1,6.0,0.0,6.0,6.0
8132,20,6.2,1.8238,10.0,1.0
8133,86,7.2209,1.6971,10.0,2.0
8134,33,7.1212,2.0579,10.0,2.0
8139,5,6.2,0.8367,7.0,5.0
8140,13,7.3077,1.4367,10.0,5.0
8141,5,7.0,1.5811,9.0,5.0
8142,1572,8.1527,1.3706,10.0,1.0
8145,3,6.3333,1.5275,8.0,5.0
8146,5,7.4,1.6733,10.0,6.0
8149,1,5.0,0.0,5.0,5.0
8162,11,5.6364,1.2863,7.0,4.0
8171,312,7.5449,1.5667,10.0,3.0
8178,12,6.0833,1.6765,9.0,3.0
8180,5,6.0,2.5495,10.0,3.0
8181,7,6.4286,1.5119,9.0,4.0
8183,6,6.5,1.3784,9.0,5.0
8184,1,7.0,0.0,7.0,7.0
8187,575,7.0296,1.6625,10.0,1.0
8190,670,7.7836,1.3211,10.0,2.0
8194,3,7.3333,0.5774,8.0,7.0
8196,1,10.0,0.0,10.0,10.0
8197,596,7.6141,1.374,10.0,3.0
8206,79,7.4304,1.5745,10.0,2.0
8208,20,6.95,1.3169,10.0,5.0
8211,364,6.772,1.7815,10.0,1.0
8213,5,5.8,1.3038,7.0,4.0
8214,11,6.8182,1.6011,9.0,5.0
8215,1,5.0,0.0,5.0,5.0
8216,4,6.5,0.5774,7.0,6.0
8217,61,7.6885,1.2851,10.0,5.0
8226,2,6.0,1.4142,7.0,5.0
8228,11,7.3636,1.3618,10.0,6.0
8230,297,6.9461,1.4439,10.0,2.0
8231,196,5.9745,2.0164,10.0,1.0
8233,1,6.0,0.0,6.0,6.0
8234,65,7.0769,2.2591,10.0,1.0
8235,37,6.4054,1.9925,10.0,1.0
8239,2,6.0,0.0,6.0,6.0
8240,5,5.6,2.7019,8.0,1.0
8241,505,6.3683,1.8255,10.0,1.0
8245,38,6.6842,1.8174,10.0,3.0
8246,3406,7.5978,1.5998,10.0,1.0
8247,3781,7.8387,1.5111,10.0,1.0
8248,55,6.8,1.4063,10.0,3.0
8249,52,6.25,1.4535,10.0,2.0
8250,42,7.0238,1.4054,9.0,3.0
8252,8,5.875,0.991,7.0,4.0
8275,10,5.6,1.2649,7.0,3.0
8277,3209,7.1966,1.5123,10.0,1.0
8278,101,6.9505,1.8459,10.0,2.0
8285,4,7.0,1.4142,8.0,5.0
8287,38,6.7632,1.5671,10.0,4.0
8289,71,6.4507,1.8345,10.0,2.0
8290,29,6.2759,2.0856,10.0,1.0
8291,124,7.5323,1.9357,10.0,1.0
8292,45,6.2,2.2218,10.0,1.0
8293,70,7.2,1.9605,10.0,1.0
8294,31,6.6452,1.3796,10.0,4.0
8297,129,5.6202,1.7818,10.0,1.0
8302,785,6.5274,1.9716,10.0,1.0
8304,12,6.5,1.1677,8.0,5.0
8310,431,8.0766,1.2543,10.0,3.0
8311,1129,8.0071,1.3441,10.0,1.0
8312,35,6.7429,1.5967,9.0,1.0
8314,8,7.0,1.6036,10.0,6.0
8316,4,7.0,2.4495,10.0,5.0
8317,125,7.576,1.303,10.0,3.0
8324,4,5.25,1.7078,7.0,3.0
8331,225,7.6356,1.4081,10.0,3.0
8332,7,7.2857,0.7559,8.0,6.0
8333,16,6.4375,1.8246,9.0,3.0
8337,120,6.475,1.4779,10.0,2.0
8339,220,6.4909,2.0462,10.0,1.0
8348,458,7.2511,1.5712,10.0,1.0
8353,1,10.0,0.0,10.0,10.0
8358,55,7.2909,1.5113,10.0,2.0
8359,36,7.5278,1.4038,10.0,5.0
8360,29,7.4483,1.1208,10.0,6.0
8361,24,7.2083,1.4136,10.0,5.0
8362,35,7.5143,1.1212,10.0,6.0
8363,26,7.7692,1.4229,10.0,5.0
8364,30,7.6,1.4527,10.0,5.0
8365,13,7.6154,1.3253,10.0,6.0
8366,16,7.5,1.3663,10.0,5.0
8367,14,8.2143,1.4239,10.0,6.0
8368,19,7.4737,1.8064,10.0,4.0
8369,22,7.6818,1.7832,10.0,4.0
8373,59,6.339,1.8718,10.0,1.0
8375,5,8.2,2.6833,10.0,4.0
8394,70,7.0714,1.4479,10.0,4.0
8407,5412,8.0129,1.3691,10.0,1.0
8408,4131,8.1731,1.2411,10.0,2.0
8409,3,6.6667,0.5774,7.0,6.0
8410,151,7.0066,1.635,10.0,2.0
8415,1,3.0,0.0,3.0,3.0
8422,755,7.2238,1.8155,10.0,1.0
8423,46,7.913,1.4271,10.0,4.0
8424,4881,7.5306,1.4785,10.0,1.0
8425,5965,8.4077,1.2731,10.0,2.0
8426,1178,7.8998,1.3204,10.0,1.0
8431,8,6.875,1.9594,10.0,4.0
8438,134,6.806,1.8617,10.0,1.0
8440,1299,7.2194,1.527,10.0,1.0
8442,2,6.5,2.1213,8.0,5.0
8443,7,5.8571,1.069,7.0,4.0
8446,8,6.625,1.4079,9.0,5.0
8449,1545,6.6324,1.9527,10.0,1.0
8450,2,8.0,2.8284,10.0,6.0
8456,320,6.8875,1.64,10.0,1.0
8457,601,7.5541,1.1449,10.0,3.0
8460,3582,7.5184,1.7598,10.0,1.0
8464,4,5.0,1.4142,6.0,3.0
8465,1005,6.9602,1.6802,10.0,1.0
8471,2,4.0,2.8284,6.0,2.0
8475,525,7.4095,1.5841,10.0,1.0
8476,1900,7.7332,1.2907,10.0,2.0
8478,1,9.0,0.0,9.0,9.0
8479,1667,8.0924,1.5237,10.0,1.0
8481,662,7.7447,1.2567,10.0,4.0
8486,5,3.6,1.6733,5.0,1.0
8487,253,6.7391,1.4891,10.0,1.0
8490,159,6.522,1.9449,10.0,1.0
8491,99,6.7071,1.6491,10.0,3.0
8493,1,6.0,0.0,6.0,6.0
8495,2,6.5,0.7071,7.0,6.0
8496,2,7.0,0.0,7.0,7.0
8500,1,8.0,0.0,8.0,8.0
8503,1,8.0,0.0,8.0,8.0
8507,254,7.0276,1.8295,10.0,2.0
8514,2156,7.9443,1.1651,10.0,2.0
8516,6548,8.0977,1.2933,10.0,1.0
8518,62,6.7258,1.6711,10.0,2.0
8523,3,4.6667,1.5275,6.0,3.0
8524,2,6.0,0.0,6.0,6.0
8525,9844,8.0841,1.2576,10.0,1.0
8526,53,6.1887,1.5324,10.0,3.0
8532,745,7.8134,1.6111,10.0,1.0
8533,10,5.6,1.6465,8.0,4.0
8536,2695,7.0783,1.484,10.0,1.0
8538,11,7.0,1.1832,9.0,5.0
8539,2,6.0,0.0,6.0,6.0
8542,7,6.7143,1.7043,10.0,5.0
8546,10,7.6,1.2649,10.0,6.0
8547,7,7.2857,1.7995,10.0,5.0
8548,8,7.125,1.8851,10.0,5.0
8550,10,6.2,2.5298,10.0,1.0
8551,10,6.0,2.0,9.0,3.0
8553,6,7.0,1.0954,8.0,5.0
8554,4,5.0,0.0,5.0,5.0
8557,2847,7.7415,1.2314,10.0,1.0
8560,754,6.8183,1.8496,10.0,1.0
8561,1,5.0,0.0,5.0,5.0
8574,4,4.5,1.7321,6.0,2.0
8577,1516,6.6794,1.9624,10.0,1.0
8584,7,6.7143,1.7995,9.0,5.0
8598,5,8.2,2.0494,10.0,5.0
8599,412,6.9636,1.7076,10.0,1.0
8603,21,6.9524,1.9869,10.0,3.0
8604,10,5.6,2.5033,9.0,1.0
8609,269,8.0186,1.3589,10.0,4.0
8619,200,6.13,2.1345,10.0,1.0
8624,539,7.4267,1.5852,10.0,1.0
8626,25,6.84,1.6753,10.0,3.0
8628,21,6.1905,1.6917,10.0,3.0
8630,5524,7.301,1.5352,10.0,1.0
8632,9,8.5556,1.1304,10.0,7.0
8634,1319,7.7779,1.6522,10.0,1.0
8635,111,6.9279,1.8276,10.0,1.0
8643,4,6.25,0.9574,7.0,5.0
8644,1,6.0,0.0,6.0,6.0
8645,1,3.0,0.0,3.0,3.0
8646,20,4.6,1.6026,7.0,1.0
8647,13,5.3077,1.3156,7.0,3.0
8648,105,7.3238,1.5535,10.0,4.0
8651,59,6.7797,1.7623,10.0,3.0
8652,39,6.3333,1.5102,10.0,4.0
8653,42,6.6905,1.66,10.0,3.0
8654,39,5.6667,2.1316,10.0,1.0
8655,58,6.5517,1.7489,10.0,2.0
8659,7,5.1429,2.4103,8.0,2.0
8660,1,5.0,0.0,5.0,5.0
8661,3,5.6667,4.0415,8.0,1.0
8663,6,4.3333,2.5033,7.0,1.0
8664,4,6.25,0.5,7.0,6.0
8666,237,7.3418,1.4719,10.0,3.0
8667,6,5.1667,1.9408,7.0,2.0
8668,205,6.3122,1.8258,10.0,1.0
8669,4,6.25,0.9574,7.0,5.0
8671,2,3.0,1.4142,4.0,2.0
8675,6591,7.8216,1.3311,10.0,1.0
8676,4595,7.7682,1.3708,10.0,1.0
8677,4,7.5,1.7321,10.0,6.0
8678,4,7.0,2.1602,10.0,5.0
8679,5,5.8,0.8367,7.0,5.0
8680,7,5.1429,1.4639,8.0,4.0
8681,5,5.2,1.4832,7.0,3.0
8682,7,5.2857,2.6277,9.0,1.0
8685,1,7.0,0.0,7.0,7.0
8689,22,3.9091,2.0449,7.0,1.0
8696,4,5.25,2.5,8.0,2.0
8697,9,5.8889,0.928,7.0,5.0
8701,21,4.8571,2.3513,9.0,1.0
8704,10,6.0,1.2472,8.0,4.0
8705,83,6.759,1.8909,10.0,2.0
8706,4,5.5,0.5774,6.0,5.0
8707,3,6.6667,1.1547,8.0,6.0
8709,99,6.8889,1.7314,10.0,1.0
8710,21,5.1429,1.4243,7.0,2.0
8713,52,7.1923,1.6214,10.0,2.0
8716,7,4.5714,1.8127,7.0,1.0
8717,11,5.3636,1.5015,8.0,3.0
8718,3,4.6667,1.5275,6.0,3.0
8719,4,5.0,2.4495,8.0,2.0
8722,14,6.7857,1.5281,9.0,4.0
8723,1,5.0,0.0,5.0,5.0
8724,2,5.5,2.1213,7.0,4.0
8726,860,7.5477,1.3051,10.0,1.0
8728,539,7.0872,1.7218,10.0,1.0
8729,2,4.5,2.1213,6.0,3.0
8730,4,4.75,1.5,6.0,3.0
8731,8,6.125,1.4577,8.0,4.0
8732,2,5.0,0.0,5.0,5.0
8733,4,5.0,1.8257,7.0,3.0
8740,1401,8.2441,1.2841,10.0,2.0
8743,42,6.619,1.4305,9.0,2.0
8745,3,6.3333,3.7859,9.0,2.0
8749,1,6.0,0.0,6.0,6.0
8751,7,4.4286,1.6183,7.0,2.0
8752,3,5.0,2.0,7.0,3.0
8753,4,6.5,1.291,8.0,5.0
8754,62,7.2258,1.9027,10.0,3.0
8756,192,7.4531,1.6808,10.0,3.0
8763,1,6.0,0.0,6.0,6.0
8764,1,6.0,0.0,6.0,6.0
8765,4,6.5,1.7321,8.0,4.0
8767,48,7.1042,1.5743,10.0,4.0
8768,1913,7.724,1.4286,10.0,1.0
8769,11510,7.6865,1.4259,10.0,1.0
8772,6,4.6667,0.5164,5.0,4.0
8773,4,7.25,1.5,9.0,6.0
8774,2,4.0,1.4142,5.0,3.0
8777,1,5.0,0.0,5.0,5.0
8778,3,4.6667,1.1547,6.0,4.0
8782,13,5.3846,1.6602,8.0,2.0
8783,3,7.6667,2.0817,10.0,6.0
8786,2,8.0,1.4142,9.0,7.0
8792,311,6.5691,1.823,10.0,1.0
8795,4809,7.9536,1.4241,10.0,1.0
8800,105,6.9524,1.3401,10.0,4.0
8812,2,7.5,0.7071,8.0,7.0
8815,19,6.8947,1.8528,10.0,2.0
8837,52,6.75,1.7698,10.0,2.0
8839,25,6.2,1.4434,9.0,4.0
8840,113,6.4779,1.4274,10.0,1.0
8841,9916,7.7959,1.3723,10.0,1.0
8842,1,9.0,0.0,9.0,9.0
8848,1,7.0,0.0,7.0,7.0
8855,6,7.0,2.0976,10.0,5.0
8857,1392,7.4598,1.3666,10.0,2.0
8861,5483,6.9148,1.8369,10.0,1.0
8876,1708,7.2758,1.5086,10.0,1.0
8888,2684,7.7817,1.2809,10.0,1.0
8889,4,4.5,2.6458,7.0,1.0
8890,3,6.0,1.0,7.0,5.0
8891,1,7.0,0.0,7.0,7.0
8894,182,7.456,1.6606,10.0,3.0
8896,3,7.0,1.0,8.0,6.0
8898,10,5.4,1.6465,8.0,3.0
8899,1,6.0,0.0,6.0,6.0
8900,4,6.25,0.9574,7.0,5.0
8908,107,6.9439,1.7689,10.0,1.0
8909,127,7.3465,1.5755,10.0,3.0
8915,2346,7.5222,1.3531,10.0,1.0
8917,1019,7.58,1.3648,10.0,1.0
8918,600,6.9467,1.9356,10.0,1.0
8919,7,6.7143,1.496,10.0,6.0
8920,6,5.8333,1.9408,8.0,3.0
8921,21,7.1905,2.1591,10.0,3.0
8925,28,4.2143,1.8127,8.0,1.0
8928,3,5.3333,3.7859,8.0,1.0
8934,1798,7.5245,1.4782,10.0,1.0
8935,20,5.1,1.619,8.0,1.0
8936,26,6.6923,1.087,9.0,5.0
8937,6199,7.9832,1.332,10.0,1.0
8939,121,6.5041,1.723,10.0,2.0
8949,9,7.4444,1.6667,10.0,4.0
8950,17,6.4706,1.6999,10.0,3.0
8952,43,4.8605,1.7263,8.0,1.0
8953,2,7.5,0.7071,8.0,7.0
8956,3,6.6667,1.5275,8.0,5.0
8957,2,3.0,1.4142,4.0,2.0
8958,2,3.0,2.8284,5.0,1.0
8960,5,5.4,1.1402,7.0,4.0
8961,73,6.5753,1.7234,10.0,1.0
8963,3,6.0,1.7321,8.0,5.0
8964,4,7.0,1.4142,8.0,5.0
8965,10,7.2,2.044,10.0,3.0
8966,10,7.1,1.6633,10.0,4.0
8968,7,3.7143,2.5635,7.0,1.0
8972,21,5.5714,2.3361,9.0,1.0
8985,260,6.6923,1.6643,10.0,1.0
8986,331,7.565,1.5661,10.0,2.0
8987,56,7.0179,2.0135,10.0,2.0
8993,10,5.6,1.3499,8.0,4.0
8995,292,7.7877,1.304,10.0,4.0
8999,4,8.5,1.291,10.0,7.0
9000,833,7.8992,1.2764,10.0,1.0
9001,134,6.9552,1.6076,10.0,1.0
9002,170,6.4235,1.583,10.0,1.0
9005,78,7.1538,1.5039,10.0,2.0
9006,30,5.7333,1.9815,10.0,1.0
9008,31,6.4839,2.2192,10.0,1.0
9009,38,6.3684,1.951,10.0,2.0
9013,14,7.7857,1.4239,10.0,5.0
9014,669,6.7384,1.9489,10.0,1.0
9015,4,6.0,1.4142,7.0,4.0
9023,394,7.6624,1.6958,10.0,3.0
9028,4,6.25,2.2174,8.0,3.0
9032,194,7.5825,1.6243,10.0,1.0
9035,50,6.74,1.5228,10.0,3.0
9040,102,6.9314,1.402,10.0,2.0
9041,8726,7.3375,1.5478,10.0,1.0
9043,3,7.0,1.7321,9.0,6.0
9045,17,6.4706,1.2805,9.0,4.0
9047,1547,7.6277,1.269,10.0,1.0
9053,9,7.0,2.0616,10.0,4.0
9055,674,7.4436,1.4155,10.0,1.0
9056,79,5.443,2.6005,10.0,1.0
9061,1,5.0,0.0,5.0,5.0
9062,2075,7.8487,1.4346,10.0,2.0
9063,835,7.1569,1.5634,10.0,1.0
9065,1671,7.8067,1.5875,10.0,1.0
9074,2857,7.9457,1.2509,10.0,1.0
9077,4,7.5,1.7321,10.0,6.0
9078,2,7.5,2.1213,9.0,6.0
9087,6,5.0,2.0,6.0,1.0
9088,110,8.3182,1.4395,10.0,3.0
9091,23,6.2609,1.6846,10.0,4.0
9095,9,7.4444,2.3511,10.0,3.0
9098,6,5.8333,0.7528,7.0,5.0
9100,20,5.75,1.118,7.0,3.0
9106,2,5.0,2.8284,7.0,3.0
9107,760,7.0776,1.6683,10.0,1.0
9117,1108,7.4982,1.3166,10.0,2.0
9119,14,7.2857,1.8985,10.0,5.0
9120,856,7.4498,1.5016,10.0,1.0
9121,67,6.5075,1.3637,10.0,4.0
9124,145,7.6069,1.4496,10.0,3.0
9127,40,7.35,1.6878,10.0,4.0
9130,877,8.3238,1.2892,10.0,1.0
9135,3041,7.6646,1.4239,10.0,1.0
9136,1836,7.7854,1.6176,10.0,1.0
9154,7,7.0,1.633,10.0,5.0
9159,275,7.24,1.4425,10.0,3.0
9163,3,6.3333,1.1547,7.0,5.0
9164,2,5.5,2.1213,7.0,4.0
9165,2,6.5,0.7071,7.0,6.0
9166,2,6.5,0.7071,7.0,6.0
9167,88,6.1818,1.9271,10.0,1.0
9170,106,5.8585,1.8996,10.0,2.0
9172,2,6.0,1.4142,7.0,5.0
9177,2,6.0,0.0,6.0,6.0
9181,4694,7.7137,1.4808,10.0,1.0
9200,7,6.7143,1.3801,8.0,5.0
9201,1459,7.9068,1.4528,10.0,1.0
9202,485,6.699,1.8068,10.0,1.0
9203,713,6.6788,1.8563,10.0,1.0
9204,146,8.1644,1.1019,10.0,6.0
9205,138,6.1449,1.5546,10.0,1.0
9211,27,5.4444,2.2072,10.0,1.0
9213,877,7.5177,1.3984,10.0,1.0
9220,285,6.8211,1.4016,10.0,3.0
9221,7,4.5714,1.7182,7.0,2.0
9228,1,6.0,0.0,6.0,6.0
9232,147,6.4014,1.8005,10.0,1.0
9239,3,5.6667,1.5275,7.0,4.0
9241,148,7.3716,1.4582,10.0,3.0
9242,1,6.0,0.0,6.0,6.0
9252,2014,8.0214,1.1343,10.0,2.0
9253,17151,9.2613,1.012,10.0,1.0
9254,19,7.1053,2.1575,10.0,3.0
9257,3,4.6667,1.5275,6.0,3.0
9260,794,8.437,1.1731,10.0,1.0
9264,9,6.0,1.3229,8.0,4.0
9270,1,4.0,0.0,4.0,4.0
9274,9,5.3333,1.5811,8.0,3.0
9279,4,6.25,0.9574,7.0,5.0
9282,7,6.2857,1.7995,10.0,5.0
9287,21,6.0952,2.1191,10.0,1.0
9288,97,7.6289,1.3793,10.0,4.0
9289,3817,8.1682,1.2058,10.0,3.0
9290,18,6.7222,1.6017,10.0,4.0
9291,8,7.875,1.8851,10.0,5.0
9303,2,4.0,2.8284,6.0,2.0
9308,307,6.9544,1.7521,10.0,1.0
9309,47,6.383,1.7011,10.0,1.0
9310,72,6.8472,1.7415,10.0,2.0
9311,112,7.2679,1.8502,10.0,1.0
9312,61,6.0164,1.8211,10.0,2.0
9314,1771,7.2851,1.4612,10.0,1.0
9316,2,4.0,4.2426,7.0,1.0
9317,3,5.3333,2.3094,8.0,4.0
9318,9,3.7778,1.7159,6.0,1.0
9322,282,7.4326,1.8106,10.0,1.0
9324,18,5.7222,1.1785,7.0,3.0
9325,2,7.0,0.0,7.0,7.0
9326,18,5.2778,1.7758,8.0,2.0
9327,26,6.6923,1.7383,10.0,3.0
9328,100,6.71,1.9964,10.0,1.0
9330,3475,7.1286,1.5199,10.0,1.0
9331,2886,7.237,1.4036,10.0,1.0
9332,967,7.5377,1.3384,10.0,1.0
9333,211,6.673,1.398,10.0,2.0
9335,405,6.9383,1.3693,10.0,3.0
9337,6,5.1667,1.169,6.0,3.0
9338,1,7.0,0.0,7.0,7.0
9340,11,7.7273,1.4894,10.0,5.0
9341,4,5.25,1.7078,7.0,3.0
9342,3,5.6667,1.5275,7.0,4.0
9343,1,7.0,0.0,7.0,7.0
9344,4,7.25,0.9574,8.0,6.0
9345,1,8.0,0.0,8.0,8.0
9346,11,6.9091,1.446,9.0,4.0
9347,751,7.0959,1.4538,10.0,1.0
9348,6,7.3333,1.633,10.0,5.0
9349,1,6.0,0.0,6.0,6.0
9352,2,6.5,0.7071,7.0,6.0
9353,113,6.9558,1.6658,10.0,2.0
9355,1090,7.556,1.5155,10.0,1.0
9356,7,4.1429,1.8645,7.0,2.0
9361,27,6.1481,1.7255,10.0,3.0
9362,632,6.8829,1.6764,10.0,1.0
9365,7,5.0,1.9149,7.0,1.0
9366,1969,7.644,1.4534,10.0,1.0
9367,5435,7.3744,1.5875,10.0,1.0
9375,42,5.0476,2.449,10.0,1.0
9376,2,7.5,3.5355,10.0,5.0
9379,4505,7.4992,1.3351,10.0,1.0
9385,7,6.5714,1.2724,9.0,5.0
9389,2,5.5,0.7071,6.0,5.0
9390,2,5.5,0.7071,6.0,5.0
9392,1,4.0,0.0,4.0,4.0
9393,84,6.2024,1.6264,10.0,2.0
9395,16,6.6875,1.1955,9.0,5.0
9396,439,7.8565,1.2945,10.0,2.0
9409,3,5.3333,0.5774,6.0,5.0
9416,1,7.0,0.0,7.0,7.0
9417,2,5.5,0.7071,6.0,5.0
9421,4,7.25,0.9574,8.0,6.0
9423,9,5.3333,1.8708,8.0,2.0
9424,6,5.0,1.5492,6.0,2.0
9433,2,6.5,0.7071,7.0,6.0
9434,38,5.7895,2.029,10.0,1.0
9435,132,7.0,2.0265,10.0,1.0
9441,671,7.9255,1.5014,10.0,1.0
9442,71,6.5634,1.8954,10.0,1.0
9445,1,6.0,0.0,6.0,6.0
9455,1,8.0,0.0,8.0,8.0
9465,1942,8.0984,1.1336,10.0,2.0
9467,38,6.0789,1.8655,10.0,1.0
9471,2842,7.8944,1.2906,10.0,1.0
9479,1783,6.8598,1.7329,10.0,1.0
9486,12,5.9167,1.9287,10.0,3.0
9487,60,6.2167,1.7572,10.0,1.0
9488,1,7.0,0.0,7.0,7.0
9491,16,5.3125,1.4009,7.0,3.0
9493,265,6.8943,1.6777,10.0,1.0
9494,23,6.4348,1.4717,10.0,4.0
9495,9,7.7778,1.2019,10.0,6.0
9496,2,6.0,1.4142,7.0,5.0
9499,1,6.0,0.0,6.0,6.0
9501,4,7.25,1.2583,9.0,6.0
9502,27,6.2593,1.4569,10.0,4.0
9506,55,5.8,2.1029,10.0,1.0
9507,3,4.6667,1.1547,6.0,4.0
9509,7,5.5714,2.0702,8.0,3.0
9510,1101,7.8883,1.3057,10.0,1.0
9513,4872,8.139,1.2778,10.0,1.0
9515,6176,6.829,1.9718,10.0,1.0
9518,1,6.0,0.0,6.0,6.0
9519,3,7.0,1.0,8.0,6.0
9520,2,5.5,2.1213,7.0,4.0
9521,8,5.75,1.3887,7.0,3.0
9522,1,3.0,0.0,3.0,3.0
9523,82,6.3171,1.6546,10.0,1.0
9525,2,6.0,1.4142,7.0,5.0
9528,13,5.6923,1.4936,8.0,3.0
9531,4,5.5,1.291,7.0,4.0
9536,2,4.5,2.1213,6.0,3.0
9539,526,7.4924,1.4165,10.0,1.0
9542,4,4.5,3.0,7.0,1.0
9544,435,7.6161,1.4471,10.0,2.0
9545,49,6.6939,1.7465,10.0,2.0
9546,2,8.5,2.1213,10.0,7.0
9547,40,6.7,1.6825,10.0,1.0
9548,24,6.4167,1.4116,9.0,3.0
9549,21,6.619,1.6875,10.0,3.0
9558,5,7.8,1.9235,10.0,5.0
9561,23,5.7826,2.4855,10.0,1.0
9563,315,8.0635,1.1954,10.0,3.0
9566,29,6.3793,1.6128,9.0,2.0
9568,30,7.2,1.3235,10.0,5.0
9575,3,5.6667,0.5774,6.0,5.0
9581,782,6.8836,1.7289,10.0,1.0
9584,2,6.0,0.0,6.0,6.0
9587,1805,6.5618,1.689,10.0,1.0
9588,34,6.4706,1.6374,10.0,2.0
9591,171,6.6784,1.8713,10.0,1.0
9595,12,6.0,0.8528,7.0,4.0
9598,526,6.4867,1.5961,10.0,1.0
9599,32,6.5938,2.0924,10.0,1.0
9600,36,6.0,2.2039,10.0,1.0
9608,295,5.9831,1.8888,10.0,1.0
9611,283,7.4417,1.4777,10.0,2.0
9613,1,5.0,0.0,5.0,5.0
9617,3956,8.4022,1.3059,10.0,1.0
9618,1018,7.0766,1.6288,10.0,1.0
9624,999,7.0851,1.5121,10.0,1.0
9627,6,6.1667,2.3166,9.0,4.0
9629,16,6.25,1.9149,10.0,3.0
9630,87,7.3563,1.7783,10.0,3.0
9638,97,6.3608,1.8495,10.0,1.0
9645,4,7.25,1.893,10.0,6.0
9646,13,6.0769,1.6053,9.0,3.0
9650,8,6.0,1.9272,10.0,4.0
9656,6407,8.2948,1.3193,10.0,1.0
9662,3,5.6667,1.5275,7.0,4.0
9667,25,6.04,1.3379,9.0,4.0
9673,26,7.6538,1.8535,10.0,4.0
9675,1302,7.0591,1.6124,10.0,1.0
9689,2,7.0,0.0,7.0,7.0
9690,515,6.6738,1.6093,10.0,1.0
9691,2,6.0,0.0,6.0,6.0
9693,501,7.2315,1.4867,10.0,1.0
9706,103,6.9223,1.4531,10.0,3.0
9708,43,6.2791,1.8038,10.0,3.0
9712,1193,7.1157,1.4124,10.0,2.0
9716,74,7.0541,1.5429,10.0,4.0
9718,33,5.8182,1.648,10.0,2.0
9721,116,6.8534,1.6694,10.0,1.0
9723,240,7.2208,1.713,10.0,1.0
9724,1857,8.0635,1.1832,10.0,2.0
9731,468,6.5897,1.8025,10.0,1.0
9732,30,6.6,1.3025,10.0,4.0
9733,60,7.4833,1.4201,10.0,1.0
9734,1923,7.922,1.3324,10.0,1.0
9735,339,8.4012,1.3273,10.0,1.0
9736,2571,7.0086,1.5507,10.0,1.0
9737,114,6.6842,1.5982,10.0,3.0
9741,400,6.1125,1.9556,10.0,1.0
9744,207,5.1594,2.4373,10.0,1.0
9745,655,7.8977,1.4746,10.0,2.0
9748,1,7.0,0.0,7.0,7.0
9750,2088,7.001,1.6038,10.0,1.0
9751,723,7.7621,1.4864,10.0,2.0
9754,232,6.7888,1.5214,10.0,3.0
9756,14453,8.5825,1.3504,10.0,1.0
9760,2310,7.9264,1.3916,10.0,1.0
9761,260,6.8115,1.9706,10.0,1.0
9768,3,4.3333,1.5275,6.0,3.0
9770,4,8.0,2.3094,10.0,6.0
9773,14,7.2857,1.4899,10.0,5.0
9774,221,6.6697,1.6799,10.0,1.0
9776,1724,7.1897,1.374,10.0,2.0
9777,17,5.0588,1.3449,7.0,2.0
9778,57,6.4386,1.6905,10.0,2.0
9781,1,4.0,0.0,4.0,4.0
9782,241,6.3651,1.497,10.0,1.0
9785,30,7.8667,1.8333,10.0,3.0
9786,27,7.7778,2.0064,10.0,3.0
9789,9,6.6667,1.5811,10.0,4.0
9790,2583,8.007,1.4405,10.0,1.0
9792,2,6.5,2.1213,8.0,5.0
9793,318,7.522,1.3402,10.0,3.0
9794,9,6.4444,1.6667,10.0,4.0
9795,2,6.5,2.1213,8.0,5.0
9796,1,7.0,0.0,7.0,7.0
9798,38,7.1053,1.7977,10.0,1.0
9799,6,6.3333,1.2111,7.0,4.0
9801,10,5.2,2.4855,10.0,1.0
9806,5,7.4,1.1402,9.0,6.0
9807,1,5.0,0.0,5.0,5.0
9812,1,8.0,0.0,8.0,8.0
9817,1,10.0,0.0,10.0,10.0
9819,1,10.0,0.0,10.0,10.0
9820,1,10.0,0.0,10.0,10.0
9822,4,6.25,0.9574,7.0,5.0
9824,14,6.5714,1.0894,8.0,5.0
9826,4,4.25,2.9861,8.0,1.0
9829,3,5.3333,1.5275,7.0,4.0
9832,1,8.0,0.0,8.0,8.0
9834,1764,7.7409,1.3419,10.0,1.0
9837,4,7.5,0.5774,8.0,7.0
9839,36,7.6944,1.8333,10.0,3.0
9846,50,6.36,1.6874,10.0,1.0
9849,99,6.4242,1.83,10.0,1.0
9850,6,5.5,0.5477,6.0,5.0
9851,11,4.3636,2.5406,10.0,1.0
9855,6,5.8333,2.7142,10.0,2.0
9857,7,5.8571,1.215,7.0,4.0
9858,8,6.75,1.7525,10.0,4.0
9861,18,5.7222,1.8726,10.0,3.0
9862,1,8.0,0.0,8.0,8.0
9863,1757,8.5674,1.1963,10.0,1.0
9865,196,7.5765,1.5588,10.0,3.0
9868,3,3.6667,2.3094,5.0,1.0
9874,261,7.1686,1.4736,10.0,2.0
9875,79,6.9367,1.9503,10.0,1.0
9879,2,4.0,2.8284,6.0,2.0
9880,3,6.6667,0.5774,7.0,6.0
9881,3,5.6667,1.1547,7.0,5.0
9882,2,8.0,1.4142,9.0,7.0
9883,9,6.3333,1.4142,8.0,4.0
9884,5,6.4,0.8944,7.0,5.0
9887,7,6.8571,1.069,8.0,5.0
9888,551,7.5136,1.3495,10.0,2.0
9890,478,8.3849,1.2549,10.0,3.0
9893,119,7.3361,1.5254,10.0,1.0
9895,21,4.5714,2.2488,9.0,1.0
9900,1,10.0,0.0,10.0,10.0
9904,28,6.0357,1.8754,9.0,1.0
9907,325,7.2738,1.5482,10.0,2.0
9910,5,4.8,1.9235,7.0,2.0
9911,510,6.4373,1.6487,10.0,1.0
9916,1,3.0,0.0,3.0,3.0
9917,558,7.0842,1.5894,10.0,2.0
9919,17801,8.0703,1.3356,10.0,1.0
9922,1429,7.1379,1.5238,10.0,1.0
9924,163,6.8466,1.5658,10.0,2.0
9925,1421,7.4905,1.3388,10.0,1.0
9926,3334,8.3299,1.4373,10.0,1.0
9930,310,7.5613,1.653,10.0,2.0
9931,18,7.7222,1.3636,10.0,6.0
9934,311,6.7942,1.4288,10.0,2.0
9935,16,6.25,1.1832,8.0,3.0
9936,3109,6.7961,1.6816,10.0,1.0
9938,1096,7.6816,1.2785,10.0,3.0
9939,15,5.4,1.9198,8.0,1.0
9940,25,6.36,1.3808,8.0,4.0
9941,2776,8.3037,1.1753,10.0,2.0
9943,5,6.4,1.5166,9.0,5.0
9944,1,8.0,0.0,8.0,8.0
9950,2,9.0,1.4142,10.0,8.0
9951,6,6.1667,2.137,8.0,3.0
9957,1,7.0,0.0,7.0,7.0
9958,875,7.4491,1.4112,10.0,1.0
9959,4,8.75,0.5,9.0,8.0
9963,621,8.285,1.3104,10.0,3.0
9967,13,5.5385,1.9839,9.0,3.0
9968,52,6.4423,1.8409,10.0,1.0
9969,3115,9.2726,1.0479,10.0,1.0
9970,112,6.7054,1.824,10.0,1.0
9972,3,7.0,1.7321,8.0,5.0
9973,1,2.0,0.0,2.0,2.0
9976,8,4.625,1.1877,6.0,3.0
9978,3,4.6667,1.5275,6.0,3.0
9979,73,7.4384,1.7949,10.0,1.0
9981,1522,7.5092,1.3998,10.0,1.0
9982,2584,8.0039,1.486,10.0,1.0
9988,282,7.1525,1.3868,10.0,3.0
9989,14711,8.7634,1.2568,10.0,1.0
9990,7,6.7143,1.7995,10.0,4.0
9991,2,6.0,1.4142,7.0,5.0
9993,2,4.5,0.7071,5.0,4.0
9996,52,8.2692,1.05,10.0,6.0
9999,953,7.532,1.5158,10.0,1.0
10000,1,7.0,0.0,7.0,7.0
10003,17,6.5882,2.0018,10.0,2.0
10005,10,6.9,0.8756,8.0,6.0
10012,2075,8.1176,1.3023,10.0,1.0
10013,16,6.6875,1.0145,8.0,5.0
10014,47,6.9574,1.5598,10.0,4.0
10015,424,6.8042,1.7617,10.0,1.0
10016,165,6.7515,1.3633,10.0,2.0
10017,545,7.1083,1.5367,10.0,1.0
10020,4554,7.7962,1.3621,10.0,1.0
10028,36,6.6944,2.1885,10.0,1.0
10029,1649,8.1656,1.2439,10.0,1.0
10030,5259,8.6429,1.112,10.0,1.0
10033,607,7.855,1.3938,10.0,2.0
10036,11,7.7273,1.2721,10.0,5.0
10040,1,1.0,0.0,1.0,1.0
10043,21,6.4762,1.9396,10.0,3.0
10045,2,7.0,0.0,7.0,7.0
10048,40,7.4,2.0356,10.0,1.0
10049,2585,8.2422,1.1791,10.0,1.0
10050,99,7.7172,1.5121,10.0,4.0
10055,16,6.375,1.4083,9.0,3.0
10058,2,7.5,0.7071,8.0,7.0
10061,1,9.0,0.0,9.0,9.0
10067,5401,7.7386,1.5335,10.0,1.0
10073,1766,6.7769,1.8172,10.0,1.0
10074,154,6.7857,1.5338,10.0,1.0
10075,877,7.7571,1.683,10.0,1.0
10076,1599,6.8386,1.6639,10.0,1.0
10079,2971,7.176,1.4899,10.0,1.0
10080,7706,8.2346,1.1665,10.0,1.0
10083,1480,8.0514,1.3012,10.0,1.0
10087,12179,8.6358,1.1253,10.0,1.0
10090,110,8.0,1.3946,10.0,3.0
10092,1789,7.9217,1.2742,10.0,2.0
10098,148,7.027,1.5516,10.0,1.0
10101,29,6.1034,1.6764,8.0,2.0
10104,26,5.6538,1.9584,10.0,2.0
10105,2,5.0,0.0,5.0,5.0
10106,96,7.1562,1.7908,10.0,2.0
10108,361,7.3407,1.6407,10.0,1.0
10109,433,6.7506,1.4151,10.0,1.0
10110,6485,7.6222,1.3673,10.0,1.0
10113,1,10.0,0.0,10.0,10.0
10114,2,8.5,0.7071,9.0,8.0
10115,4,6.5,2.3805,10.0,5.0
10116,9,7.7778,1.3017,10.0,6.0
10118,2,7.5,0.7071,8.0,7.0
10119,1416,7.964,1.1975,10.0,1.0
10122,295,7.1729,1.2592,10.0,2.0
10132,13,7.0,1.5275,9.0,4.0
10135,2,8.0,0.0,8.0,8.0
10136,1,7.0,0.0,7.0,7.0
10137,1,7.0,0.0,7.0,7.0
10138,1,7.0,0.0,7.0,7.0
10139,3,7.6667,2.0817,10.0,6.0
10149,1,8.0,0.0,8.0,8.0
10152,1422,7.3699,1.3752,10.0,2.0
10153,356,8.5197,1.3808,10.0,1.0
10155,2906,7.4288,1.4354,10.0,1.0
10156,1511,6.9768,1.5299,10.0,1.0
10161,5194,7.9128,1.6327,10.0,1.0
10162,6016,8.6579,1.0682,10.0,1.0
10163,5274,7.5976,1.4397,10.0,1.0
10165,4957,8.6399,1.2218,10.0,1.0
10172,1117,6.8451,1.8477,10.0,1.0
10177,43,6.1163,1.8798,10.0,2.0
10178,220,7.6182,1.3615,10.0,1.0
10180,38,7.0789,1.9226,10.0,3.0
10187,768,6.832,1.5678,10.0,1.0
10189,318,7.456,1.5143,10.0,1.0
10191,452,7.2102,1.4749,10.0,1.0
10194,7,6.7143,1.3801,8.0,4.0
10196,666,6.8754,1.9024,10.0,1.0
10197,695,7.0734,1.7167,10.0,1.0
10199,2,7.0,1.4142,8.0,6.0
10201,51,6.4314,1.8028,10.0,1.0
10202,6,8.1667,0.9832,9.0,7.0
10207,28,7.1429,1.2387,10.0,5.0
10209,2701,7.6557,1.377,10.0,1.0
10213,3271,7.1984,1.5657,10.0,1.0
10216,1369,7.6939,1.3357,10.0,1.0
10217,97,5.9897,1.7766,10.0,1.0
10218,2757,8.0163,1.341,10.0,1.0
10219,395,6.6228,1.5985,10.0,1.0
10224,5,5.8,1.7889,8.0,3.0
10232,495,7.4404,1.5218,10.0,1.0
10241,2,5.5,2.1213,7.0,4.0
10246,1,6.0,0.0,6.0,6.0
10249,607,7.2504,1.5617,10.0,1.0
10256,14,6.3571,1.9457,10.0,3.0
10257,106,7.7925,1.5226,10.0,4.0
10258,126,6.1349,1.6798,10.0,2.0
10259,4,7.0,1.8257,9.0,5.0
10260,237,6.9958,1.3793,10.0,2.0
10261,2,3.5,2.1213,5.0,2.0
10262,16,7.0625,1.4361,10.0,5.0
10263,67,6.8507,1.8361,10.0,3.0
10270,1,2.0,0.0,2.0,2.0
10271,1687,8.3266,1.2306,10.0,1.0
10276,71,6.831,1.7727,10.0,1.0
10278,1630,7.9712,1.3369,10.0,1.0
10280,57,7.2632,1.8471,10.0,2.0
10282,1,6.0,0.0,6.0,6.0
10285,1,8.0,0.0,8.0,8.0
10286,22,6.4545,2.0869,10.0,2.0
10294,1063,7.6077,1.3168,10.0,1.0
10297,118,6.9746,1.7996,10.0,1.0
10298,1549,7.479,1.6104,10.0,1.0
10301,88,6.5,1.5757,10.0,2.0
10302,181,7.2983,1.6088,10.0,1.0
10304,1,7.0,0.0,7.0,7.0
10306,13,6.5385,1.5064,10.0,5.0
10308,800,6.835,1.4562,10.0,1.0
10313,7,6.7143,1.1127,8.0,5.0
10319,4,5.5,2.0817,8.0,3.0
10321,3189,7.5654,1.7624,10.0,1.0
10323,1,1.0,0.0,1.0,1.0
10324,43,7.186,1.9304,10.0,2.0
10325,42,5.9524,1.834,10.0,1.0
10327,33,5.7273,2.0808,10.0,2.0
10330,173,6.3988,1.9282,10.0,1.0
10334,125,7.72,1.6145,10.0,1.0
10335,1,8.0,0.0,8.0,8.0
10336,653,7.2511,1.5492,10.0,1.0
10338,143,6.7273,1.3331,10.0,1.0
10342,7,7.1429,2.4785,10.0,2.0
10346,6,5.6667,1.9664,9.0,3.0
10347,8,4.875,2.5319,8.0,1.0
10348,220,7.0364,1.5106,10.0,1.0
10349,4,7.5,0.5774,8.0,7.0
10350,380,8.0658,1.5215,10.0,2.0
10351,132,7.1136,1.5612,10.0,2.0
10354,12,7.25,2.0505,10.0,3.0
10355,6,4.3333,1.2111,5.0,2.0
10357,1734,7.9873,1.2624,10.0,1.0
10359,12,7.5,1.0871,10.0,6.0
10360,1,6.0,0.0,6.0,6.0
10361,41,7.3171,1.795,10.0,2.0
10368,2,3.0,2.8284,5.0,1.0
10370,115,7.1304,1.6989,10.0,2.0
10372,1528,7.3514,1.344,10.0,2.0
10373,7,5.1429,1.4639,7.0,3.0
10375,3,6.3333,3.2146,10.0,4.0
10378,1467,7.6892,1.2201,10.0,1.0
10379,3077,8.7215,1.0903,10.0,2.0
10380,313,7.3227,1.796,10.0,1.0
10384,69,7.0725,1.6918,10.0,3.0
10389,800,7.9262,1.2541,10.0,3.0
10390,102,6.8529,1.5376,10.0,3.0
10391,153,5.9412,1.615,10.0,2.0
10392,54,6.2778,1.9755,10.0,2.0
10396,4734,7.6132,1.3163,10.0,1.0
10397,2522,7.4461,1.5462,10.0,1.0
10405,77,6.5195,1.6828,10.0,2.0
10406,79,5.5316,2.1888,10.0,1.0
10407,3,5.6667,1.5275,7.0,4.0
10408,5923,8.7089,1.1672,10.0,1.0
10409,4,4.5,0.5774,5.0,4.0
10417,1030,6.0223,2.0881,10.0,1.0
10418,3078,7.2554,1.4625,10.0,1.0
10419,91,7.1209,1.9711,10.0,1.0
10420,27,6.2963,1.7055,10.0,2.0
10421,52,6.7885,1.9029,10.0,1.0
10424,22,5.7273,1.7233,10.0,2.0
10429,33,6.3636,1.8678,10.0,1.0
10431,685,7.2496,1.6313,10.0,1.0
10436,7,4.8571,1.215,6.0,3.0
10444,393,7.687,1.4868,10.0,1.0
10445,293,7.9625,1.4602,10.0,2.0
10447,1563,7.4811,1.514,10.0,1.0
10448,433,7.6467,1.4068,10.0,3.0
10456,2304,7.5951,1.4284,10.0,1.0
10457,73,7.0822,1.3412,10.0,3.0
10458,76,6.6711,2.0616,10.0,1.0
10460,2069,7.9787,1.297,10.0,1.0
10463,14,5.8571,1.6104,9.0,3.0
10464,1321,7.5708,1.3159,10.0,1.0
10465,699,6.5937,1.743,10.0,1.0
10466,2,7.0,0.0,7.0,7.0
10469,248,7.6976,1.2376,10.0,4.0
10470,509,6.9116,1.3768,10.0,1.0
10471,21,7.4762,1.6006,10.0,4.0
10477,268,6.3657,1.6423,10.0,1.0
10479,153,7.5556,1.5039,10.0,2.0
10481,8,6.375,1.9955,9.0,2.0
10483,150,7.66,1.6622,10.0,2.0
10488,90,6.9111,1.72,10.0,1.0
10490,3243,6.9093,1.7924,10.0,1.0
10491,1453,6.7646,1.9659,10.0,1.0
10495,3733,7.7659,1.3282,10.0,1.0
10497,404,7.9629,1.4578,10.0,3.0
10500,377,7.8462,1.1405,10.0,2.0
10501,147,6.1837,1.4336,10.0,2.0
10502,180,6.9056,1.2933,10.0,2.0
10504,200,7.26,1.6752,10.0,1.0
10507,405,7.5333,1.4882,10.0,1.0
10509,2,5.0,1.4142,6.0,4.0
10511,14,5.0,1.2403,6.0,2.0
10513,66,7.0758,1.3163,10.0,4.0
10516,71,6.7042,1.525,10.0,3.0
10519,466,6.2361,1.8951,10.0,1.0
10520,22,5.7273,1.9562,10.0,2.0
10521,4139,8.0556,1.1336,10.0,1.0
10524,5,5.4,1.1402,7.0,4.0
10525,8,4.75,1.3887,6.0,2.0
10526,14,5.0714,1.3848,8.0,3.0
10527,23,6.6087,1.7513,10.0,3.0
10528,21,6.2381,1.8949,10.0,3.0
10531,178,7.3483,1.5448,10.0,2.0
10532,255,6.8824,1.456,10.0,1.0
10534,39,7.8718,1.281,10.0,5.0
10536,645,7.5209,1.5953,10.0,1.0
10539,1,5.0,0.0,5.0,5.0
10541,1,5.0,0.0,5.0,5.0
10545,120,6.0667,1.6538,10.0,1.0
10546,45,6.4889,1.9143,10.0,2.0
10547,303,6.5908,1.667,10.0,1.0
10549,33,6.7273,1.2317,9.0,5.0
10552,27,5.9259,1.7743,9.0,2.0
10553,97,6.5979,1.7118,10.0,1.0
10554,2,7.0,0.0,7.0,7.0
10562,1,5.0,0.0,5.0,5.0
10568,3568,7.9308,1.3092,10.0,1.0
10570,38,6.2895,2.0122,10.0,1.0
10572,1375,7.2153,1.5118,10.0,1.0
10573,149,7.6779,1.4808,10.0,4.0
10575,23,5.4348,1.6188,9.0,3.0
10578,2996,7.0851,1.5043,10.0,1.0
10581,91,6.022,1.6798,10.0,1.0
10582,872,7.0206,1.5015,10.0,2.0
10584,16,5.5625,2.4213,10.0,1.0
10585,7,4.4286,2.2991,8.0,2.0
10586,13,3.9231,2.3966,10.0,1.0
10588,3669,7.8711,1.3864,10.0,1.0
10589,2911,7.7125,1.5079,10.0,1.0
10590,57,6.7719,1.701,10.0,2.0
10592,33,7.3636,1.2703,10.0,4.0
10594,2,4.5,3.5355,7.0,2.0
10595,1,8.0,0.0,8.0,8.0
10603,1,5.0,0.0,5.0,5.0
10604,1296,7.1366,1.6042,10.0,1.0
10607,4,6.0,1.8257,8.0,4.0
10611,1662,6.8767,1.5984,10.0,1.0
10620,18649,8.2783,1.4765,10.0,1.0
10622,560,7.0786,1.4885,10.0,1.0
10623,3,8.0,1.7321,10.0,7.0
10624,846,7.5851,1.3706,10.0,1.0
10627,4,3.75,1.893,5.0,1.0
10628,142,7.7113,1.5325,10.0,3.0
10629,75,7.84,1.186,10.0,5.0
10638,1416,7.5071,1.3414,10.0,1.0
10639,7,5.5714,1.8127,8.0,3.0
10643,376,8.266,1.3715,10.0,3.0
10647,1286,7.3857,1.5654,10.0,1.0
10648,1,7.0,0.0,7.0,7.0
10653,1,7.0,0.0,7.0,7.0
10659,884,7.2364,1.6117,10.0,1.0
10666,59,6.7627,1.685,10.0,1.0
10668,139,7.1295,1.9665,10.0,1.0
10671,496,6.7601,1.4856,10.0,1.0
10674,10,5.1,1.8529,7.0,1.0
10679,80,6.2125,2.2541,10.0,1.0
10681,1247,7.4675,1.5785,10.0,1.0
10683,133,7.2331,1.9419,10.0,1.0
10686,1143,7.3832,1.6203,10.0,1.0
10687,308,6.9286,2.055,10.0,1.0
10688,15,6.0667,1.7915,9.0,3.0
10689,25,6.76,1.3317,9.0,3.0
10690,92,7.25,1.5018,10.0,2.0
10691,110,6.5818,1.8886,10.0,1.0
10693,22,6.5455,1.4385,9.0,3.0
10694,138,7.2246,1.8205,10.0,1.0
10695,86,6.5349,2.0903,10.0,1.0
10697,72,6.0,2.2329,10.0,1.0
10701,2,6.5,0.7071,7.0,6.0
10702,656,7.0198,1.7062,10.0,1.0
10703,204,7.5441,1.3907,10.0,3.0
10710,37,5.9459,1.5082,10.0,3.0
10711,2406,7.5628,1.5076,10.0,1.0
10713,889,7.5906,1.3044,10.0,1.0
10714,825,7.7091,1.2376,10.0,2.0
10715,785,7.8242,1.2194,10.0,1.0
10716,759,7.7747,1.2373,10.0,1.0
10717,754,7.8435,1.2964,10.0,1.0
10718,11,7.1818,1.2505,9.0,5.0
10719,10780,7.7194,1.3132,10.0,1.0
10720,39,7.2564,1.4275,10.0,4.0
10721,3654,8.24,1.4365,10.0,1.0
10723,7,6.7143,1.8898,10.0,4.0
10728,27,6.2963,2.0534,10.0,1.0
10731,159,7.7358,1.5567,10.0,3.0
10732,40,7.275,1.7095,10.0,4.0
10735,17,6.1176,1.7636,10.0,3.0
10736,9,5.8889,1.965,10.0,3.0
10737,427,7.192,1.4375,10.0,1.0
10739,732,6.7568,1.743,10.0,1.0
10740,515,7.0874,1.5438,10.0,2.0
10742,2,4.5,4.9497,8.0,1.0
10743,6,5.3333,1.2111,7.0,4.0
10751,4,6.25,1.2583,8.0,5.0
10755,5,7.8,2.0494,10.0,6.0
10757,1,5.0,0.0,5.0,5.0
10758,2,6.0,0.0,6.0,6.0
10759,1,7.0,0.0,7.0,7.0
10763,6,4.1667,2.2286,7.0,1.0
10764,48,5.7917,2.3152,10.0,1.0
10765,124,7.4516,1.4835,10.0,3.0
10766,63,6.3016,2.1525,10.0,1.0
10770,51,6.451,1.9423,10.0,1.0
10774,2,7.5,0.7071,8.0,7.0
10775,57,7.4912,1.3644,10.0,5.0
10779,153,7.5882,1.6284,10.0,1.0
10780,11,5.9091,2.0715,9.0,1.0
10790,6236,7.8916,1.3389,10.0,1.0
10792,56,6.4464,1.9439,10.0,1.0
10793,12366,7.9964,1.6043,10.0,1.0
10794,2317,7.2434,1.493,10.0,1.0
10796,93,6.4301,1.577,10.0,3.0
10798,2284,7.6905,1.3164,10.0,2.0
10799,97,6.3814,1.8111,10.0,1.0
10800,3819,8.4527,1.1601,10.0,1.0
10801,182,5.8956,1.7699,10.0,1.0
10802,2,6.5,3.5355,9.0,4.0
10804,234,7.5171,1.2643,10.0,4.0
10805,2316,7.516,1.3003,10.0,2.0
10807,103,7.0291,1.5368,10.0,3.0
10808,425,6.9576,1.6677,10.0,1.0
10810,67,7.1194,1.7797,10.0,1.0
10813,7,5.2857,2.0587,9.0,3.0
10815,1,6.0,0.0,6.0,6.0
10819,41,7.3659,1.7994,10.0,2.0
10820,4,7.25,2.2174,10.0,5.0
10821,67,7.0,1.5667,10.0,4.0
10822,44,7.5909,1.7563,10.0,2.0
10823,37,7.5135,1.8652,10.0,2.0
10824,32,7.2812,2.0038,10.0,2.0
10825,43,7.6047,1.6923,10.0,2.0
10827,115,6.6261,2.0238,10.0,1.0
10832,69,6.8261,1.5431,10.0,2.0
10834,486,7.5535,1.4923,10.0,2.0
10838,230,5.787,1.6646,10.0,1.0
10842,214,7.257,1.6082,10.0,2.0
10845,216,6.1435,1.9078,10.0,1.0
10849,108,6.6852,1.4639,10.0,2.0
10851,115,6.5652,2.5654,10.0,1.0
10852,2,4.0,1.4142,5.0,3.0
10855,1,8.0,0.0,8.0,8.0
10856,1,8.0,0.0,8.0,8.0
10859,48,5.3125,1.9147,10.0,1.0
10862,66,7.3939,1.6996,10.0,3.0
10863,6225,8.5632,1.2299,10.0,1.0
10869,9,5.6667,2.5,8.0,1.0
10870,135,7.4667,1.4497,10.0,4.0
10884,577,7.4142,1.345,10.0,1.0
10886,104,6.8462,1.4466,10.0,4.0
10893,968,7.1911,1.5273,10.0,1.0
10897,2909,6.956,1.5533,10.0,1.0
10901,3,6.3333,0.5774,7.0,6.0
10904,9,5.3333,2.1794,8.0,2.0
10905,55,6.7818,1.397,10.0,4.0
10906,54,6.4074,1.7964,10.0,2.0
10908,5,6.2,2.5884,9.0,4.0
10916,134,7.0448,1.6853,10.0,3.0
10917,117,7.0769,1.7722,10.0,3.0
10918,259,7.5869,1.3277,10.0,3.0
10920,162,6.1481,1.7771,10.0,1.0
10923,167,7.2934,1.4113,10.0,1.0
10924,228,6.6667,1.7418,10.0,2.0
10928,741,7.4899,1.5756,10.0,1.0
10933,517,6.8781,1.8115,10.0,1.0
10934,525,7.1924,1.4708,10.0,2.0
10935,99,7.8485,1.2965,10.0,3.0
10936,72,6.625,1.2939,10.0,4.0
10938,29,6.8621,1.5521,9.0,3.0
10941,11,6.2727,1.5551,8.0,4.0
10945,79,6.9241,1.4916,10.0,3.0
10947,65,7.2154,1.4947,10.0,4.0
10948,62,7.0484,1.4421,10.0,4.0
10949,43,7.093,1.5859,10.0,4.0
10950,47,7.0638,1.5521,10.0,4.0
10954,27,5.1852,1.3598,8.0,2.0
10958,194,5.9897,1.6696,10.0,1.0
10967,2,5.0,1.4142,6.0,4.0
10979,22,5.6364,1.8138,9.0,3.0
10999,115,7.7826,1.3428,10.0,5.0
11001,226,7.9779,1.3481,10.0,3.0
11005,735,6.5061,1.7153,10.0,1.0
11009,133,7.2105,1.7323,10.0,2.0
11013,6174,7.8541,1.4137,10.0,1.0
11017,5,7.6,1.6733,10.0,6.0
11019,155,7.4258,1.5993,10.0,3.0
11021,1566,7.4368,1.4768,10.0,1.0
11031,62,6.5645,1.5536,9.0,3.0
11033,254,7.4173,1.5422,10.0,1.0
11043,8,7.25,1.669,10.0,5.0
11049,2,6.0,0.0,6.0,6.0
11053,22,7.2727,1.2792,10.0,5.0
11061,7477,9.2346,0.9725,10.0,1.0
11065,83,6.6988,1.9427,10.0,1.0
11067,75,6.64,1.5909,10.0,2.0
11069,71,6.6479,1.7246,10.0,3.0
11073,123,6.8374,1.6663,10.0,3.0
11077,1070,7.4654,1.5009,10.0,1.0
11079,1339,7.0896,1.6037,10.0,1.0
11083,268,6.5933,1.8448,10.0,1.0
11087,2,4.0,2.8284,6.0,2.0
11093,1,5.0,0.0,5.0,5.0
11099,183,6.5683,1.6457,10.0,1.0
11101,2,6.0,0.0,6.0,6.0
11103,324,6.784,1.3775,10.0,2.0
11111,17036,8.0448,1.4064,10.0,1.0
11113,1327,8.2027,1.2178,10.0,3.0
11123,2559,8.4599,1.3462,10.0,1.0
11135,527,8.148,1.522,10.0,1.0
11141,2,4.0,2.8284,6.0,2.0
11161,711,7.1632,1.5259,10.0,1.0
11177,22,6.3182,2.0327,10.0,3.0
11179,3613,7.6914,1.3756,10.0,1.0
11185,53,5.7925,2.4989,10.0,1.0
11189,22,5.1818,2.196,9.0,2.0
11203,1,4.0,0.0,4.0,4.0
11209,716,6.8897,1.8215,10.0,1.0
11213,1,3.0,0.0,3.0,3.0
11221,1,8.0,0.0,8.0,8.0
11227,1092,7.2088,1.3295,10.0,1.0
11235,2690,7.7138,1.3795,10.0,1.0
11237,255,8.0,1.1772,10.0,2.0
11239,328,8.0884,1.2784,10.0,3.0
11241,2696,7.0809,1.5023,10.0,1.0
11245,1,6.0,0.0,6.0,6.0
11255,256,7.1992,1.5877,10.0,2.0
11266,2274,7.5281,1.4162,10.0,1.0
11268,3,7.6667,0.5774,8.0,7.0
11269,2,5.5,2.1213,7.0,4.0
11275,1,4.0,0.0,4.0,4.0
11281,13,7.9231,1.5525,10.0,5.0
11285,6162,7.3017,1.6958,10.0,1.0
11299,11,7.4545,1.6949,10.0,4.0
11307,10,6.8,1.2293,9.0,5.0
11313,994,7.4175,1.4304,10.0,1.0
11319,5882,7.866,1.5479,10.0,1.0
11321,175,7.4171,1.9306,10.0,1.0
11339,481,7.4033,1.3274,10.0,3.0
11341,274,7.5328,1.5575,10.0,1.0
11349,57,6.5263,1.8908,10.0,1.0
11355,300,7.11,1.6815,10.0,1.0
11357,4,4.0,1.8257,6.0,2.0
11359,589,7.6655,1.3709,10.0,1.0
11371,882,7.8209,1.5134,10.0,1.0
11375,326,7.411,1.514,10.0,1.0
11385,339,6.7906,1.7373,10.0,1.0
11389,5,5.4,1.8166,7.0,3.0
11411,18,5.3889,1.8515,10.0,2.0
11433,5171,7.8728,1.3547,10.0,1.0
11441,414,7.43,1.7254,10.0,1.0
11445,24,6.375,1.7399,10.0,3.0
11447,12,6.5,1.7321,10.0,4.0
11457,89,7.0787,1.5611,10.0,3.0
11465,35,6.8857,2.1662,10.0,1.0
11467,154,6.7208,2.0564,10.0,1.0
11469,30,5.8,1.5844,9.0,3.0
11483,122,7.3197,1.5495,10.0,2.0
11487,131,7.4656,1.6747,10.0,2.0
11491,1102,6.9183,1.5754,10.0,1.0
11499,7097,7.65,1.3211,10.0,1.0
11505,20,6.9,2.0749,10.0,3.0
11507,226,6.792,1.7195,10.0,1.0
11511,16,5.5,1.3166,7.0,3.0
11521,6,6.8333,2.6394,10.0,4.0
11523,31,6.3226,1.8145,10.0,2.0
11531,860,7.9209,1.1773,10.0,1.0
11533,2,7.5,0.7071,8.0,7.0
11537,8,6.75,1.165,8.0,5.0
11543,45,6.1778,1.8864,10.0,2.0
11547,26,6.3077,2.0351,10.0,2.0
11553,2736,7.6754,1.4106,10.0,1.0
11561,10,6.0,0.9428,8.0,5.0
11569,13,6.5385,1.7614,10.0,3.0
11577,5551,8.7035,1.233,10.0,1.0
11579,7,5.8571,1.9518,9.0,4.0
11583,214,6.8785,1.7182,10.0,1.0
11595,9,6.7778,1.7159,10.0,5.0
11597,8511,8.2751,1.2456,10.0,1.0
11611,1,3.0,0.0,3.0,3.0
11615,345,6.8928,1.4756,10.0,2.0
11617,12140,7.7801,1.5664,10.0,1.0
11633,6920,7.6897,1.3063,10.0,1.0
11635,71,7.2958,1.6335,10.0,1.0
11659,1,5.0,0.0,5.0,5.0
11661,27,6.1111,1.8879,9.0,1.0
11663,175,7.9143,1.5157,10.0,3.0
11665,2685,8.8216,1.0663,10.0,5.0
11673,1,7.0,0.0,7.0,7.0
11679,79,6.0886,2.1073,10.0,1.0
11685,15,6.6,1.5024,9.0,5.0
11687,48,5.0625,2.1871,10.0,1.0
11689,27,3.8519,1.9943,7.0,1.0
11691,43,5.3256,2.1126,9.0,1.0
11693,3,6.0,1.0,7.0,5.0
11695,1,3.0,0.0,3.0,3.0
11697,942,7.517,1.4318,10.0,1.0
11699,55,6.3455,1.5661,10.0,3.0
11701,3353,7.6251,1.4226,10.0,1.0
11703,3929,7.1433,1.5149,10.0,1.0
11705,254,6.2913,1.842,10.0,1.0
11715,163,6.1902,1.6084,10.0,2.0
11717,26,6.4231,2.0625,10.0,2.0
11729,16,5.375,1.8212,9.0,1.0
11735,19,6.4737,1.3486,9.0,4.0
11737,3227,7.9842,1.3627,10.0,1.0
11739,1424,8.1826,1.2582,10.0,1.0
11741,10356,8.8173,1.1114,10.0,1.0
11743,1805,7.8194,1.3943,10.0,2.0
11745,68,6.8676,1.6743,10.0,1.0
11747,57,6.6491,1.8273,10.0,1.0
11749,29,5.6552,1.857,8.0,1.0
11751,1204,7.2608,1.6797,10.0,1.0
11755,238,6.7101,1.6751,10.0,1.0
11757,26310,8.1402,1.7294,10.0,1.0
11759,9011,7.8307,1.4233,10.0,1.0
11761,3097,7.321,1.3742,10.0,1.0
11763,461,6.2733,1.9017,10.0,1.0
11767,2,6.0,1.4142,7.0,5.0
11769,498,6.4739,1.7257,10.0,1.0
11771,9620,8.6114,1.1704,10.0,1.0
11773,74,6.7162,1.0666,10.0,4.0
11777,87,7.5632,1.1381,10.0,5.0
11783,1801,7.4997,1.4,10.0,1.0
11785,4210,7.4021,1.4151,10.0,1.0
11787,23,7.1304,1.6322,10.0,5.0
11789,6,5.5,1.3784,7.0,3.0
11791,3,5.3333,3.7859,8.0,1.0
11793,164,7.7378,1.2476,10.0,5.0
11795,23,6.2174,1.5942,8.0,2.0
11799,18,6.6111,1.42,9.0,5.0
11807,41,7.0488,2.0242,10.0,1.0
11809,37,6.8649,1.9602,10.0,1.0
11813,511,8.1115,1.2002,10.0,4.0
11815,18,6.0556,1.626,10.0,3.0
11825,4,5.5,3.6968,10.0,1.0
11827,175,7.3771,1.9785,10.0,1.0
11829,2,7.0,1.4142,8.0,6.0
11835,3,8.0,1.0,9.0,7.0
11837,2119,7.176,1.5824,10.0,1.0
11841,3,8.0,1.0,9.0,7.0
11843,6891,8.4355,1.1999,10.0,1.0
11853,60,6.65,1.9295,10.0,3.0
11855,48,6.1458,1.7744,10.0,2.0
11859,442,6.7014,1.6637,10.0,2.0
11867,58,6.1897,3.327,10.0,1.0
11869,28,4.6786,1.847,8.0,1.0
11873,3,8.0,2.0,10.0,6.0
11879,275,7.5491,1.7922,10.0,1.0
11883,26,4.1154,2.0655,8.0,1.0
11887,7705,8.1474,1.2514,10.0,1.0
11889,441,7.6893,1.4321,10.0,1.0
11897,29,4.2759,2.2662,10.0,1.0
11911,20,6.75,1.8602,10.0,4.0
11915,24,4.3333,2.0359,9.0,1.0
11917,465,8.5699,1.2697,10.0,1.0
11919,3,3.3333,1.1547,4.0,2.0
11933,4153,7.8637,1.3092,10.0,1.0
11969,33,6.5152,1.7875,10.0,1.0
11977,2530,8.3783,1.2873,10.0,1.0
11979,2357,8.5893,1.262,10.0,1.0
11981,3712,8.6032,1.4617,10.0,1.0
11995,2,6.0,0.0,6.0,6.0
11997,71,6.5352,1.8885,10.0,1.0
12001,233,7.4807,1.7347,10.0,1.0
12005,1,4.0,0.0,4.0,4.0
12015,389,7.653,1.2354,10.0,2.0
12017,265,8.2642,1.2302,10.0,5.0
12021,276,7.9819,1.3523,10.0,2.0
12027,5,8.4,1.5166,10.0,6.0
12029,723,8.7649,1.1103,10.0,4.0
12031,931,8.3104,1.2116,10.0,3.0
12035,46,7.1739,1.8173,10.0,2.0
12039,1,10.0,0.0,10.0,10.0
12049,2776,7.8386,1.4923,10.0,1.0
12053,639,7.687,1.3848,10.0,1.0
12055,142,6.8239,1.9067,10.0,1.0
12057,148,6.8514,1.6552,10.0,1.0
12059,135,5.8741,2.5287,10.0,1.0
12061,10,4.9,1.792,8.0,1.0
12065,153,6.3595,2.1108,10.0,1.0
12067,311,7.6174,1.487,10.0,3.0
12069,740,8.2905,1.1968,10.0,3.0
12079,1280,7.4742,1.7361,10.0,1.0
12091,1,7.0,0.0,7.0,7.0
12101,37,6.4865,1.5388,10.0,3.0
12113,2324,8.1893,1.2625,10.0,1.0
12115,2104,8.4254,1.2689,10.0,1.0
12117,510,7.9882,1.3932,10.0,1.0
12119,640,7.2125,1.4902,10.0,1.0
12121,45,6.2,1.6597,10.0,2.0
12123,173,6.3526,1.6238,10.0,1.0
12131,65,6.5077,1.4908,10.0,2.0
12133,14,6.7857,1.4239,9.0,5.0
12135,17,6.8235,1.8109,10.0,4.0
12137,126,7.4921,1.7424,10.0,3.0
12141,7,5.5714,1.7182,7.0,2.0
12143,118,7.2712,1.8148,10.0,1.0
12145,5,8.2,1.4832,10.0,6.0
12149,986,7.7677,1.5583,10.0,1.0
12157,66,5.9091,1.576,10.0,1.0
12163,2,8.5,2.1213,10.0,7.0
12175,2702,7.4482,1.3838,10.0,1.0
12187,972,7.6461,1.3729,10.0,1.0
12189,8840,8.3005,1.186,10.0,2.0
12191,129,7.4884,1.6207,10.0,1.0
12221,66,7.1364,1.597,10.0,4.0
12223,28,7.2857,1.3012,10.0,5.0
12225,23,6.8261,1.4664,10.0,4.0
12231,997,7.4203,1.6246,10.0,1.0
12237,63,6.0476,1.3729,10.0,2.0
12239,144,5.9444,2.0027,10.0,1.0
12243,1,4.0,0.0,4.0,4.0
12255,876,7.1507,1.6277,10.0,1.0
12259,2,6.0,1.4142,7.0,5.0
12267,4,8.0,1.1547,9.0,7.0
12279,7,7.1429,1.7728,9.0,5.0
12281,611,7.275,1.4013,10.0,1.0
12291,3434,7.7903,1.4199,10.0,1.0
12293,4762,7.5027,1.5094,10.0,1.0
12295,5,5.4,1.3416,7.0,4.0
12317,1287,6.8842,1.5395,10.0,1.0
12321,489,7.2311,1.4091,10.0,1.0
12337,1,8.0,0.0,8.0,8.0
12341,3,2.0,1.0,3.0,1.0
12343,36,7.0278,1.521,10.0,3.0
12347,34,6.8529,1.5789,10.0,3.0
12351,5,7.0,0.7071,8.0,6.0
12355,6628,8.9323,1.0834,10.0,1.0
12361,14,7.2857,2.0164,10.0,2.0
12365,4245,8.8386,1.123,10.0,1.0
12367,720,6.4889,1.6934,10.0,1.0
12373,54,6.8333,1.7348,10.0,1.0
12375,122,7.3115,1.9837,10.0,1.0
12391,1,8.0,0.0,8.0,8.0
12393,2,7.5,2.1213,9.0,6.0
12397,1,7.0,0.0,7.0,7.0
12399,3,6.0,1.0,7.0,5.0
12401,1,7.0,0.0,7.0,7.0
12403,2517,8.0068,1.2952,10.0,1.0
12411,126,6.381,1.7792,10.0,1.0
12413,3755,8.0967,1.2122,10.0,1.0
12419,735,7.419,1.6337,10.0,1.0
12429,157,6.6115,1.6277,10.0,1.0
12431,846,8.8191,1.1406,10.0,3.0
12433,79,6.3038,1.6279,10.0,1.0
12437,166,6.7651,1.6766,10.0,1.0
12439,1,8.0,0.0,8.0,8.0
12441,1,9.0,0.0,9.0,9.0
12445,5190,8.0611,1.3829,10.0,1.0
12447,140,6.4,1.6569,10.0,1.0
12449,407,6.4988,2.0413,10.0,1.0
12455,79,6.8101,1.8333,10.0,2.0
12461,1430,7.0308,1.7529,10.0,1.0
12467,3106,7.5483,1.4548,10.0,1.0
12471,1420,7.1993,1.6097,10.0,1.0
12477,2372,8.3246,1.2404,10.0,2.0
12481,9,7.5556,2.0683,10.0,4.0
12483,6,7.0,2.0976,10.0,5.0
12485,4,8.0,2.4495,10.0,5.0
12487,1437,7.9353,1.3791,10.0,1.0
12497,1,7.0,0.0,7.0,7.0
12499,5,7.6,0.8944,9.0,7.0
12501,178,5.7978,1.7283,10.0,1.0
12503,934,6.9443,1.7358,10.0,1.0
12505,742,7.066,1.4739,10.0,1.0
12521,8,5.75,1.9086,10.0,4.0
12531,4115,8.6097,1.1413,10.0,2.0
12549,4983,7.0771,1.5639,10.0,1.0
12551,3,5.0,0.0,5.0,5.0
12561,4,5.0,1.4142,6.0,3.0
12563,2,3.0,0.0,3.0,3.0
12565,1615,7.1882,1.4656,10.0,1.0
12569,3,6.3333,2.0817,8.0,4.0
12579,68,6.6765,1.7229,10.0,1.0
12581,938,6.6002,2.0152,10.0,1.0
12585,30,6.8333,2.0525,10.0,1.0
12589,1,5.0,0.0,5.0,5.0
12591,12,7.5833,1.505,10.0,5.0
12599,29,5.1379,1.8656,9.0,1.0
12603,7,5.8571,1.069,8.0,5.0
12611,240,6.7375,1.593,10.0,1.0
12623,40,7.475,1.6328,10.0,4.0
12637,237,7.3291,1.5381,10.0,1.0
12651,35,7.3429,1.1361,10.0,5.0
12657,1,3.0,0.0,3.0,3.0
12659,28,7.5,1.6667,10.0,4.0
12661,22,7.1818,1.4019,10.0,4.0
12663,3,7.3333,1.5275,9.0,6.0
12665,309,6.2104,2.0059,10.0,1.0
12669,596,7.4144,1.365,10.0,2.0
12671,495,6.8667,1.5927,10.0,2.0
12673,977,7.392,1.4354,10.0,1.0
12677,406,6.4163,1.4679,10.0,1.0
12679,1003,7.658,1.2816,10.0,2.0
12683,26,6.6538,1.4951,10.0,3.0
12685,1286,6.6485,1.8628,10.0,1.0
12689,19,7.0526,1.9571,10.0,3.0
12695,612,7.4167,1.4923,10.0,2.0
12699,60,6.7167,1.8874,10.0,1.0
12709,72,7.1806,1.3873,10.0,3.0
12711,1655,7.7208,1.6977,10.0,1.0
12715,15,6.6,1.8439,10.0,3.0
12723,9,5.7778,1.3944,8.0,3.0
12725,72,7.7361,1.4534,10.0,5.0
12727,39,7.0513,1.2967,10.0,4.0
12729,2078,7.4355,1.5604,10.0,1.0
12745,15,7.4,1.6388,9.0,4.0
12753,787,7.5197,1.4482,10.0,1.0
12755,34,6.0294,2.0224,10.0,2.0
12769,1,8.0,0.0,8.0,8.0
12783,999,6.952,2.0014,10.0,1.0
12803,7,5.5714,1.5119,8.0,4.0
12815,336,8.0298,1.416,10.0,2.0
12823,300,7.42,1.6059,10.0,2.0
12851,4,4.75,1.7078,7.0,3.0
12857,130,6.9538,1.7995,10.0,1.0
12859,2758,8.5421,1.2196,10.0,2.0
12863,40,7.1,1.7365,10.0,4.0
12865,30,5.6667,1.7682,9.0,1.0
12867,30,6.5667,1.3817,10.0,4.0
12875,263,7.3726,1.4456,10.0,2.0
12877,25,6.28,1.6207,10.0,2.0
12879,538,7.3494,1.3134,10.0,3.0
12881,7,6.4286,1.2724,8.0,5.0
12883,2154,7.9359,1.3761,10.0,1.0
12885,12,7.4167,1.832,10.0,4.0
12893,1577,8.0044,1.2792,10.0,2.0
12897,1,6.0,0.0,6.0,6.0
12899,1,6.0,0.0,6.0,6.0
12907,101,5.8119,1.573,10.0,2.0
12917,27,8.3704,1.3344,10.0,5.0
12919,4,6.0,1.4142,8.0,5.0
12921,84,6.5952,1.5139,10.0,2.0
12929,263,6.8859,1.8602,10.0,1.0
12935,35,6.6571,1.862,10.0,2.0
12951,1,2.0,0.0,2.0,2.0
12955,36,5.8611,1.8997,10.0,1.0
12957,59,6.8814,1.5546,10.0,1.0
12959,75,6.9867,1.9693,10.0,1.0
12963,12,6.3333,1.557,9.0,4.0
12965,3,5.3333,0.5774,6.0,5.0
12967,3008,6.6001,1.7579,10.0,1.0
12971,2,5.5,2.1213,7.0,4.0
12979,478,7.5126,1.6931,10.0,1.0
12991,25,7.0,1.8028,10.0,4.0
12993,5,5.4,1.8166,8.0,3.0
12995,67,6.0597,2.0441,10.0,1.0
12997,186,6.9032,1.8428,10.0,1.0
13019,73,5.6301,1.8447,10.0,1.0
13029,17,6.6471,1.9666,10.0,3.0
13041,4,5.5,1.7321,7.0,4.0
13047,6,7.1667,1.7224,10.0,5.0
13051,2,2.5,2.1213,4.0,1.0
13053,44,7.3864,1.7416,10.0,3.0
13055,1816,7.4719,1.3058,10.0,2.0
13057,107,7.1589,2.1242,10.0,1.0
13073,72,7.5833,1.5722,10.0,4.0
13083,4,6.25,0.9574,7.0,5.0
13085,3,5.0,1.7321,6.0,3.0
13087,4,5.0,1.8257,7.0,3.0
13089,4,6.75,0.5,7.0,6.0
13091,2,4.5,2.1213,6.0,3.0
13093,771,7.4228,1.3704,10.0,1.0
13115,703,7.7297,1.5213,10.0,1.0
13117,172,8.1512,1.4551,10.0,3.0
13119,118,8.2288,1.5101,10.0,4.0
13125,5485,8.6572,1.2845,10.0,1.0
13137,80,6.9125,1.7371,10.0,2.0
13139,76,6.8684,1.2997,10.0,4.0
13141,107,5.7664,1.9062,10.0,1.0
13143,33,6.7879,2.3553,10.0,1.0
13145,296,7.3108,1.4676,10.0,3.0
13153,20,6.6,1.5694,10.0,4.0
13159,34,6.5882,1.351,10.0,4.0
13161,4741,7.3799,1.5424,10.0,1.0
13169,185,6.6541,1.367,10.0,1.0
13171,614,7.3958,1.3486,10.0,1.0
13173,122,6.9918,1.3514,10.0,4.0
13175,95,6.5684,1.3964,10.0,3.0
13183,195,7.3538,1.3595,10.0,4.0
13185,21,6.4762,1.5368,10.0,4.0
13195,8,6.125,1.2464,8.0,4.0
13201,213,6.9108,1.5068,10.0,1.0
13203,536,7.9646,1.3144,10.0,2.0
13215,70,6.2571,1.6302,10.0,2.0
13217,29,6.1724,1.649,10.0,2.0
13219,64,6.8438,1.879,10.0,1.0
13221,169,7.5858,1.7269,10.0,1.0
13223,64,6.9219,2.0182,10.0,2.0
13231,66,6.5455,1.7469,10.0,1.0
13233,7,6.7143,1.1127,8.0,5.0
13239,199,6.7387,1.851,10.0,1.0
13245,99,7.5152,1.3199,10.0,4.0
13247,27,6.8889,1.281,10.0,5.0
13249,16,5.625,1.0247,8.0,4.0
13251,54,6.9444,1.433,10.0,4.0
13253,104,6.6731,1.5669,10.0,1.0
13255,17,6.1176,1.3173,8.0,4.0
13259,79,5.7975,1.6281,10.0,1.0
13261,227,7.5683,1.472,10.0,4.0
13263,487,6.848,1.4843,10.0,2.0
13267,257,7.4942,1.2782,10.0,3.0
13271,1534,7.427,1.5035,10.0,1.0
13281,54,7.2593,1.6504,10.0,3.0
13283,248,6.7903,1.3956,10.0,2.0
13287,29,6.7931,1.4238,10.0,4.0
13299,4,5.75,0.9574,7.0,5.0
13303,1,5.0,0.0,5.0,5.0
13307,1,6.0,0.0,6.0,6.0
13309,65,5.9231,1.788,10.0,1.0
13311,7,4.0,2.5166,9.0,1.0
13325,34,6.1765,2.2084,10.0,1.0
13331,2749,8.1812,1.1891,10.0,1.0
13333,2147,7.6209,1.3236,10.0,1.0
13335,355,7.5408,1.4283,10.0,1.0
13349,311,7.701,1.3213,10.0,3.0
13357,2657,7.3632,1.7447,10.0,1.0
13359,7,4.5714,2.3705,8.0,1.0
13365,1,5.0,0.0,5.0,5.0
13367,2976,6.994,1.502,10.0,1.0
13369,3,4.6667,1.5275,6.0,3.0
13373,71,5.8451,1.5552,10.0,1.0
13375,69,5.7826,1.7394,10.0,1.0
13377,768,7.1211,1.4451,10.0,1.0
13379,27,6.1111,1.5275,9.0,3.0
13391,1118,7.7603,1.2993,10.0,1.0
13403,1645,7.9629,1.3698,10.0,1.0
13405,76,2.0132,1.7851,10.0,1.0
13407,5,5.6,1.6733,7.0,3.0
13409,538,7.4089,1.2221,10.0,3.0
13411,1851,7.1372,1.6273,10.0,1.0
13421,4,4.25,1.5,5.0,2.0
13423,2,4.0,1.4142,5.0,3.0
13427,70,6.1571,1.8228,10.0,2.0
13429,493,7.714,1.1675,10.0,4.0
13435,1,4.0,0.0,4.0,4.0
13439,13,5.6154,2.4337,10.0,1.0
13441,9,5.2222,1.4814,8.0,3.0
13449,1,6.0,0.0,6.0,6.0
13469,2567,7.5586,1.2931,10.0,1.0
13479,34,6.4706,1.692,10.0,4.0
13495,15,7.0,1.7321,10.0,4.0
13505,1,6.0,0.0,6.0,6.0
13513,13,5.3846,1.8502,8.0,2.0
13515,8,6.25,2.4928,10.0,3.0
13517,112,6.9018,1.6217,10.0,3.0
13519,2,4.5,2.1213,6.0,3.0
13535,3689,8.0344,1.2275,10.0,2.0
13541,3,4.0,1.0,5.0,3.0
13543,5,2.8,1.4832,5.0,1.0
13559,34,6.0588,2.0142,9.0,2.0
13561,192,7.401,1.7277,10.0,2.0
13563,32,6.7188,1.2243,10.0,4.0
13585,1331,7.4651,1.4113,10.0,1.0
13587,1101,7.7203,1.4371,10.0,2.0
13595,111,7.1351,1.9702,10.0,1.0
13599,2908,7.5925,1.4069,10.0,1.0
13601,11979,8.6373,1.1084,10.0,1.0
13619,62,6.629,1.6118,10.0,3.0
13629,230,8.1826,1.4987,10.0,1.0
13639,107,6.7477,1.3253,10.0,4.0
13643,25,6.12,1.9434,10.0,1.0
13655,3007,7.8367,1.4441,10.0,1.0
13659,6883,7.6071,1.5785,10.0,1.0
13663,3834,7.9517,1.436,10.0,1.0
13667,3170,8.0091,1.4821,10.0,1.0
13669,29,5.2069,2.8458,10.0,1.0
13673,110,6.3273,1.3,10.0,3.0
13675,80,6.5125,1.4231,10.0,1.0
13677,460,7.4652,1.8847,10.0,1.0
13679,29,6.5172,1.7448,10.0,2.0
13681,8,6.0,1.3093,8.0,4.0
13691,45,6.6667,1.2613,10.0,4.0
13693,9,5.3333,2.0616,9.0,2.0
13709,652,7.7163,1.4177,10.0,2.0
13715,14,6.1429,1.8752,10.0,3.0
13727,172,6.9942,1.3955,10.0,2.0
13731,177,6.8814,1.5749,10.0,2.0
13755,9,7.7778,1.4814,10.0,5.0
13757,124,6.7742,1.7662,10.0,1.0
13759,10180,8.5289,1.2662,10.0,1.0
13767,206,8.0194,1.3862,10.0,5.0
13769,1,6.0,0.0,6.0,6.0
13785,88,6.6932,1.8592,10.0,1.0
13789,6,6.6667,1.9664,10.0,5.0
13793,12,4.0,2.132,8.0,1.0
13795,6,4.5,2.1679,7.0,1.0
13799,98,6.4796,1.8062,10.0,1.0
13807,1756,6.4687,1.8021,10.0,1.0
13823,1,3.0,0.0,3.0,3.0
13827,1,10.0,0.0,10.0,10.0
13833,507,7.071,1.6197,10.0,1.0
13835,160,5.1438,1.9388,10.0,1.0
13837,119,7.6134,1.3661,10.0,4.0
13839,142,7.331,1.4862,10.0,3.0
13843,27,6.7407,1.4569,10.0,4.0
13851,1097,7.8614,1.4881,10.0,1.0
13855,108,6.2963,1.6647,10.0,2.0
13857,3,4.6667,1.5275,6.0,3.0
13859,796,6.5779,1.7868,10.0,1.0
13863,608,6.597,1.5742,10.0,1.0
13917,16,5.5,1.0954,7.0,2.0
13927,27,6.6667,1.7759,10.0,3.0
13931,69,7.4203,1.5568,10.0,5.0
13935,23,6.7826,1.3803,10.0,4.0
13937,29,6.6897,1.9839,10.0,1.0
13939,2090,7.4612,1.4134,10.0,1.0
13947,1,7.0,0.0,7.0,7.0
13955,16,6.0,1.7889,10.0,2.0
13959,1,2.0,0.0,2.0,2.0
13965,7,6.7143,1.1127,8.0,5.0
13967,6,6.6667,1.2111,8.0,5.0
13969,40,6.9,1.4815,10.0,3.0
13971,32,5.9375,1.2427,9.0,4.0
13983,12,6.5,1.6787,9.0,3.0
13993,25,6.2,2.6771,10.0,1.0
14007,8,6.625,1.4079,9.0,5.0
14023,5,5.4,1.8166,8.0,3.0
14027,2320,7.4474,1.3639,10.0,1.0
14045,505,6.3109,1.4868,10.0,1.0
14047,27,6.6667,1.7097,10.0,2.0
14049,178,6.3483,1.9864,10.0,1.0
14059,7,7.7143,1.496,10.0,6.0
14069,3,5.3333,1.1547,6.0,4.0
14073,359,6.5599,1.5139,10.0,2.0
14075,6369,8.3186,1.243,10.0,1.0
14077,61,6.6393,1.6536,10.0,4.0
14093,509,7.0904,1.5947,10.0,1.0
14095,6,6.1667,1.7224,9.0,4.0
14117,79,7.2532,1.8079,10.0,3.0
14123,286,7.9056,1.6759,10.0,1.0
14125,1,3.0,0.0,3.0,3.0
14127,84,7.0357,1.8592,10.0,1.0
14129,69,7.087,2.02,10.0,2.0
14131,2665,7.7741,1.3232,10.0,1.0
14145,186,6.914,1.5983,10.0,1.0
14173,401,6.6858,1.7135,10.0,1.0
14175,960,8.0875,1.131,10.0,3.0
14183,1,7.0,0.0,7.0,7.0
14189,1469,7.646,1.3667,10.0,1.0
14199,3198,6.9759,1.549,10.0,1.0
14207,1,2.0,0.0,2.0,2.0
14209,1,2.0,0.0,2.0,2.0
14211,2,7.0,1.4142,8.0,6.0
14227,10802,7.865,1.281,10.0,1.0
14231,13,6.8462,1.0682,8.0,5.0
14235,4,4.25,1.2583,6.0,3.0
14237,532,6.6109,1.5444,10.0,1.0
14247,17,6.8235,1.1311,9.0,5.0
14249,2,7.0,1.4142,8.0,6.0
14253,2,7.5,3.5355,10.0,5.0
14267,173,7.6647,1.4478,10.0,3.0
14277,364,6.5824,1.6718,10.0,1.0
14283,1206,6.8715,1.5985,10.0,1.0
14289,7246,7.8458,1.4541,10.0,1.0
14293,1293,7.5019,1.5824,10.0,1.0
14317,212,6.8632,1.4814,10.0,2.0
14333,14,5.4286,2.0273,8.0,1.0
14345,10223,7.8087,1.3887,10.0,1.0
14347,265,6.2642,1.3755,10.0,2.0
14349,3333,8.1098,1.1732,10.0,1.0
14353,3192,8.1447,1.1279,10.0,2.0
14355,743,6.8869,1.3875,10.0,1.0
14359,23,6.6957,1.9641,10.0,3.0
14367,4,4.75,1.2583,6.0,3.0
14373,452,6.6593,1.5109,10.0,1.0
14379,67,6.9104,1.8888,10.0,1.0
14397,2628,8.5761,1.1054,10.0,1.0
14407,1228,7.9406,1.3982,10.0,1.0
14467,8207,7.868,1.4304,10.0,1.0
14471,4,4.75,1.893,6.0,2.0
14479,158,5.3291,1.9334,10.0,1.0
14511,928,7.8728,1.1828,10.0,4.0
14513,8201,8.3351,1.1776,10.0,1.0
14515,1125,6.9476,1.4655,10.0,1.0
14519,4,5.5,1.291,7.0,4.0
14527,2137,7.7122,1.3158,10.0,1.0
14529,2,3.5,2.1213,5.0,2.0
14537,5,5.8,1.9235,8.0,3.0
14539,85,6.6353,1.957,10.0,1.0
14543,78,6.7821,1.9045,10.0,2.0
14563,39,4.9744,1.9667,9.0,1.0
14575,476,7.5147,1.2234,10.0,3.0
14583,105,6.5048,1.5136,10.0,1.0
14617,84,7.2381,1.5571,10.0,3.0
14627,324,7.0772,1.3777,10.0,1.0
14629,97,7.0,1.7321,10.0,3.0
14645,831,7.4525,1.674,10.0,1.0
14647,87,6.7356,1.4664,10.0,2.0
14653,1003,7.2672,1.4986,10.0,1.0
14657,35,6.4,1.9584,10.0,1.0
14659,37,6.3784,1.8462,10.0,2.0
14661,28,6.3214,1.467,9.0,2.0
14663,294,6.3537,1.9245,10.0,1.0
14669,634,7.8785,1.3915,10.0,2.0
14675,37,7.027,1.4811,10.0,3.0
14685,63,6.9683,1.636,10.0,4.0
14693,113,6.4956,1.6264,10.0,2.0
14713,5198,8.1581,1.3265,10.0,1.0
14719,4261,8.6494,1.12,10.0,1.0
14735,380,7.9579,1.3447,10.0,2.0
14741,11712,8.1076,1.2643,10.0,1.0
14743,5,3.6,1.6733,5.0,1.0
14749,4557,7.4694,1.3861,10.0,1.0
14751,805,7.2112,1.8285,10.0,1.0
14753,413,7.7458,1.3477,10.0,3.0
14765,1326,7.5498,1.3797,10.0,1.0
14781,1,2.0,0.0,2.0,2.0
14807,984,8.2774,1.2375,10.0,1.0
14811,2244,7.615,1.3083,10.0,1.0
14813,10099,8.1197,1.2116,10.0,1.0
14817,161,7.2236,1.2844,10.0,1.0
14827,438,6.847,1.5741,10.0,1.0
14829,2183,7.4333,1.3651,10.0,1.0
14833,4651,7.6012,1.3462,10.0,1.0
14835,253,7.4585,1.4125,10.0,1.0
14837,2631,7.6762,1.5509,10.0,1.0
14853,117,7.2821,1.2988,10.0,4.0
14875,218,6.4495,1.7883,10.0,1.0
14889,93,6.7742,1.6093,10.0,1.0
14893,1177,7.0476,1.5783,10.0,1.0
14913,5,6.6,1.1402,8.0,5.0
14921,1724,6.8939,1.5308,10.0,1.0
14935,32,6.6562,1.8247,10.0,3.0
14941,703,7.9787,1.4958,10.0,1.0
14947,3,9.3333,1.1547,10.0,8.0
14949,25,6.24,1.7626,10.0,2.0
14951,250,7.444,1.5928,10.0,1.0
14957,84,6.7619,1.6763,10.0,2.0
14967,7639,7.8669,1.2969,10.0,1.0
14989,17,6.4118,1.6225,9.0,2.0
14991,130,7.2615,1.8408,10.0,1.0
14993,67,6.9701,1.6964,10.0,1.0
14995,41,7.0244,1.6954,10.0,2.0
15005,322,7.1242,1.4219,10.0,2.0
15015,15,6.9333,2.1202,10.0,3.0
15021,19,5.8421,1.0679,8.0,3.0
15037,3601,7.3171,1.6576,10.0,1.0
15039,2227,8.3543,1.4039,10.0,1.0
15043,105,6.3429,1.4467,10.0,3.0
15045,211,5.6493,1.9149,10.0,1.0
15051,3484,7.8111,1.3715,10.0,1.0
15059,727,8.1664,1.2088,10.0,4.0
15061,49,8.0612,1.7959,10.0,3.0
15077,82,7.5488,1.2877,10.0,4.0
15085,3522,6.638,1.9553,10.0,1.0
15093,21,7.1905,2.0644,10.0,3.0
15095,17,7.1176,2.1179,10.0,3.0
15097,136,7.2794,1.6406,10.0,1.0
15109,1242,7.657,1.4815,10.0,2.0
15117,2719,7.9618,1.1595,10.0,2.0
15119,996,6.6386,1.5679,10.0,1.0
15125,695,6.9655,1.5256,10.0,1.0
15127,25,6.0,1.9365,10.0,1.0
15133,753,6.2231,1.8322,10.0,1.0
15137,2,4.5,2.1213,6.0,3.0
15139,1,4.0,0.0,4.0,4.0
15141,1,5.0,0.0,5.0,5.0
15159,16,8.0625,1.3401,10.0,6.0
15177,37,6.2162,1.8125,9.0,1.0
15195,708,8.0946,1.551,10.0,1.0
15197,1640,8.0671,1.2436,10.0,2.0
15199,810,7.7123,1.348,10.0,2.0
15201,526,7.6388,1.3838,10.0,2.0
15219,91,6.6484,1.486,10.0,3.0
15225,6139,7.6172,1.3479,10.0,1.0
15227,2,9.5,0.7071,10.0,9.0
15279,26,7.2692,1.8013,10.0,2.0
15291,108,7.2685,1.7487,10.0,1.0
15307,63,7.5079,1.512,10.0,4.0
15313,226,6.6593,1.5843,10.0,2.0
15315,6276,7.957,1.3521,10.0,1.0
15323,899,8.4238,1.2241,10.0,2.0
15325,377,6.7454,1.6897,10.0,1.0
15335,2147,9.1914,1.0931,10.0,1.0
15347,6,6.1667,2.9944,10.0,1.0
15359,500,7.386,1.3641,10.0,2.0
15377,1429,7.0336,1.575,10.0,1.0
15379,3669,7.5552,1.4481,10.0,1.0
15389,6,4.6667,2.2509,7.0,1.0
15391,339,6.1062,2.2229,10.0,1.0
15409,56,7.0714,2.1647,10.0,2.0
15411,346,7.2341,1.5247,10.0,3.0
15417,2126,9.2023,1.0388,10.0,1.0
15423,13,6.0769,1.6564,8.0,3.0
15431,218,7.0321,1.4155,10.0,1.0
15437,2016,7.7073,1.3114,10.0,1.0
15439,386,7.829,1.5813,10.0,1.0
15451,7727,7.9768,1.4974,10.0,1.0
15453,50,6.36,1.4394,10.0,3.0
15455,6,5.3333,1.5055,8.0,4.0
15479,2,7.0,0.0,7.0,7.0
15487,1021,7.9706,1.4783,10.0,1.0
15489,208,7.3125,1.726,10.0,1.0
15505,31,6.2581,1.4599,10.0,3.0
15525,3,3.6667,1.1547,5.0,3.0
15527,6,4.1667,1.3292,6.0,3.0
15529,1,6.0,0.0,6.0,6.0
15533,4,5.75,1.5,8.0,5.0
15535,150,5.7267,1.6785,10.0,1.0
15537,84,7.1905,1.8787,10.0,1.0
15539,30,6.3333,1.5162,9.0,2.0
15541,54,6.6296,1.8763,10.0,1.0
15545,15,5.3333,2.6095,10.0,1.0
15547,9,7.4444,1.424,10.0,5.0
15565,1173,6.4203,1.8971,10.0,1.0
15577,3,6.0,1.0,7.0,5.0
15583,8500,7.6922,1.4399,10.0,1.0
15591,289,7.6263,1.2299,10.0,4.0
15605,1912,6.829,1.9661,10.0,1.0
15607,2,4.5,0.7071,5.0,4.0
15609,805,7.0522,1.5061,10.0,1.0
15611,172,7.6919,1.3216,10.0,4.0
15613,1451,7.7167,1.4614,10.0,1.0
15617,335,7.4299,1.2014,10.0,4.0
15633,417,6.9832,1.6312,10.0,2.0
15649,229,7.3188,1.6326,10.0,1.0
15651,372,7.4892,1.4284,10.0,1.0
15653,4,5.0,1.4142,6.0,3.0
15663,1,5.0,0.0,5.0,5.0
15673,65,7.1385,2.0301,10.0,1.0
15687,2250,7.4209,1.4054,10.0,1.0
15689,5691,8.1458,1.1914,10.0,1.0
15699,2561,7.5662,1.3749,10.0,1.0
15711,102,7.3333,1.3226,10.0,4.0
15717,18,6.4444,2.1753,10.0,1.0
15719,115,7.4609,1.3461,10.0,3.0
15729,543,6.8158,1.6941,10.0,1.0
15731,228,7.6491,1.3698,10.0,3.0
15735,148,7.6622,1.5098,10.0,2.0
15743,4,6.0,0.8165,7.0,5.0
15751,1591,7.5663,1.4952,10.0,1.0
15769,23,6.3478,2.166,10.0,1.0
15771,861,8.0813,1.2549,10.0,3.0
15775,892,7.7522,1.383,10.0,2.0
15781,92,6.8261,1.4112,10.0,4.0
15783,36,7.1944,1.0907,10.0,5.0
15785,48,7.7083,1.4726,10.0,4.0
15787,1,8.0,0.0,8.0,8.0
15793,675,7.5867,1.5435,10.0,1.0
15795,6,5.3333,2.582,8.0,1.0
15807,360,7.4722,1.4737,10.0,3.0
15809,12120,8.1107,1.1871,10.0,1.0
15811,461,7.2256,1.2993,10.0,3.0
15813,191,7.712,1.3634,10.0,2.0
15815,1,7.0,0.0,7.0,7.0
15819,8,7.125,1.7269,10.0,5.0
15839,54,6.3148,1.9983,10.0,1.0
15841,117,6.9316,1.7798,10.0,1.0
15843,127,7.4882,1.8511,10.0,1.0
15845,43,5.9767,1.9085,10.0,1.0
15847,126,6.5079,1.7332,10.0,2.0
15863,898,7.6225,1.3107,10.0,1.0
15865,1,5.0,0.0,5.0,5.0
15867,85,6.9412,1.7752,10.0,1.0
15875,1,4.0,0.0,4.0,4.0
15879,1061,6.8351,1.568,10.0,1.0
15881,472,6.5254,1.8092,10.0,1.0
15883,387,6.4961,1.7085,10.0,1.0
15891,33,5.7273,2.14,10.0,2.0
15893,6,5.6667,1.8619,7.0,2.0
15895,276,6.9348,1.6633,10.0,1.0
15905,1,9.0,0.0,9.0,9.0
15911,1147,7.551,1.3804,10.0,1.0
15915,3,5.0,3.0,8.0,2.0
15925,22,7.5909,1.5632,10.0,4.0
15927,533,7.5722,1.3478,10.0,1.0
15933,489,7.184,1.7692,10.0,1.0
15937,1,5.0,0.0,5.0,5.0
15951,235,6.7872,1.64,10.0,2.0
15959,314,7.9395,1.2174,10.0,3.0
15961,1,10.0,0.0,10.0,10.0
15963,332,7.4006,1.3211,10.0,4.0
15971,2,4.5,2.1213,6.0,3.0
15977,1,3.0,0.0,3.0,3.0
15979,70,6.6,1.5825,10.0,2.0
15989,307,7.7068,1.2493,10.0,4.0
15993,22,6.0455,1.362,9.0,3.0
16001,4128,8.288,1.2891,10.0,1.0
16005,1826,7.8264,1.2213,10.0,2.0
16007,2,4.5,2.1213,6.0,3.0
16009,3028,7.7249,1.4154,10.0,1.0
16011,3922,7.9602,1.2873,10.0,1.0
16023,99,6.0808,1.9932,10.0,1.0
16027,1,6.0,0.0,6.0,6.0
16033,141,7.3475,1.5399,10.0,2.0
16035,2530,7.5613,1.5562,10.0,1.0
16041,1,10.0,0.0,10.0,10.0
16049,3717,8.268,1.181,10.0,1.0
16051,598,7.5468,1.4471,10.0,1.0
16059,43,6.9767,2.2306,10.0,1.0
16067,4642,8.4931,1.2839,10.0,1.0
16091,24,6.2917,1.8528,9.0,1.0
16099,1049,6.673,1.8505,10.0,1.0
16101,55,6.8364,1.4111,10.0,4.0
16119,13,6.8462,1.2142,10.0,6.0
16123,493,7.5781,1.3208,10.0,3.0
16131,3,6.0,2.0,8.0,4.0
16143,123,7.6016,1.551,10.0,3.0
16149,246,6.6179,1.5519,10.0,2.0
16157,1391,7.2243,1.5436,10.0,1.0
16159,1,6.0,0.0,6.0,6.0
16169,457,5.965,1.9191,10.0,1.0
16183,5,5.8,1.7889,8.0,3.0
16187,33,6.3333,1.8314,10.0,1.0
16189,55,6.8727,1.8763,10.0,1.0
16199,427,6.5363,1.4488,10.0,1.0
16201,1759,7.4537,1.7816,10.0,1.0
16211,191,6.5236,1.4284,10.0,2.0
16233,19,6.4737,1.4286,8.0,3.0
16239,786,7.9898,1.2789,10.0,3.0
16241,763,7.6828,1.3434,10.0,2.0
16245,1,7.0,0.0,7.0,7.0
16247,4,6.0,0.8165,7.0,5.0
16251,12,6.0,2.0889,9.0,2.0
16255,2,6.0,1.4142,7.0,5.0
16261,2,6.0,0.0,6.0,6.0
16273,955,7.7497,1.351,10.0,1.0
16287,207,7.7681,1.4462,10.0,4.0
16317,366,6.0191,1.9772,10.0,1.0
16319,80,6.175,1.385,10.0,1.0
16331,175,6.44,1.6937,10.0,1.0
16335,199,6.5528,1.5654,10.0,1.0
16345,3,5.3333,0.5774,6.0,5.0
16347,32,6.8438,1.221,10.0,4.0
16353,2036,7.5977,1.2652,10.0,1.0
16355,1669,7.1276,1.6063,10.0,1.0
16363,72,6.5694,1.5089,10.0,4.0
16371,5,5.6,0.8944,7.0,5.0
16373,4,5.25,0.5,6.0,5.0
16377,2,6.0,1.4142,7.0,5.0
16381,65,6.2154,1.5562,10.0,2.0
16385,765,7.2588,1.4062,10.0,1.0
16389,3,4.3333,1.1547,5.0,3.0
16395,415,8.2145,1.1228,10.0,5.0
16397,1491,6.5815,1.6448,10.0,1.0
16405,384,6.2552,1.6939,10.0,1.0
16415,22,6.5455,1.625,10.0,4.0
16417,3136,7.4786,1.3846,10.0,1.0
16419,100,6.87,1.7846,10.0,1.0
16434,1,9.0,0.0,9.0,9.0
16436,162,4.7531,2.5757,10.0,1.0
16442,44,7.3409,1.4776,10.0,5.0
16444,1665,7.5153,1.4243,10.0,1.0
16454,1,7.0,0.0,7.0,7.0
16468,407,7.4644,1.5578,10.0,2.0
16472,79,7.4937,1.4925,10.0,3.0
16474,51,7.1176,2.1785,10.0,1.0
16476,19,6.2105,2.4399,10.0,1.0
16498,25290,8.7257,1.2609,10.0,1.0
16506,3,7.0,1.0,8.0,6.0
16508,68,6.5735,1.66,10.0,1.0
16510,1,5.0,0.0,5.0,5.0
16512,2836,7.3367,1.6223,10.0,1.0
16514,2,6.5,0.7071,7.0,6.0
16518,1168,6.8844,1.5587,10.0,1.0
16524,5326,7.7813,1.2216,10.0,1.0
16526,1,7.0,0.0,7.0,7.0
16528,1538,7.8622,1.3875,10.0,1.0
16558,1,4.0,0.0,4.0,4.0
16570,1,3.0,0.0,3.0,3.0
16574,23,6.6522,1.5843,10.0,3.0
16576,17,6.7059,1.7594,10.0,3.0
16592,8203,7.598,1.5271,10.0,1.0
16602,14,4.6429,2.6489,10.0,1.0
16604,21,4.5714,2.6565,10.0,1.0
16606,21,3.6667,2.2657,10.0,1.0
16608,192,3.2135,3.1475,10.0,1.0
16610,37,4.1351,2.2993,10.0,1.0
16614,124,6.8065,1.395,10.0,3.0
16620,1,5.0,0.0,5.0,5.0
16636,231,6.1905,1.8101,10.0,1.0
16638,70,7.0429,1.8606,10.0,1.0
16642,77,6.8961,1.8749,10.0,1.0
16644,46,6.6739,1.8385,10.0,1.0
16646,29,6.6207,1.6128,10.0,5.0
16648,27,6.1111,1.3397,10.0,4.0
16656,153,5.6405,1.9352,10.0,1.0
16662,2084,8.309,1.3476,10.0,1.0
16664,898,8.4443,1.2438,10.0,2.0
16668,2995,7.5492,1.4977,10.0,1.0
16678,83,7.3614,1.6198,10.0,2.0
16680,381,6.7769,1.6287,10.0,1.0
16690,23,6.6522,1.3688,10.0,5.0
16692,23,4.9565,2.1209,10.0,1.0
16694,1287,7.5089,1.2413,10.0,2.0
16696,1,7.0,0.0,7.0,7.0
16700,922,7.4284,1.5335,10.0,1.0
16702,2,5.0,0.0,5.0,5.0
16706,4749,8.43,1.1695,10.0,1.0
16718,35,7.1429,1.4781,10.0,4.0
16726,30,7.3,1.8223,10.0,1.0
16728,1,7.0,0.0,7.0,7.0
16730,1,4.0,0.0,4.0,4.0
16732,1515,7.5743,1.3306,10.0,2.0
16738,58,6.4138,1.545,10.0,3.0
16740,20,7.0,1.8064,10.0,5.0
16742,6845,7.4782,1.5134,10.0,1.0
16756,15,7.8667,1.1255,10.0,6.0
16762,4610,7.8282,1.6602,10.0,1.0
16774,984,7.5894,2.0278,10.0,1.0
16782,5716,8.427,1.2346,10.0,1.0
16786,2,5.0,1.4142,6.0,4.0
16794,3,4.0,2.0,6.0,2.0
16796,1,5.0,0.0,5.0,5.0
16798,2,4.5,2.1213,6.0,3.0
16802,4,4.0,3.1623,8.0,1.0
16812,1,5.0,0.0,5.0,5.0
16822,1,6.0,0.0,6.0,6.0
16866,1307,7.3474,1.5432,10.0,1.0
16868,882,7.4478,1.3594,10.0,1.0
16870,2157,7.9156,1.6808,10.0,1.0
16890,1362,7.3642,1.5655,10.0,1.0
16894,6819,8.7126,1.1361,10.0,1.0
16904,2092,8.0731,1.2363,10.0,2.0
16906,8,6.5,0.7559,7.0,5.0
16910,812,7.2746,1.2532,10.0,2.0
16912,4,7.0,2.1602,10.0,5.0
16914,55,6.9091,1.7135,10.0,1.0
16916,1506,8.2019,1.2369,10.0,1.0
16918,3217,8.2692,1.0765,10.0,1.0
16928,91,6.6703,1.4457,10.0,4.0
16934,2581,7.7594,1.2485,10.0,1.0
16936,75,6.0267,1.7083,10.0,1.0
16954,5,6.2,1.3038,8.0,5.0
16964,11,7.3636,1.6293,10.0,5.0
16970,4,6.75,1.2583,8.0,5.0
16982,692,7.3121,1.3877,10.0,3.0
16988,2,7.0,1.4142,8.0,6.0
16994,3,4.0,2.6458,6.0,1.0
17002,2,6.0,0.0,6.0,6.0
17006,1,6.0,0.0,6.0,6.0
17010,9,6.5556,0.8819,8.0,5.0
17012,28,5.9286,2.1069,9.0,1.0
17020,86,6.5349,1.6356,10.0,1.0
17048,3,5.6667,2.0817,8.0,4.0
17068,14,6.3571,1.2774,9.0,5.0
17074,5109,8.8399,1.0866,10.0,1.0
17076,5,5.4,1.8166,8.0,3.0
17080,191,7.7435,1.2278,10.0,4.0
17082,1199,6.9425,1.4564,10.0,1.0
17088,1,1.0,0.0,1.0,1.0
17090,2,5.0,1.4142,6.0,4.0
17092,4,7.5,2.3805,10.0,5.0
17113,1,6.0,0.0,6.0,6.0
17115,354,7.1921,1.4778,10.0,2.0
17121,915,7.7301,1.3397,10.0,1.0
17127,31,6.5161,1.8596,10.0,2.0
17137,15,8.3333,1.0465,10.0,7.0
17141,6,7.1667,1.6021,10.0,6.0
17147,5,7.6,1.8166,10.0,6.0
17151,3,4.3333,0.5774,5.0,4.0
17157,777,6.7825,1.6923,10.0,1.0
17159,6,5.5,1.3784,8.0,4.0
17161,4,5.25,0.5,6.0,5.0
17163,3,5.3333,0.5774,6.0,5.0
17167,1,7.0,0.0,7.0,7.0
17187,934,7.742,1.178,10.0,4.0
17205,190,6.4895,1.8279,10.0,1.0
17209,2,7.5,0.7071,8.0,7.0
17223,1,7.0,0.0,7.0,7.0
17233,4,7.0,1.4142,9.0,6.0
17237,2,5.5,2.1213,7.0,4.0
17245,2,6.5,3.5355,9.0,4.0
17247,3935,7.5774,1.3752,10.0,1.0
17249,47,8.3191,1.369,10.0,5.0
17251,54,6.463,1.6903,10.0,1.0
17259,801,7.5518,1.5322,10.0,1.0
17265,9389,8.2995,1.164,10.0,2.0
17267,110,6.0273,1.7892,10.0,1.0
17269,889,7.712,1.5039,10.0,1.0
17273,160,8.1625,1.5209,10.0,3.0
17277,69,6.5797,1.7185,10.0,1.0
17291,2,8.0,2.8284,10.0,6.0
17293,16,6.625,1.6683,10.0,3.0
17295,6,4.8333,2.4014,9.0,3.0
17307,1,7.0,0.0,7.0,7.0
17341,273,6.9377,1.2689,10.0,2.0
17345,206,6.4709,1.5163,10.0,1.0
17351,117,6.3846,1.3887,10.0,1.0
17353,7,4.4286,1.5119,7.0,2.0
17357,37,7.1081,2.1958,10.0,1.0
17359,1,6.0,0.0,6.0,6.0
17371,107,6.4299,2.1196,10.0,1.0
17379,15,6.5333,1.9223,10.0,3.0
17387,1,4.0,0.0,4.0,4.0
17389,761,8.6018,1.0872,10.0,3.0
17391,241,7.2573,1.5519,10.0,2.0
17395,136,5.8971,1.6612,10.0,1.0
17397,571,6.338,1.8599,10.0,1.0
17409,368,6.5951,1.7967,10.0,1.0
17419,91,6.9011,1.5133,10.0,2.0
17437,284,7.7958,1.5434,10.0,1.0
17479,1,5.0,0.0,5.0,5.0
17491,83,6.8434,1.9474,10.0,1.0
17493,3,7.6667,1.5275,9.0,6.0
17497,12,7.6667,1.557,10.0,5.0
17505,994,7.6539,1.3286,10.0,2.0
17513,2621,6.1213,2.28,10.0,1.0
17521,1,5.0,0.0,5.0,5.0
17535,1017,7.5762,1.4836,10.0,1.0
17537,38,6.7105,1.9017,10.0,2.0
17539,47,5.7872,1.7562,9.0,1.0
17541,41,6.1463,1.9437,10.0,1.0
17543,25,6.84,1.6248,10.0,3.0
17549,2759,8.1156,1.2205,10.0,1.0
17551,63,6.746,1.8047,10.0,1.0
17563,1,7.0,0.0,7.0,7.0
17573,46,7.1739,1.3217,10.0,5.0
17585,104,6.75,1.6707,10.0,2.0
17601,1,7.0,0.0,7.0,7.0
17613,1,6.0,0.0,6.0,6.0
17615,1,6.0,0.0,6.0,6.0
17624,1,8.0,0.0,8.0,8.0
17635,185,7.2108,1.2828,10.0,1.0
17637,320,6.8875,1.6013,10.0,2.0
17641,2321,7.6743,1.4105,10.0,1.0
17643,539,7.6085,1.3718,10.0,2.0
17651,762,6.7126,1.6557,10.0,1.0
17655,47,7.1277,1.4835,10.0,2.0
17659,23,6.0435,1.5515,10.0,3.0
17673,2,6.5,0.7071,7.0,6.0
17677,116,7.3362,1.351,10.0,4.0
17679,116,7.2931,1.345,10.0,4.0
17681,440,6.6159,1.6888,10.0,1.0
17693,11,5.6364,1.1201,7.0,3.0
17699,85,7.1059,1.5277,10.0,1.0
17705,29,6.9655,1.7005,10.0,2.0
17707,4,5.25,0.9574,6.0,4.0
17717,97,7.4742,1.0616,10.0,5.0
17719,2,5.0,4.2426,8.0,2.0
17725,716,7.0223,1.4081,10.0,2.0
17727,17,6.4118,1.6225,10.0,4.0
17729,3966,7.7978,1.377,10.0,1.0
17731,129,7.0155,1.4736,10.0,1.0
17733,1,5.0,0.0,5.0,5.0
17739,153,8.3725,1.3855,10.0,3.0
17741,1690,7.3515,1.627,10.0,1.0
17743,310,6.7935,1.6515,10.0,1.0
17745,49,6.898,1.4754,10.0,1.0
17747,43,6.2093,2.0419,10.0,1.0
17749,1,7.0,0.0,7.0,7.0
17753,2,7.0,0.0,7.0,7.0
17777,2091,6.6743,1.6046,10.0,1.0
17785,2,8.0,1.4142,9.0,7.0
17787,10,7.1,1.6633,9.0,4.0
17791,67,6.7463,1.8696,10.0,1.0
17811,63,6.1429,1.9165,10.0,1.0
17813,141,6.6525,1.669,10.0,2.0
17815,63,6.4444,1.7669,10.0,1.0
17819,254,7.6181,1.8586,10.0,1.0
17821,900,6.7856,1.4944,10.0,1.0
17823,1,5.0,0.0,5.0,5.0
17827,1067,7.1762,1.2932,10.0,1.0
17831,2048,6.8833,1.6892,10.0,1.0
17833,3,4.6667,2.0817,7.0,3.0
17843,81,5.7901,2.2345,10.0,1.0
17849,247,5.6478,1.716,10.0,1.0
17855,214,7.028,1.3563,10.0,2.0
17867,71,7.0,1.7647,10.0,1.0
17871,49,6.551,2.1219,10.0,1.0
17873,321,6.7819,1.6889,10.0,1.0
17875,565,7.6053,1.4458,10.0,1.0
17879,257,6.5447,1.6126,10.0,1.0
17887,17,6.7059,1.5315,10.0,4.0
17891,1,5.0,0.0,5.0,5.0
17893,2,6.0,1.4142,7.0,5.0
17895,6605,8.0454,1.4036,10.0,1.0
17897,19,6.1053,1.2865,8.0,3.0
17901,215,7.5953,1.5882,10.0,2.0
17909,1374,8.0721,1.2159,10.0,2.0
17913,44,6.8864,1.7812,10.0,2.0
17917,26,7.3077,1.2254,10.0,5.0
17919,307,7.0163,1.5221,10.0,3.0
17933,1,7.0,0.0,7.0,7.0
17949,289,8.218,1.5781,10.0,3.0
17951,1,7.0,0.0,7.0,7.0
17953,1,7.0,0.0,7.0,7.0
17955,2,5.5,2.1213,7.0,4.0
17957,2,8.5,2.1213,10.0,7.0
17959,4,6.0,2.0,7.0,3.0
17961,3,5.0,2.6458,7.0,2.0
17963,3,5.3333,2.8868,7.0,2.0
17965,3,5.0,2.6458,7.0,2.0
17969,4,6.25,2.5,9.0,3.0
17983,1,5.0,0.0,5.0,5.0
17985,2,6.5,4.9497,10.0,3.0
17987,2,6.5,2.1213,8.0,5.0
17991,1,6.0,0.0,6.0,6.0
18001,2291,7.21,1.571,10.0,1.0
18003,10,6.7,1.1595,8.0,5.0
18005,1,7.0,0.0,7.0,7.0
18029,2,8.5,2.1213,10.0,7.0
18031,1,7.0,0.0,7.0,7.0
18033,1,7.0,0.0,7.0,7.0
18039,528,6.3674,1.9299,10.0,1.0
18041,1138,7.5492,1.3275,10.0,2.0
18045,577,7.1334,1.3723,10.0,1.0
18047,4,5.5,3.3166,10.0,3.0
18053,53,7.0,1.6525,10.0,4.0
18055,977,7.8956,1.3728,10.0,1.0
18061,1,7.0,0.0,7.0,7.0
18063,1,6.0,0.0,6.0,6.0
18081,2,6.0,1.4142,7.0,5.0
18083,2,6.0,1.4142,7.0,5.0
18085,2,6.0,1.4142,7.0,5.0
18087,2,7.5,3.5355,10.0,5.0
18095,1937,7.1977,1.3946,10.0,1.0
18097,135,7.3185,1.5629,10.0,3.0
18099,473,6.9535,1.4194,10.0,1.0
18109,3,7.0,1.0,8.0,6.0
18115,5967,8.5933,1.1143,10.0,1.0
18119,2500,7.9476,1.2162,10.0,1.0
18121,458,7.1419,1.414,10.0,1.0
18133,12,5.5,1.7321,8.0,3.0
18137,1,8.0,0.0,8.0,8.0
18139,2074,7.7628,1.2333,10.0,2.0
18149,98,5.3061,2.1462,10.0,1.0
18151,18,5.9444,1.8302,8.0,2.0
18153,9122,8.0128,1.3628,10.0,1.0
18177,334,7.509,1.2514,10.0,4.0
18179,2072,8.2881,1.1716,10.0,3.0
18195,2063,8.5342,1.3249,10.0,1.0
18197,1,4.0,0.0,4.0,4.0
18205,20,6.4,1.2732,9.0,4.0
18229,2321,7.6282,1.3806,10.0,1.0
18231,53,5.7736,2.0907,10.0,1.0
18245,2035,8.1002,1.3516,10.0,1.0
18247,4294,6.9509,1.7273,10.0,1.0
18277,5239,7.6077,1.4571,10.0,1.0
18295,2027,7.6586,1.5526,10.0,1.0
18305,1,5.0,0.0,5.0,5.0
18343,107,7.1215,1.4903,10.0,3.0
18353,2,3.0,0.0,3.0,3.0
18355,1,9.0,0.0,9.0,9.0
18365,4,7.0,2.1602,10.0,5.0
18375,8,5.375,2.0659,9.0,3.0
18389,1,7.0,0.0,7.0,7.0
18391,14,7.7857,1.1883,10.0,6.0
18393,1757,7.7018,1.5149,10.0,1.0
18397,2742,7.8268,1.322,10.0,1.0
18411,908,7.3095,1.2946,10.0,1.0
18413,231,6.6277,1.3448,10.0,2.0
18419,62,6.3226,1.3401,10.0,4.0
18425,11,5.4545,1.5076,8.0,3.0
18429,280,8.2893,1.2379,10.0,3.0
18441,1758,7.4084,1.3543,10.0,1.0
18449,24,6.1667,1.4346,9.0,4.0
18451,1,8.0,0.0,8.0,8.0
18455,38,6.5789,1.5532,10.0,2.0
18457,1,2.0,0.0,2.0,2.0
18463,3,5.6667,2.5166,8.0,3.0
18465,905,7.7193,1.258,10.0,2.0
18479,1,1.0,0.0,1.0,1.0
18481,1,3.0,0.0,3.0,3.0
18483,1,1.0,0.0,1.0,1.0
18489,1,7.0,0.0,7.0,7.0
18495,536,7.0597,1.5468,10.0,1.0
18497,1185,7.7722,1.2159,10.0,3.0
18499,261,7.7586,1.1566,10.0,4.0
18507,7390,7.8206,1.4764,10.0,1.0
18521,1,6.0,0.0,6.0,6.0
18523,1029,7.7172,1.4356,10.0,2.0
18525,53,6.6792,2.101,10.0,1.0
18527,2,4.5,0.7071,5.0,4.0
18533,2,6.0,0.0,6.0,6.0
18549,39,6.8462,1.5818,10.0,3.0
18557,3,6.0,1.7321,8.0,5.0
18561,2,4.0,2.8284,6.0,2.0
18577,1,8.0,0.0,8.0,8.0
18587,4,7.75,2.2174,10.0,5.0
18589,2,8.5,2.1213,10.0,7.0
18599,92,6.2174,2.0479,10.0,1.0
18617,437,8.5881,1.1392,10.0,4.0
18619,466,7.779,1.2393,10.0,2.0
18635,3,6.0,1.7321,8.0,5.0
18637,3,5.3333,2.8868,7.0,2.0
18639,32,6.5,1.4591,9.0,3.0
18643,2,5.5,2.1213,7.0,4.0
18653,49,6.3469,1.6527,10.0,1.0
18655,56,7.3929,2.051,10.0,1.0
18661,843,7.8707,1.3181,10.0,1.0
18669,4,6.25,1.7078,8.0,4.0
18671,5817,7.7043,1.4526,10.0,1.0
18677,3149,7.2318,1.3779,10.0,1.0
18679,11696,8.3975,1.2811,10.0,1.0
18683,1,8.0,0.0,8.0,8.0
18689,1336,8.4004,1.138,10.0,1.0
18691,53,6.9811,2.08,10.0,1.0
18693,62,6.871,1.9204,10.0,1.0
18695,37,6.4324,2.0213,10.0,1.0
18713,466,7.4206,1.3421,10.0,3.0
18723,8,6.125,1.3562,8.0,4.0
18729,8,6.875,1.7269,10.0,5.0
18743,1,6.0,0.0,6.0,6.0
18745,551,7.1579,1.2956,10.0,2.0
18753,2717,7.664,1.2509,10.0,1.0
18755,38,6.7105,1.707,10.0,3.0
18767,1190,6.5773,1.7579,10.0,1.0
18771,100,6.97,1.8338,10.0,1.0
18781,47,6.9362,1.3578,10.0,5.0
18795,2,4.0,2.8284,6.0,2.0
18799,36,6.7778,1.3546,9.0,4.0
18815,2,4.0,1.4142,5.0,3.0
18823,2,5.0,2.8284,7.0,3.0
18825,1,7.0,0.0,7.0,7.0
18827,2,8.5,0.7071,9.0,8.0
18829,1,7.0,0.0,7.0,7.0
18831,12,5.6667,2.3484,9.0,2.0
18835,31,8.3226,1.7395,10.0,5.0
18841,9,5.7778,2.3333,10.0,3.0
18849,357,7.8067,1.3043,10.0,3.0
18851,647,6.8423,1.5115,10.0,1.0
18857,2992,6.7607,2.1889,10.0,1.0
18881,71,6.831,1.9271,10.0,1.0
18893,2195,7.7289,1.3693,10.0,1.0
18897,8699,8.0494,1.3172,10.0,1.0
18937,1,8.0,0.0,8.0,8.0
18953,38,6.2368,1.384,10.0,4.0
18959,39,6.4103,1.697,10.0,2.0
18989,131,6.7634,1.8348,10.0,1.0
19021,910,7.5022,1.4249,10.0,1.0
19023,608,7.2484,1.4359,10.0,1.0
19029,163,6.4356,1.6557,10.0,2.0
19051,106,7.3113,1.8172,10.0,1.0
19067,27,7.8148,1.2415,10.0,6.0
19069,1,3.0,0.0,3.0,3.0
19081,29,6.5172,1.5497,9.0,3.0
19087,1,6.0,0.0,6.0,6.0
19099,122,6.8197,1.6465,10.0,2.0
19101,38,6.1053,1.9699,10.0,1.0
19103,25,6.48,2.0841,10.0,1.0
19109,442,7.0271,1.4752,10.0,1.0
19111,2232,8.1788,1.3509,10.0,1.0
19115,231,8.0087,1.23,10.0,4.0
19117,1374,7.4745,1.3731,10.0,2.0
19121,1,8.0,0.0,8.0,8.0
19123,504,8.5496,1.3734,10.0,2.0
19125,3,5.0,2.6458,7.0,2.0
19133,110,5.9545,1.7682,10.0,1.0
19135,1,7.0,0.0,7.0,7.0
19137,21,5.7619,1.9469,10.0,2.0
19151,1395,6.8057,1.5447,10.0,1.0
19159,244,7.4631,1.17,10.0,4.0
19163,4906,7.6199,1.491,10.0,1.0
19165,58,6.2759,1.8044,10.0,1.0
19171,3,5.0,0.0,5.0,5.0
19185,27,6.5556,1.9677,10.0,1.0
19187,20,6.25,1.5174,9.0,3.0
19191,732,7.8415,1.1564,10.0,3.0
19193,552,7.6685,1.2994,10.0,1.0
19195,445,7.7753,1.2941,10.0,1.0
19207,27,5.6667,1.7759,9.0,1.0
19209,2,6.5,3.5355,9.0,4.0
19211,912,7.3498,1.133,10.0,2.0
19213,6,4.5,2.5884,8.0,1.0
19217,8,6.5,1.6903,9.0,4.0
19219,6,5.6667,0.5164,6.0,5.0
19221,5497,7.6902,1.3923,10.0,1.0
19231,5,5.4,1.6733,8.0,4.0
19233,7,6.0,2.0,8.0,2.0
19235,3,6.3333,2.0817,8.0,4.0
19237,3,5.0,1.7321,6.0,3.0
19239,3,5.0,2.0,7.0,3.0
19251,252,7.4762,1.7296,10.0,1.0
19255,152,6.7829,1.586,10.0,2.0
19257,323,6.6687,1.8479,10.0,1.0
19261,108,6.9907,1.9503,10.0,1.0
19271,2,7.5,0.7071,8.0,7.0
19279,4,4.75,2.9861,9.0,2.0
19283,20,6.4,1.3139,9.0,4.0
19285,1866,7.0182,1.7752,10.0,1.0
19287,32,6.6875,2.1468,10.0,1.0
19291,304,7.6875,1.2914,10.0,3.0
19297,36,5.75,1.381,10.0,3.0
19305,1,5.0,0.0,5.0,5.0
19315,2135,4.2178,2.324,10.0,1.0
19319,753,8.1766,1.1847,10.0,1.0
19337,3,4.3333,2.8868,6.0,1.0
19351,40,6.4,1.4641,10.0,4.0
19363,2376,8.4423,1.0082,10.0,4.0
19365,1204,7.2865,1.5655,10.0,1.0
19367,1046,6.7533,1.5817,10.0,1.0
19369,3888,7.7001,1.2884,10.0,1.0
19383,836,7.323,1.3777,10.0,1.0
19391,554,7.0253,1.6599,10.0,1.0
19397,21,6.4286,1.5353,9.0,3.0
19401,3,7.3333,1.5275,9.0,6.0
19429,3114,6.9602,1.584,10.0,1.0
19431,55,6.1636,1.4878,10.0,1.0
19447,14,5.5714,1.3425,7.0,2.0
19469,29,4.931,2.069,8.0,1.0
19481,3,4.6667,0.5774,5.0,4.0
19489,1164,8.0112,1.1443,10.0,1.0
19511,308,7.1948,1.7258,10.0,1.0
19519,12,6.5833,1.6214,9.0,3.0
19521,29,6.5517,1.6815,10.0,3.0
19523,13,6.3846,1.3868,9.0,5.0
19533,1,5.0,0.0,5.0,5.0
19557,2,7.5,0.7071,8.0,7.0
19569,43,6.3721,1.7047,9.0,1.0
19573,84,6.4881,1.2658,10.0,3.0
19575,122,6.3852,1.7742,10.0,1.0
19581,22,5.4545,1.7107,8.0,3.0
19597,3,3.6667,2.5166,6.0,1.0
19613,174,7.9483,1.1791,10.0,5.0
19619,6,7.3333,0.5164,8.0,7.0
19627,3,6.0,2.0,8.0,4.0
19629,28,6.6429,1.8301,10.0,1.0
19631,61,6.9836,1.8752,10.0,1.0
19633,24,6.5417,2.126,10.0,1.0
19635,13,6.1538,1.9936,10.0,3.0
19645,13,7.7692,0.8321,9.0,7.0
19647,1845,8.7745,1.0337,10.0,1.0
19653,495,7.3556,1.504,10.0,2.0
19669,846,7.9184,1.2933,10.0,2.0
19671,774,7.8553,1.4959,10.0,1.0
19685,1948,6.8696,1.5933,10.0,1.0
19697,308,7.2143,1.4572,10.0,1.0
19703,1169,8.0778,1.2808,10.0,3.0
19727,42,6.4524,1.9406,10.0,2.0
19731,3,6.3333,1.1547,7.0,5.0
19747,1,5.0,0.0,5.0,5.0
19755,7,4.7143,1.8898,7.0,2.0
19759,788,7.3426,1.3803,10.0,1.0
19769,2761,6.4245,1.8807,10.0,1.0
19773,1,7.0,0.0,7.0,7.0
19775,2948,8.0061,1.2174,10.0,1.0
19799,290,6.8897,1.4581,10.0,1.0
19811,7,5.4286,1.5119,8.0,3.0
19815,15574,8.6029,1.2955,10.0,1.0
19825,6,6.8333,1.472,9.0,5.0
19841,477,7.2075,1.4308,10.0,2.0
19843,1,5.0,0.0,5.0,5.0
19845,107,7.1963,1.7668,10.0,1.0
19849,2,6.0,1.4142,7.0,5.0
19855,1098,7.2368,1.4982,10.0,1.0
19857,34,6.2941,1.8012,10.0,2.0
19859,37,6.9189,1.6895,10.0,1.0
19871,1,6.0,0.0,6.0,6.0
19875,1,10.0,0.0,10.0,10.0
19877,4,6.75,1.7078,9.0,5.0
19879,2,7.5,2.1213,9.0,6.0
19889,55,7.0364,1.3603,10.0,4.0
19919,45,6.8222,1.7874,10.0,3.0
19923,2,4.5,3.5355,7.0,2.0
19925,14,6.2857,1.326,10.0,5.0
19945,41,6.3415,2.1978,10.0,1.0
19947,1,6.0,0.0,6.0,6.0
19951,1131,7.3793,1.6175,10.0,1.0
19953,167,6.7784,1.3639,10.0,3.0
19957,1,5.0,0.0,5.0,5.0
19959,2,4.0,2.8284,6.0,2.0
19961,1,7.0,0.0,7.0,7.0
19971,1,5.0,0.0,5.0,5.0
19973,14,6.3571,0.9288,7.0,5.0
19977,9,5.4444,1.236,8.0,4.0
19999,1,9.0,0.0,9.0,9.0
20005,1,3.0,0.0,3.0,3.0
20021,4454,7.2562,1.7867,10.0,1.0
20025,1,5.0,0.0,5.0,5.0
20031,4267,7.8259,1.2383,10.0,2.0
20033,832,6.7224,1.518,10.0,1.0
20035,270,7.3889,1.5011,10.0,1.0
20039,195,7.2564,1.4487,10.0,2.0
20045,890,7.2292,1.5381,10.0,1.0
20047,2343,7.4242,1.5598,10.0,1.0
20053,883,6.5934,1.5711,10.0,1.0
20057,2663,7.9677,1.2542,10.0,2.0
20075,1,5.0,0.0,5.0,5.0
20085,1,10.0,0.0,10.0,10.0
20093,1,6.0,0.0,6.0,6.0
20095,1,6.0,0.0,6.0,6.0
20117,2,5.5,4.9497,9.0,2.0
20127,1,7.0,0.0,7.0,7.0
20141,52,7.1154,1.1989,10.0,4.0
20153,3,4.0,2.0,6.0,2.0
20155,45,6.7333,2.1469,10.0,1.0
20159,3367,8.0579,1.3468,10.0,2.0
20183,1,7.0,0.0,7.0,7.0
20187,127,6.6693,1.4313,10.0,1.0
20189,5,6.0,1.4142,8.0,5.0
20199,1,7.0,0.0,7.0,7.0
20207,1,8.0,0.0,8.0,8.0
20221,303,7.4851,1.2655,10.0,3.0
20225,1,7.0,0.0,7.0,7.0
20233,1,6.0,0.0,6.0,6.0
20235,1,9.0,0.0,9.0,9.0
20243,1,5.0,0.0,5.0,5.0
20267,130,7.1923,1.5356,10.0,3.0
20329,99,6.2525,1.9078,10.0,1.0
20353,3,4.3333,1.1547,5.0,3.0
20355,30,6.2333,1.8511,10.0,1.0
20359,415,7.3398,1.4589,10.0,1.0
20365,249,6.4337,1.8018,10.0,1.0
20371,508,8.2972,1.205,10.0,2.0
20377,53,7.1509,1.8229,10.0,1.0
20379,38,6.8684,1.4736,10.0,1.0
20381,1,6.0,0.0,6.0,6.0
20385,1,8.0,0.0,8.0,8.0
20391,20,6.55,1.7911,10.0,3.0
20423,643,7.0731,1.3862,10.0,1.0
20431,1008,7.8889,1.2984,10.0,3.0
20441,2,9.0,1.4142,10.0,8.0
20449,998,7.3106,1.3862,10.0,1.0
20457,1745,7.3633,1.3254,10.0,1.0
20463,2,5.5,0.7071,6.0,5.0
20469,3,7.0,2.0,9.0,5.0
20473,378,7.1852,1.3944,10.0,2.0
20479,428,7.4019,1.4685,10.0,1.0
20505,15,7.6,1.5492,10.0,5.0
20507,12475,8.2257,1.1589,10.0,1.0
20509,1425,7.5684,1.3449,10.0,1.0
20517,579,8.0501,1.3411,10.0,1.0
20533,648,6.9228,1.4721,10.0,1.0
20539,3,7.0,2.6458,10.0,5.0
20541,3607,7.7169,1.2249,10.0,1.0
20543,627,6.8118,1.6224,10.0,1.0
20545,701,7.0628,1.3759,10.0,2.0
20547,7,5.7143,0.7559,7.0,5.0
20555,749,6.6355,1.7503,10.0,1.0
20557,49,6.1837,1.4094,10.0,3.0
20581,2,4.0,2.8284,6.0,2.0
20583,6130,8.7173,1.0256,10.0,3.0
20587,1,6.0,0.0,6.0,6.0
20589,18,6.6667,1.715,10.0,1.0
20613,75,6.8533,1.4584,10.0,3.0
20649,288,7.2917,1.5159,10.0,1.0
20651,687,8.4949,1.0606,10.0,6.0
20655,418,6.7823,1.7692,10.0,1.0
20667,12,5.5833,1.9287,8.0,1.0
20671,30,7.9667,1.129,10.0,6.0
20673,128,7.3984,1.4599,10.0,3.0
20689,3210,7.5832,1.3981,10.0,1.0
20705,2,5.5,0.7071,6.0,5.0
20707,17,4.7647,1.6781,7.0,1.0
20709,1383,7.5437,1.3132,10.0,1.0
20713,2,5.5,0.7071,6.0,5.0
20723,211,6.8009,1.4665,10.0,1.0
20725,2,3.0,1.4142,4.0,2.0
20743,80,6.85,1.6389,10.0,3.0
20745,664,7.006,1.4819,10.0,2.0
20757,27,5.8889,2.0064,9.0,2.0
20767,2107,7.8652,1.2802,10.0,1.0
20785,6383,7.9746,1.4677,10.0,1.0
20787,8177,7.5837,1.4664,10.0,1.0
20801,75,7.6933,1.5766,10.0,1.0
20811,29,4.3448,2.3796,10.0,1.0
20815,290,8.2724,1.3173,10.0,2.0
20835,1,6.0,0.0,6.0,6.0
20843,95,7.0947,1.5094,10.0,1.0
20847,2665,7.9452,1.2559,10.0,1.0
20849,105,6.8857,1.7002,10.0,1.0
20853,4224,7.5954,1.1977,10.0,1.0
20855,30,6.3333,2.0229,10.0,1.0
20857,19,5.6842,1.6348,9.0,3.0
20869,1,3.0,0.0,3.0,3.0
20871,125,7.128,1.6411,10.0,1.0
20877,185,7.4919,1.504,10.0,3.0
20889,399,7.218,1.416,10.0,1.0
20899,2966,8.3203,1.198,10.0,1.0
20903,895,7.6916,1.3197,10.0,1.0
20907,80,6.8125,1.3321,10.0,4.0
20909,256,6.9023,1.4506,10.0,2.0
20913,41,6.3902,2.0842,10.0,1.0
20919,377,5.6817,2.3108,10.0,1.0
20929,13,7.5385,3.55,10.0,1.0
20931,1456,6.7136,1.5182,10.0,1.0
20939,1145,7.5153,1.4154,10.0,1.0
20945,18,7.2778,1.2744,10.0,5.0
20951,10,5.2,1.1353,7.0,3.0
20955,2,5.0,0.0,5.0,5.0
20959,16,6.4375,1.8246,9.0,2.0
20961,33,6.1212,1.2688,8.0,3.0
20965,55,6.7273,1.446,10.0,3.0
20969,17,7.1765,2.0073,10.0,1.0
20971,292,6.8116,1.6793,10.0,1.0
20973,1730,7.3121,1.3307,10.0,2.0
20977,808,7.5569,1.2423,10.0,2.0
20987,37,6.5676,1.5008,10.0,3.0
20995,22,6.7273,1.5486,10.0,4.0
20999,7,7.8571,1.7728,10.0,6.0
21001,27,6.8889,1.9081,10.0,1.0
21009,88,6.1591,1.9291,10.0,2.0
21013,31,5.7097,1.8293,9.0,2.0
21025,1,7.0,0.0,7.0,7.0
21027,14,7.6429,0.9288,10.0,6.0
21031,32,7.5625,1.5645,10.0,5.0
21033,2272,6.912,1.5631,10.0,1.0
21037,1,8.0,0.0,8.0,8.0
21039,656,7.6418,1.4211,10.0,2.0
21041,13,7.1538,1.3445,9.0,5.0
21055,4,6.25,1.7078,8.0,4.0
21059,20,7.2,1.7351,10.0,4.0
21065,10,6.5,2.1731,10.0,3.0
21067,493,6.4645,1.6812,10.0,1.0
21069,57,7.1579,1.8688,10.0,1.0
21073,117,7.4957,1.5292,10.0,4.0
21075,96,7.9688,1.6636,10.0,3.0
21077,30,6.4667,2.2397,10.0,1.0
21081,2,3.5,0.7071,4.0,3.0
21085,3161,7.3657,1.3035,10.0,1.0
21089,6,5.8333,2.137,10.0,4.0
21097,114,7.5088,1.5867,10.0,1.0
21103,65,6.4615,1.7684,10.0,1.0
21105,2120,7.8335,1.5067,10.0,1.0
21107,3,6.0,1.0,7.0,5.0
21119,7,7.0,2.3094,10.0,3.0
21163,2,5.5,0.7071,6.0,5.0
21167,831,6.716,1.4112,10.0,2.0
21177,1049,7.103,1.5705,10.0,1.0
21179,1,5.0,0.0,5.0,5.0
21185,1474,8.0407,1.0798,10.0,3.0
21189,540,7.3648,1.3925,10.0,2.0
21195,160,6.9562,1.7816,10.0,1.0
21201,146,7.1027,1.2743,10.0,4.0
21215,7,6.0,2.0817,9.0,3.0
21235,217,6.8571,1.582,10.0,1.0
21241,439,6.713,1.6273,10.0,1.0
21255,1,5.0,0.0,5.0,5.0
21267,254,6.2756,1.5839,10.0,1.0
21273,1416,7.7168,1.3454,10.0,2.0
21325,370,7.3216,1.432,10.0,2.0
21327,3741,7.8332,1.2632,10.0,1.0
21329,1521,8.7087,0.996,10.0,5.0
21333,8,7.25,1.2817,9.0,5.0
21335,50,5.74,1.0461,8.0,2.0
21339,1808,8.0747,1.2365,10.0,1.0
21349,35,6.5143,2.0775,10.0,1.0
21353,2203,6.8012,1.5874,10.0,1.0
21363,41,7.0244,1.7676,10.0,1.0
21373,292,6.6644,1.8787,10.0,1.0
21393,23,6.2609,1.6846,9.0,1.0
21395,3,8.3333,1.5275,10.0,7.0
21405,4631,8.0421,1.1893,10.0,1.0
21407,59,6.8814,1.7428,10.0,1.0
21409,40,6.9,1.8229,10.0,1.0
21415,396,6.9571,1.4672,10.0,2.0
21419,314,8.2357,1.2797,10.0,2.0
21421,231,6.0996,1.5972,10.0,1.0
21427,54,6.037,1.883,10.0,1.0
21431,4364,7.2303,1.618,10.0,1.0
21433,1,5.0,0.0,5.0,5.0
21435,241,7.6183,1.2859,10.0,4.0
21437,1349,7.4633,1.3568,10.0,1.0
21439,407,7.2482,1.6683,10.0,1.0
21441,62,6.5645,1.4329,10.0,1.0
21447,1,6.0,0.0,6.0,6.0
21451,32,7.2188,1.5808,10.0,3.0
21469,142,8.3028,1.3683,10.0,3.0
21471,9,6.0,1.8028,8.0,3.0
21473,624,8.0144,1.3509,10.0,1.0
21479,12,6.75,2.5981,10.0,1.0
21495,57,6.6491,1.3822,10.0,3.0
21497,105,6.781,1.5503,10.0,2.0
21507,1996,6.6368,1.6147,10.0,1.0
21511,1815,7.2821,1.5374,10.0,1.0
21513,24,6.2083,1.8411,9.0,1.0
21521,132,7.4394,1.8086,10.0,2.0
21523,7,6.0,1.7321,9.0,4.0
21541,363,6.9835,1.5749,10.0,1.0
21549,1,3.0,0.0,3.0,3.0
21557,1121,8.4478,1.2822,10.0,3.0
21561,2908,7.4677,1.2914,10.0,1.0
21563,1353,7.4959,1.5961,10.0,1.0
21569,223,6.7578,1.6008,10.0,2.0
21571,34,6.5588,1.2108,10.0,3.0
21573,341,7.6422,1.5457,10.0,1.0
21575,43,6.5814,1.7215,10.0,3.0
21587,179,6.5922,1.5014,10.0,1.0
21591,7,6.0,1.8257,9.0,4.0
21595,11,6.8182,2.1826,10.0,3.0
21597,62,6.7097,1.9024,10.0,1.0
21599,21,7.5238,1.7782,10.0,4.0
21603,4489,7.3999,1.5814,10.0,1.0
21607,10,5.8,2.1499,9.0,3.0
21635,606,7.3927,1.4075,10.0,1.0
21641,7,5.2857,1.3801,7.0,3.0
21647,1641,8.2261,1.2623,10.0,1.0
21649,76,6.6184,1.4784,10.0,1.0
21653,725,7.3007,1.5117,10.0,2.0
21659,2467,7.9493,1.3519,10.0,2.0
21663,6,4.8333,1.9408,7.0,2.0
21667,666,7.6817,1.2315,10.0,3.0
21671,32,6.7188,1.8877,10.0,2.0
21677,776,6.8698,1.5862,10.0,1.0
21679,499,6.7595,1.5044,10.0,1.0
21681,1124,7.6068,1.3198,10.0,1.0
21695,65,6.5538,1.6492,10.0,2.0
21701,7,6.4286,2.0702,10.0,3.0
21703,41,6.439,1.9111,10.0,1.0
21707,2,6.0,0.0,6.0,6.0
21711,2,3.0,0.0,3.0,3.0
21715,1,3.0,0.0,3.0,3.0
21717,1,3.0,0.0,3.0,3.0
21729,105,7.2857,1.4258,10.0,4.0
21737,62,7.7097,1.2465,10.0,5.0
21743,1139,7.7761,1.3948,10.0,1.0
21751,55,7.2909,1.8527,10.0,3.0
21755,90,7.7556,1.2659,10.0,4.0
21765,1,3.0,0.0,3.0,3.0
21771,260,5.9731,1.6958,10.0,1.0
21773,186,6.0753,1.7933,10.0,1.0
21775,10,5.6,1.7764,8.0,3.0
21781,152,7.2039,1.502,10.0,2.0
21797,882,7.3197,1.3408,10.0,1.0
21809,625,6.4608,1.6848,10.0,1.0
21821,352,5.8778,1.8442,10.0,1.0
21829,99,7.5859,1.9167,10.0,1.0
21831,5,4.0,1.5811,6.0,2.0
21833,2,3.5,0.7071,4.0,3.0
21835,77,7.1818,1.4302,10.0,4.0
21843,3278,7.9271,1.1759,10.0,2.0
21845,873,7.0458,1.516,10.0,1.0
21851,28,6.9643,2.1166,10.0,2.0
21853,67,7.194,1.8687,10.0,1.0
21855,3081,8.2165,1.1983,10.0,1.0
21861,23,7.1739,1.3702,10.0,5.0
21863,3157,7.4812,1.438,10.0,1.0
21867,95,7.8737,1.431,10.0,2.0
21869,1,6.0,0.0,6.0,6.0
21875,12,5.3333,1.8749,8.0,2.0
21879,546,6.9982,1.7739,10.0,1.0
21881,11496,7.6574,1.6458,10.0,1.0
21891,2,5.0,2.8284,7.0,3.0
21899,182,8.7967,1.1598,10.0,6.0
21925,62,7.4032,1.8507,10.0,1.0
21939,2120,8.8524,1.0357,10.0,4.0
21941,1,6.0,0.0,6.0,6.0
21973,1,7.0,0.0,7.0,7.0
21975,1,6.0,0.0,6.0,6.0
21995,5547,8.0204,1.2818,10.0,1.0
21997,3,6.0,1.7321,7.0,4.0
21999,3,5.3333,2.0817,7.0,3.0
22013,29,7.3793,1.6565,10.0,4.0
22031,9,6.1111,1.8333,10.0,3.0
22039,38,6.7105,2.2167,10.0,1.0
22043,1931,8.4972,1.3617,10.0,1.0
22049,24,7.2083,1.6413,10.0,3.0
22053,2,6.0,1.4142,7.0,5.0
22055,7,6.7143,0.9512,8.0,5.0
22057,405,7.1235,1.301,10.0,2.0
22059,5,6.4,2.881,10.0,3.0
22065,1,7.0,0.0,7.0,7.0
22069,91,7.5495,1.7843,10.0,1.0
22071,673,7.1932,1.2398,10.0,2.0
22081,31,6.1613,2.1771,10.0,1.0
22093,2,5.0,1.4142,6.0,4.0
22097,910,8.1308,1.1649,10.0,3.0
22099,22,6.3182,1.2492,9.0,4.0
22101,2437,7.9175,1.3532,10.0,1.0
22113,28,6.7143,1.462,10.0,5.0
22117,413,6.9249,1.3408,10.0,1.0
22119,37,6.2432,2.0468,10.0,1.0
22123,1005,6.9532,1.5079,10.0,1.0
22125,523,8.0746,1.2427,10.0,4.0
22135,2068,8.7045,1.1756,10.0,1.0
22137,15,6.5333,1.302,9.0,4.0
22145,2695,8.4071,1.2582,10.0,1.0
22147,5519,7.8076,1.1711,10.0,1.0
22157,2,2.5,0.7071,3.0,2.0
22159,1,1.0,0.0,1.0,1.0
22161,7,1.8571,1.4639,5.0,1.0
22163,1,2.0,0.0,2.0,2.0
22167,1,1.0,0.0,1.0,1.0
22169,9,1.4444,0.7265,3.0,1.0
22173,3,1.0,0.0,1.0,1.0
22179,7,1.8571,1.8645,6.0,1.0
22181,1,1.0,0.0,1.0,1.0
22189,619,7.2342,1.2561,10.0,2.0
22199,10936,7.9325,1.5002,10.0,1.0
22205,2,5.5,3.5355,8.0,3.0
22215,10,6.2,1.7512,10.0,4.0
22221,1,8.0,0.0,8.0,8.0
22225,314,6.1274,1.7022,10.0,1.0
22231,7,6.8571,1.8645,10.0,5.0
22241,1,6.0,0.0,6.0,6.0
22249,25,6.36,1.4399,8.0,2.0
22255,4,2.0,0.0,2.0,2.0
22265,3472,8.0651,1.3828,10.0,1.0
22273,1844,7.558,1.4159,10.0,1.0
22293,2,5.0,1.4142,6.0,4.0
22295,32,6.2812,1.6111,10.0,3.0
22297,6594,8.5692,1.173,10.0,1.0
22319,15061,8.1368,1.4385,10.0,1.0
22335,112,6.9643,1.3147,10.0,4.0
22345,1,7.0,0.0,7.0,7.0
22347,35,7.4571,1.8205,10.0,1.0
22359,138,7.3986,1.4874,10.0,2.0
22361,6,6.6667,1.0328,8.0,5.0
22377,93,4.6452,1.8395,9.0,1.0
22381,11,6.0909,1.3003,8.0,4.0
22385,5,5.0,1.8708,8.0,3.0
22393,1,5.0,0.0,5.0,5.0
22411,2,5.0,1.4142,6.0,4.0
22415,4,3.5,1.7321,6.0,2.0
22417,2,3.5,0.7071,4.0,3.0
22419,32,7.9688,1.4477,10.0,5.0
22427,1,3.0,0.0,3.0,3.0
22429,122,7.5656,1.8136,10.0,1.0
22433,968,7.4711,1.3099,10.0,1.0
22435,27,6.8519,1.6803,10.0,4.0
22439,2,7.5,2.1213,9.0,6.0
22441,2,8.0,2.8284,10.0,6.0
22445,1,10.0,0.0,10.0,10.0
22451,1,3.0,0.0,3.0,3.0
22455,1,10.0,0.0,10.0,10.0
22465,1,9.0,0.0,9.0,9.0
22467,1,3.0,0.0,3.0,3.0
22469,1,3.0,0.0,3.0,3.0
22471,1,3.0,0.0,3.0,3.0
22473,1,2.0,0.0,2.0,2.0
22477,1,10.0,0.0,10.0,10.0
22479,1,10.0,0.0,10.0,10.0
22487,1,9.0,0.0,9.0,9.0
22495,1,9.0,0.0,9.0,9.0
22497,1,7.0,0.0,7.0,7.0
22503,2,6.0,1.4142,7.0,5.0
22507,510,8.3667,1.2335,10.0,4.0
22511,1,7.0,0.0,7.0,7.0
22513,20,7.35,2.1831,10.0,2.0
22535,9930,8.685,1.0753,10.0,1.0
22537,520,6.7038,1.5707,10.0,1.0
22539,169,7.8166,1.6244,10.0,2.0
22543,28,6.75,2.0299,10.0,1.0
22547,1613,6.5108,1.6891,10.0,1.0
22565,1,7.0,0.0,7.0,7.0
22571,1,3.0,0.0,3.0,3.0
22575,2,4.5,2.1213,6.0,3.0
22583,8,7.25,1.5811,10.0,5.0
22593,2,5.5,6.364,10.0,1.0
22603,2,3.5,0.7071,4.0,3.0
22607,2,6.5,4.9497,10.0,3.0
22611,1,3.0,0.0,3.0,3.0
22615,1,10.0,0.0,10.0,10.0
22621,1,3.0,0.0,3.0,3.0
22631,1,6.0,0.0,6.0,6.0
22633,1,7.0,0.0,7.0,7.0
22635,1,6.0,0.0,6.0,6.0
22655,24,7.0833,1.6396,10.0,3.0
22661,58,6.7759,1.9828,10.0,1.0
22663,2407,7.2576,1.5251,10.0,1.0
22671,1,6.0,0.0,6.0,6.0
22673,365,7.9781,1.4749,10.0,3.0
22675,2,5.5,0.7071,6.0,5.0
22677,256,7.3945,1.3822,10.0,2.0
22687,2310,7.3225,1.5967,10.0,1.0
22689,693,7.4935,1.4953,10.0,1.0
22693,22,7.8636,1.5521,10.0,3.0
22695,83,7.0964,1.5743,10.0,5.0
22699,69,7.1594,1.5303,10.0,5.0
22729,6546,7.8454,1.4367,10.0,1.0
22733,32,6.4062,1.0734,9.0,4.0
22735,23,5.9565,1.2239,8.0,3.0
22745,260,7.0423,1.7046,10.0,1.0
22757,1,5.0,0.0,5.0,5.0
22759,370,7.0081,1.5025,10.0,1.0
22763,399,7.6291,1.3516,10.0,3.0
22777,692,8.1561,1.325,10.0,2.0
22785,13,6.8462,2.1153,10.0,3.0
22789,5697,8.5419,1.0495,10.0,4.0
22815,17,6.2353,1.9535,10.0,1.0
22817,138,7.558,1.3237,10.0,4.0
22819,50,8.24,1.5328,10.0,4.0
22831,102,6.8431,1.3625,10.0,4.0
22835,1002,6.2784,1.8028,10.0,1.0
22839,603,7.7529,1.3858,10.0,1.0
22841,2,7.0,1.4142,8.0,6.0
22847,78,6.4487,1.9977,10.0,1.0
22849,1,8.0,0.0,8.0,8.0
22859,324,7.3148,1.3514,10.0,1.0
22865,2045,7.4802,1.2726,10.0,2.0
22877,2956,7.2595,1.4527,10.0,1.0
22901,21,6.0952,1.4108,8.0,2.0
22943,2,5.5,2.1213,7.0,4.0
22953,1,2.0,0.0,2.0,2.0
22955,26,5.8846,1.5054,10.0,3.0
22961,1289,7.9946,1.3296,10.0,3.0
22983,6,5.0,1.0954,7.0,4.0
23023,36,5.75,1.6626,10.0,3.0
23029,2,5.5,0.7071,6.0,5.0
23033,35,6.4857,1.821,10.0,1.0
23037,307,6.5342,1.6923,10.0,1.0
23043,29,7.4138,2.0445,10.0,1.0
23047,37,7.4595,1.7888,10.0,1.0
23051,1,2.0,0.0,2.0,2.0
23053,2,4.0,2.8284,6.0,2.0
23057,8,4.875,1.8077,7.0,1.0
23059,6,4.8333,2.0412,7.0,1.0
23061,1,6.0,0.0,6.0,6.0
23063,3,4.3333,3.5119,8.0,1.0
23065,1,3.0,0.0,3.0,3.0
23067,12,6.3333,2.2697,9.0,1.0
23079,2129,5.8187,2.0021,10.0,1.0
23083,26,7.5769,1.5792,10.0,5.0
23099,69,6.3188,1.5671,10.0,2.0
23101,26,6.4231,1.7475,10.0,1.0
23107,2,6.5,0.7071,7.0,6.0
23115,62,6.7742,1.4191,10.0,2.0
23121,686,6.8601,1.4124,10.0,1.0
23129,2,6.5,2.1213,8.0,5.0
23133,588,7.0085,1.5798,10.0,1.0
23137,25,6.88,1.3638,10.0,4.0
23151,125,6.184,1.8245,10.0,1.0
23153,131,7.2977,1.4126,10.0,3.0
23157,3,4.3333,1.5275,6.0,3.0
23171,12,6.0,2.132,9.0,1.0
23177,1,5.0,0.0,5.0,5.0
23179,52,6.1731,1.6771,10.0,3.0
23199,4410,8.2497,1.167,10.0,2.0
23201,306,7.1013,1.5277,10.0,2.0
23209,793,7.029,1.6184,10.0,1.0
23213,70,6.4857,1.7424,10.0,2.0
23225,671,8.006,1.2057,10.0,3.0
23227,793,7.2799,1.2562,10.0,3.0
23229,5,6.0,1.0,7.0,5.0
23233,3540,7.1994,1.5352,10.0,1.0
23237,437,7.238,1.4457,10.0,2.0
23247,18,6.3333,1.7489,9.0,2.0
23249,97,8.2371,1.1617,10.0,5.0
23251,1929,7.7895,1.3064,10.0,2.0
23259,211,6.109,1.8028,10.0,2.0
23265,3,4.3333,1.5275,6.0,3.0
23267,3,4.0,1.0,5.0,3.0
23269,674,7.6884,1.303,10.0,2.0
23273,8271,8.984,1.182,10.0,1.0
23277,3365,7.8223,1.2164,10.0,1.0
23281,5398,7.7545,1.4459,10.0,1.0
23283,8575,8.3873,1.3069,10.0,1.0
23285,92,7.4457,1.304,10.0,5.0
23289,7651,8.3454,1.1216,10.0,2.0
23293,149,7.9597,1.1501,10.0,4.0
23299,65,7.0154,1.644,10.0,3.0
23301,168,7.9167,1.2009,10.0,4.0
23305,43,7.0,1.7321,10.0,2.0
23309,1968,6.7612,1.6383,10.0,1.0
23311,1079,7.7442,1.2188,10.0,3.0
23317,1106,8.4864,1.2243,10.0,3.0
23319,434,7.5,1.1913,10.0,1.0
23321,4703,7.7595,1.3558,10.0,1.0
23325,623,6.7689,1.3708,10.0,1.0
23327,1495,8.3411,1.2024,10.0,1.0
23333,1419,6.611,1.869,10.0,1.0
23341,316,6.4652,1.5682,10.0,1.0
23349,2,8.0,2.8284,10.0,6.0
23359,92,7.4674,1.551,10.0,3.0
23361,96,7.25,1.451,10.0,5.0
23363,46,6.8478,1.9547,10.0,2.0
23365,7,5.7143,0.9512,7.0,4.0
23367,20,6.5,1.6702,10.0,2.0
23369,124,7.0887,1.5196,10.0,4.0
23375,2,5.5,2.1213,7.0,4.0
23383,882,7.5692,1.2408,10.0,1.0
23385,1293,7.8902,1.1739,10.0,2.0
23387,14,5.7143,1.5407,9.0,4.0
23393,1,8.0,0.0,8.0,8.0
23399,141,7.0,1.5353,10.0,4.0
23401,4,4.25,0.9574,5.0,3.0
23405,69,7.058,1.5707,10.0,4.0
23409,2,5.5,2.1213,7.0,4.0
23421,1723,7.6756,1.4005,10.0,1.0
23423,94,6.3191,1.7611,10.0,2.0
23425,43,7.1163,1.6505,10.0,4.0
23427,400,6.7425,1.4634,10.0,1.0
23433,240,6.8167,1.5923,10.0,1.0
23439,75,6.92,1.1597,10.0,4.0
23441,578,7.8114,1.478,10.0,2.0
23447,586,7.3976,1.369,10.0,1.0
23459,248,6.9355,1.3055,10.0,4.0
23475,1,3.0,0.0,3.0,3.0
23477,11,6.3636,1.9117,10.0,3.0
23479,66,7.3485,1.5541,10.0,3.0
23483,14,6.0,2.0,8.0,1.0
23487,44,6.75,1.383,10.0,3.0
23499,13,7.0769,1.3821,9.0,4.0
23517,2,1.5,0.7071,2.0,1.0
23519,37,6.6757,2.0957,10.0,2.0
23551,177,6.113,1.8398,10.0,2.0
23579,61,6.8525,1.7208,10.0,1.0
23581,1,6.0,0.0,6.0,6.0
23583,4,6.25,2.5,9.0,3.0
23585,1,7.0,0.0,7.0,7.0
23587,548,7.365,1.3756,10.0,1.0
23595,1,8.0,0.0,8.0,8.0
23597,3,6.0,1.7321,8.0,5.0
23605,256,6.9609,1.9073,10.0,1.0
23619,408,7.2819,1.3724,10.0,1.0
23621,2,5.0,1.4142,6.0,4.0
23623,1230,8.3138,1.1736,10.0,3.0
23627,29,6.8621,1.7873,10.0,2.0
23639,2,5.5,0.7071,6.0,5.0
23643,2,4.5,0.7071,5.0,4.0
23659,1,5.0,0.0,5.0,5.0
23661,2,5.0,0.0,5.0,5.0
23665,39,6.5641,1.9166,10.0,1.0
23673,3608,7.6258,1.4143,10.0,1.0
23679,15,6.2,1.8205,9.0,1.0
23697,106,6.6981,1.4486,10.0,3.0
23701,474,7.7975,1.4383,10.0,2.0
23703,296,7.5743,1.3733,10.0,3.0
23711,6,8.5,1.3784,10.0,7.0
23719,18,6.8333,2.1489,10.0,1.0
23723,1,6.0,0.0,6.0,6.0
23725,181,7.5193,1.3768,10.0,4.0
23735,103,6.2816,1.9221,10.0,1.0
23739,4,6.0,1.633,8.0,4.0
23741,2,6.5,2.1213,8.0,5.0
23753,8,5.5,2.0702,9.0,2.0
23755,6858,8.5394,1.1272,10.0,2.0
23759,2,6.5,2.1213,8.0,5.0
23761,10,6.7,2.1628,10.0,2.0
23765,1,4.0,0.0,4.0,4.0
23767,1,4.0,0.0,4.0,4.0
23775,450,7.6733,1.6436,10.0,1.0
23777,169,7.8462,1.484,10.0,2.0
23781,79,6.0,1.7246,10.0,1.0
23787,181,7.0166,1.4122,10.0,2.0
23825,2,6.0,1.4142,7.0,5.0
23831,100,6.62,2.034,10.0,1.0
23835,23,5.7391,1.6016,8.0,3.0
23837,37,6.3784,1.4014,9.0,3.0
23847,5493,8.321,1.2118,10.0,1.0
23849,22,6.8636,1.8073,10.0,2.0
23857,1,9.0,0.0,9.0,9.0
23871,16,7.0625,0.8539,9.0,5.0
23877,13,4.0769,2.2899,8.0,1.0
23885,1,6.0,0.0,6.0,6.0
23895,6,7.5,1.7607,10.0,5.0
23897,2,5.0,2.8284,7.0,3.0
23899,1,3.0,0.0,3.0,3.0
23901,2,5.0,2.8284,7.0,3.0
23903,4,6.75,0.5,7.0,6.0
23915,1,5.0,0.0,5.0,5.0
23917,1,4.0,0.0,4.0,4.0
23931,8,6.625,1.5059,10.0,5.0
23933,13,5.0769,1.3821,8.0,3.0
23935,14,5.0714,1.5424,8.0,2.0
23943,12,7.6667,1.8749,10.0,5.0
23945,1056,7.1458,1.3369,10.0,2.0
23985,51,6.7647,1.3797,10.0,4.0
23987,124,7.3952,1.1321,10.0,3.0
23989,177,6.4633,1.9306,10.0,1.0
23991,29,7.1379,1.7672,10.0,2.0
24011,429,6.2051,1.7212,10.0,1.0
24019,1,5.0,0.0,5.0,5.0
24021,24,6.75,2.0054,10.0,1.0
24029,95,7.4316,1.648,10.0,3.0
24031,1462,7.4699,1.252,10.0,3.0
24037,1024,7.6855,1.4089,10.0,2.0
24045,1,5.0,0.0,5.0,5.0
24047,1,5.0,0.0,5.0,5.0
24049,1,3.0,0.0,3.0,3.0
24051,1,6.0,0.0,6.0,6.0
24071,2,9.5,0.7071,10.0,9.0
24073,1,10.0,0.0,10.0,10.0
24075,757,7.0727,1.5924,10.0,1.0
24109,3,5.6667,1.5275,7.0,4.0
24123,13,6.3077,1.1094,8.0,5.0
24127,23,6.1304,1.6322,10.0,3.0
24133,1918,7.1481,1.3692,10.0,1.0
24135,518,7.9653,1.2543,10.0,3.0
24139,8,5.625,2.3867,10.0,3.0
24151,1206,7.8441,1.3304,10.0,1.0
24169,47,6.8298,1.4643,10.0,3.0
24171,75,7.3867,1.1956,10.0,4.0
24175,316,6.8734,1.5419,10.0,1.0
24179,4,6.0,1.4142,8.0,5.0
24181,3,5.0,1.0,6.0,4.0
24197,3,5.0,1.0,6.0,4.0
24199,5,5.8,1.0954,7.0,4.0
24201,4,5.25,1.5,7.0,4.0
24211,1189,7.2599,1.5288,10.0,2.0
24227,1235,7.63,1.3328,10.0,1.0
24231,2603,7.4322,1.2539,10.0,1.0
24237,1,4.0,0.0,4.0,4.0
24259,1,1.0,0.0,1.0,1.0
24261,508,7.1693,1.2791,10.0,1.0
24269,1,5.0,0.0,5.0,5.0
24271,21,6.7619,2.0471,10.0,2.0
24273,37,6.2432,1.7858,9.0,1.0
24275,2,6.0,0.0,6.0,6.0
24277,1289,8.3654,1.1666,10.0,2.0
24315,1,3.0,0.0,3.0,3.0
24317,20,6.6,2.1861,10.0,1.0
24321,2,4.5,0.7071,5.0,4.0
24327,20,6.65,2.1831,10.0,1.0
24347,36,7.0833,1.5376,10.0,3.0
24355,1,3.0,0.0,3.0,3.0
24357,21,6.381,2.0119,10.0,1.0
24363,1,5.0,0.0,5.0,5.0
24365,461,7.5792,1.1232,10.0,4.0
24371,39,6.8718,1.4175,10.0,3.0
24373,2,7.5,2.1213,9.0,6.0
24377,57,7.0351,1.8123,10.0,1.0
24405,758,8.0264,1.2215,10.0,3.0
24415,4058,8.7107,1.1726,10.0,1.0
24417,3,7.0,2.0,9.0,5.0
24429,56,7.6607,1.7713,10.0,2.0
24437,6,5.5,1.2247,7.0,4.0
24439,3554,7.8523,1.2925,10.0,1.0
24443,2,5.5,0.7071,6.0,5.0
24451,301,6.8106,1.5013,10.0,2.0
24453,26,6.6538,1.9171,10.0,1.0
24455,2820,7.3645,1.3413,10.0,1.0
24457,6,6.8333,2.2286,9.0,3.0
24459,634,7.6672,1.2358,10.0,2.0
24469,537,7.5047,1.3742,10.0,1.0
24471,86,7.9884,1.2223,10.0,5.0
24475,561,7.3957,1.4118,10.0,1.0
24527,4,5.75,0.5,6.0,5.0
24531,214,6.5327,1.3519,10.0,2.0
24543,272,7.8235,1.411,10.0,2.0
24591,19,7.6842,1.3355,10.0,4.0
24603,1,3.0,0.0,3.0,3.0
24625,442,7.6222,1.3833,10.0,1.0
24627,771,7.6887,1.2323,10.0,2.0
24629,809,7.0705,1.4755,10.0,1.0
24633,2,3.5,2.1213,5.0,2.0
24637,7,6.5714,1.5119,9.0,4.0
24641,93,7.5484,1.7847,10.0,1.0
24645,1,4.0,0.0,4.0,4.0
24647,1,3.0,0.0,3.0,3.0
24655,598,7.5552,1.4491,10.0,2.0
24675,1,6.0,0.0,6.0,6.0
24677,1,3.0,0.0,3.0,3.0
24679,2,5.0,1.4142,6.0,4.0
24687,1004,8.5568,1.0919,10.0,5.0
24695,664,6.6627,1.8579,10.0,1.0
24699,208,6.6442,1.6907,10.0,1.0
24701,1449,8.9303,0.9882,10.0,5.0
24703,3749,7.6919,1.5583,10.0,1.0
24705,1255,6.945,1.5797,10.0,1.0
24713,183,6.4536,1.4701,10.0,3.0
24719,3,6.6667,2.8868,10.0,5.0
24727,158,7.6329,1.4203,10.0,4.0
24743,4,5.75,0.9574,7.0,5.0
24745,30,6.8,1.8644,10.0,1.0
24751,530,6.8,1.6388,10.0,1.0
24763,34,6.9706,1.1411,10.0,5.0
24765,2634,7.809,1.3593,10.0,1.0
24781,386,7.8031,1.2863,10.0,3.0
24789,1,9.0,0.0,9.0,9.0
24807,1,3.0,0.0,3.0,3.0
24811,1,2.0,0.0,2.0,2.0
24817,3,6.6667,2.5166,9.0,4.0
24821,174,6.9253,1.3081,10.0,2.0
24823,47,7.0213,2.1618,10.0,2.0
24833,5280,8.2288,1.1449,10.0,2.0
24835,83,6.3735,1.6283,10.0,2.0
24843,2,4.0,1.4142,5.0,3.0
24847,4,4.75,0.9574,6.0,4.0
24849,31,6.8065,1.8334,10.0,3.0
24851,12,6.9167,1.7816,10.0,3.0
24855,301,6.4884,1.7675,10.0,1.0
24861,2,4.5,0.7071,5.0,4.0
24873,1267,6.678,1.4932,10.0,1.0
24893,1462,8.1286,1.1822,10.0,1.0
24901,2,3.0,1.4142,4.0,2.0
24903,2,4.0,0.0,4.0,4.0
24909,85,7.0353,1.3667,10.0,4.0
24911,12,6.1667,2.6227,10.0,1.0
24913,617,7.9173,1.0862,10.0,4.0
24919,240,7.5875,1.207,10.0,4.0
24921,182,8.1868,1.1744,10.0,3.0
24935,90,6.6333,1.3278,10.0,3.0
24967,34,6.5882,1.7601,10.0,1.0
24973,58,7.3276,1.4914,10.0,4.0
24975,3,8.3333,1.5275,10.0,7.0
24987,27,7.0741,1.7958,10.0,2.0
24991,1281,6.7892,1.9156,10.0,1.0
24995,1,5.0,0.0,5.0,5.0
24997,711,8.2433,1.364,10.0,3.0
25011,290,7.0379,1.5413,10.0,3.0
25013,4246,8.3358,1.1754,10.0,1.0
25015,883,7.7724,1.3978,10.0,1.0
25027,1,6.0,0.0,6.0,6.0
25045,447,6.9978,1.4785,10.0,1.0
25055,25,7.16,1.546,10.0,4.0
25069,1,6.0,0.0,6.0,6.0
25077,12,6.4167,1.4434,10.0,5.0
25079,1,10.0,0.0,10.0,10.0
25083,2,6.0,1.4142,7.0,5.0
25087,3,6.3333,0.5774,7.0,6.0
25089,1,6.0,0.0,6.0,6.0
25099,1446,7.0954,1.3827,10.0,1.0
25103,1,3.0,0.0,3.0,3.0
25109,1,3.0,0.0,3.0,3.0
25113,20,6.15,1.1367,8.0,4.0
25117,23,7.087,1.7033,9.0,4.0
25143,191,7.3351,1.404,10.0,3.0
25149,1,9.0,0.0,9.0,9.0
25157,4684,7.5275,1.4028,10.0,1.0
25159,3449,7.492,1.2699,10.0,1.0
25161,1112,8.1987,1.3067,10.0,1.0
25169,3,6.0,1.0,7.0,5.0
25173,2,6.0,4.2426,9.0,3.0
25183,4183,7.6342,1.394,10.0,2.0
25241,704,6.8239,1.576,10.0,1.0
25257,18,6.8333,1.7573,10.0,4.0
25259,28,7.3929,1.5715,10.0,4.0
25265,2,4.5,0.7071,5.0,4.0
25267,2,5.0,0.0,5.0,5.0
25271,27,6.0741,1.859,10.0,3.0
25283,1596,6.6761,1.5855,10.0,1.0
25285,280,6.7,1.6621,10.0,2.0
25291,3,4.0,2.6458,7.0,2.0
25293,1,6.0,0.0,6.0,6.0
25303,609,7.9836,1.2473,10.0,1.0
25313,308,8.2403,1.2967,10.0,3.0
25341,99,7.4949,1.1639,10.0,5.0
25345,56,7.2143,1.9514,10.0,1.0
25365,62,6.1935,1.3531,9.0,3.0
25375,74,6.6216,1.765,10.0,1.0
25377,2,5.0,0.0,5.0,5.0
25383,4,7.0,0.8165,8.0,6.0
25389,1177,7.6236,1.4767,10.0,1.0
25393,4,5.75,0.9574,7.0,5.0
25397,3592,6.8435,1.6574,10.0,1.0
25429,1347,6.3675,1.6831,10.0,1.0
25431,32,7.125,1.5187,10.0,5.0
25437,177,7.322,1.772,10.0,1.0
25439,31,6.0323,1.4716,9.0,4.0
25441,14,7.0,1.4142,9.0,5.0
25457,42,7.0476,1.4972,10.0,4.0
25461,4,5.75,2.0616,8.0,3.0
25491,2,4.5,0.7071,5.0,4.0
25495,6,6.3333,1.0328,8.0,5.0
25517,699,8.0916,1.1469,10.0,4.0
25519,971,7.7652,1.4876,10.0,1.0
25533,2,4.5,0.7071,5.0,4.0
25543,16,5.6875,2.3866,10.0,1.0
25545,1,3.0,0.0,3.0,3.0
25549,5,4.8,1.3038,6.0,3.0
25567,277,6.5812,2.0742,10.0,1.0
25591,3,6.0,1.0,7.0,5.0
25627,1,1.0,0.0,1.0,1.0
25635,33,6.3939,1.6572,10.0,2.0
25639,3,4.3333,2.3094,7.0,3.0
25641,7,6.7143,1.7043,9.0,4.0
25647,166,7.2229,1.2619,10.0,5.0
25649,693,8.2641,1.3593,10.0,3.0
25661,2,6.0,1.4142,7.0,5.0
25667,87,7.092,1.8276,10.0,1.0
25669,12,6.3333,0.9847,8.0,5.0
25681,2065,8.2358,1.2448,10.0,1.0
25687,1389,7.7531,1.4249,10.0,1.0
25689,148,6.8108,1.4908,10.0,1.0
25719,212,7.2264,1.2143,10.0,2.0
25729,54,7.8889,1.2983,10.0,5.0
25731,1551,7.6473,1.5674,10.0,1.0
25749,2,6.5,0.7071,7.0,6.0
25755,65,7.7692,1.3667,10.0,5.0
25781,1942,8.4949,1.2086,10.0,1.0
25801,17,7.5882,1.4603,10.0,4.0
25805,137,6.9197,1.5907,10.0,1.0
25833,3,6.3333,1.5275,8.0,5.0
25835,2087,8.6253,1.1119,10.0,3.0
25839,430,6.4512,1.6247,10.0,1.0
25857,6,6.3333,1.3663,8.0,4.0
25859,655,7.0824,1.4774,10.0,1.0
25861,219,6.968,1.5895,10.0,1.0
25867,787,6.9187,1.5502,10.0,1.0
25873,22,5.8636,1.4572,9.0,3.0
25875,77,6.2857,1.5031,10.0,1.0
25877,28,6.5714,1.7728,10.0,1.0
25879,1966,8.2325,1.0721,10.0,2.0
25883,69,6.6812,1.3665,10.0,3.0
25889,2,8.0,0.0,8.0,8.0
25891,1,8.0,0.0,8.0,8.0
25897,86,6.8372,1.6223,10.0,3.0
25907,284,7.0317,1.4834,10.0,1.0
25915,2,6.5,3.5355,9.0,4.0
25923,23,6.8696,2.1385,10.0,1.0
25939,198,7.1919,1.4404,10.0,1.0
25941,1,6.0,0.0,6.0,6.0
25943,32,5.9062,1.1739,8.0,3.0
25963,1,8.0,0.0,8.0,8.0
25965,1,8.0,0.0,8.0,8.0
25967,1,8.0,0.0,8.0,8.0
25969,2,4.5,0.7071,5.0,4.0
25971,3,5.0,1.0,6.0,4.0
25973,1,5.0,0.0,5.0,5.0
25975,1,6.0,0.0,6.0,6.0
25977,1,6.0,0.0,6.0,6.0
25981,1,5.0,0.0,5.0,5.0
25991,15,6.3333,1.6762,10.0,4.0
25999,7,6.4286,1.3973,9.0,5.0
26007,2,4.5,0.7071,5.0,4.0
26009,1,6.0,0.0,6.0,6.0
26011,1,6.0,0.0,6.0,6.0
26013,1,8.0,0.0,8.0,8.0
26015,3,5.3333,2.5166,8.0,3.0
26017,1,8.0,0.0,8.0,8.0
26019,64,7.3594,1.3495,10.0,5.0
26023,433,7.7806,1.3711,10.0,1.0
26053,3,7.0,1.7321,8.0,5.0
26055,2306,8.6405,1.0984,10.0,3.0
26057,276,7.3696,1.4476,10.0,1.0
26059,20,6.0,1.4868,8.0,2.0
26063,17,6.7647,1.6405,10.0,3.0
26079,2,7.0,1.4142,8.0,6.0
26085,562,6.0623,1.6313,10.0,1.0
26099,1,3.0,0.0,3.0,3.0
26101,1,7.0,0.0,7.0,7.0
26111,1,6.0,0.0,6.0,6.0
26123,1,7.0,0.0,7.0,7.0
26157,1,6.0,0.0,6.0,6.0
26159,1,7.0,0.0,7.0,7.0
26165,766,7.5209,1.6028,10.0,1.0
26183,91,7.044,1.5196,10.0,3.0
26189,5,6.8,1.4832,9.0,5.0
26213,701,8.4137,1.3191,10.0,3.0
26243,6518,7.6886,1.4099,10.0,1.0
26285,1,6.0,0.0,6.0,6.0
26303,1,8.0,0.0,8.0,8.0
26311,2,6.0,0.0,6.0,6.0
26347,1,3.0,0.0,3.0,3.0
26349,3624,7.6719,1.2473,10.0,1.0
26351,1023,6.956,1.5212,10.0,1.0
26359,105,6.7333,1.6599,10.0,1.0
26395,221,6.9095,1.3754,10.0,1.0
26441,1687,7.4718,1.2585,10.0,1.0
26443,1145,6.6297,1.6309,10.0,1.0
26447,1,5.0,0.0,5.0,5.0
26449,203,6.8818,1.8037,10.0,1.0
26453,38,7.2368,1.4414,10.0,4.0
27363,24,6.625,1.9068,9.0,1.0
27373,1,6.0,0.0,6.0,6.0
27387,407,6.7543,1.5579,10.0,1.0
27399,1,6.0,0.0,6.0,6.0
27405,1,6.0,0.0,6.0,6.0
27411,222,7.8514,1.1378,10.0,4.0
27413,22,7.2727,1.2414,9.0,5.0
27417,267,6.2734,2.2802,10.0,1.0
27419,56,7.3929,1.2746,10.0,5.0
27437,2,4.5,2.1213,6.0,3.0
27441,462,7.355,1.4489,10.0,1.0
27465,1,4.0,0.0,4.0,4.0
27503,173,6.1734,1.6009,10.0,1.0
27509,88,7.1932,1.5673,10.0,3.0
27519,2,8.5,2.1213,10.0,7.0
27525,878,7.5444,1.3715,10.0,1.0
27539,9,7.6667,1.5811,9.0,5.0
27557,1,10.0,0.0,10.0,10.0
27559,1,5.0,0.0,5.0,5.0
27567,7,7.5714,1.2724,10.0,6.0
27601,772,7.6775,1.2562,10.0,2.0
27603,43,6.9767,2.0986,10.0,2.0
27613,80,6.325,1.7702,10.0,2.0
27619,33,6.0,1.6583,9.0,2.0
27629,73,7.0274,1.4622,10.0,4.0
27631,2475,7.7511,1.3361,10.0,1.0
27633,1328,8.0813,1.1631,10.0,2.0
27653,4,8.25,1.2583,10.0,7.0
27655,4295,7.3164,1.6771,10.0,1.0
27663,918,8.2222,1.0643,10.0,4.0
27677,6,6.0,1.6733,9.0,4.0
27687,4,4.5,1.7321,6.0,2.0
27693,1,5.0,0.0,5.0,5.0
27709,27,7.1852,1.4152,10.0,5.0
27721,1,7.0,0.0,7.0,7.0
27723,1,7.0,0.0,7.0,7.0
27727,711,7.2897,1.7362,10.0,1.0
27737,10,7.4,1.7127,10.0,5.0
27741,64,6.4688,1.6131,10.0,2.0
27747,11,6.8182,1.5374,10.0,5.0
27757,3,4.3333,1.1547,5.0,3.0
27775,3859,8.0223,1.4083,10.0,1.0
27785,10,5.1,1.4491,6.0,2.0
27787,4127,7.5699,1.3655,10.0,1.0
27789,10,7.0,1.8856,10.0,3.0
27793,21,5.6667,1.7127,9.0,3.0
27815,61,7.0164,1.4082,10.0,4.0
27821,3713,8.4799,1.1227,10.0,1.0
27825,42,7.881,1.4684,10.0,4.0
27829,947,7.6631,1.3141,10.0,2.0
27831,2792,8.1648,1.1527,10.0,2.0
27833,1881,8.2733,1.1889,10.0,2.0
27857,231,6.8355,1.4261,10.0,1.0
27879,21,6.0952,2.2339,9.0,1.0
27881,20,7.6,1.3917,10.0,5.0
27887,56,7.0179,1.2134,10.0,5.0
27891,1132,6.5415,1.8968,10.0,1.0
27899,9538,7.6281,1.7551,10.0,1.0
27907,46,6.7391,1.1242,10.0,5.0
27909,27,6.1481,1.5368,9.0,2.0
27911,403,7.0993,1.384,10.0,2.0
27927,173,5.8497,1.6391,10.0,1.0
27939,62,7.0645,1.4696,10.0,4.0
27945,31,7.2581,1.6925,10.0,2.0
27947,154,8.0909,1.1736,10.0,5.0
27949,2,5.0,1.4142,6.0,4.0
27951,2,5.5,0.7071,6.0,5.0
27957,904,7.5741,1.4639,10.0,1.0
27967,150,6.7733,1.3369,10.0,4.0
27969,129,7.7442,1.2073,10.0,3.0
27989,2591,8.1058,1.2038,10.0,2.0
27991,1810,7.9155,1.34,10.0,1.0
27993,1,6.0,0.0,6.0,6.0
27997,4,5.75,1.7078,8.0,4.0
28013,281,7.3879,1.4549,10.0,1.0
28025,2749,8.2856,1.1617,10.0,3.0
28035,1,4.0,0.0,4.0,4.0
28041,5,5.4,1.5166,7.0,3.0
28045,5,5.2,1.9235,8.0,3.0
28047,4,5.25,2.0616,8.0,3.0
28049,4,5.0,2.1602,8.0,3.0
28051,5,4.6,2.1909,8.0,2.0
28053,4,5.0,1.4142,6.0,3.0
28055,4,5.0,1.1547,6.0,4.0
28057,5,4.6,1.1402,6.0,3.0
28063,185,6.8811,1.6006,10.0,1.0
28067,2,2.5,0.7071,3.0,2.0
28069,1020,7.8647,1.3288,10.0,2.0
28077,36,6.0833,1.918,10.0,2.0
28085,6,7.3333,0.8165,8.0,6.0
28093,20,5.8,1.5424,8.0,3.0
28105,193,7.2694,1.3693,10.0,2.0
28121,7758,8.0101,1.3371,10.0,1.0
28143,3,4.3333,2.0817,6.0,2.0
28149,148,7.7027,1.2855,10.0,4.0
28151,1,2.0,0.0,2.0,2.0
28155,403,6.9404,1.4783,10.0,2.0
28157,29,7.3448,2.0049,10.0,1.0
28171,6723,8.6491,1.0612,10.0,2.0
28179,107,6.5794,1.3461,10.0,3.0
28197,2,1.5,0.7071,2.0,1.0
28201,1,7.0,0.0,7.0,7.0
28205,87,6.6782,1.5211,10.0,3.0
28207,30,7.1667,1.3667,10.0,4.0
28211,263,7.3118,1.5537,10.0,1.0
28215,250,7.308,1.7324,10.0,1.0
28221,655,7.2458,1.4311,10.0,1.0
28223,8889,8.4679,1.1683,10.0,1.0
28227,39,6.3846,1.48,10.0,1.0
28237,5,6.2,1.7889,8.0,4.0
28241,3,4.6667,0.5774,5.0,4.0
28245,3,4.6667,1.1547,6.0,4.0
28247,2,7.0,1.4142,8.0,6.0
28249,2590,8.0046,1.1324,10.0,2.0
28251,2,5.5,3.5355,8.0,3.0
28257,4,8.75,0.9574,10.0,8.0
28263,1,5.0,0.0,5.0,5.0
28283,202,6.8762,1.5771,10.0,1.0
28285,932,7.5622,1.3684,10.0,2.0
28297,3504,8.3279,1.1959,10.0,1.0
28299,383,7.4621,1.2976,10.0,3.0
28305,2,3.0,0.0,3.0,3.0
28309,38,6.9211,1.8066,10.0,1.0
28311,40,6.7,1.9897,10.0,1.0
28313,49,6.5102,1.9698,10.0,1.0
28339,10,4.5,2.1213,9.0,1.0
28347,3,6.3333,3.2146,10.0,4.0
28351,47,7.0851,1.7916,10.0,1.0
28355,1,4.0,0.0,4.0,4.0
28361,1,4.0,0.0,4.0,4.0
28367,1,4.0,0.0,4.0,4.0
28369,1,4.0,0.0,4.0,4.0
28371,1,6.0,0.0,6.0,6.0
28381,1,4.0,0.0,4.0,4.0
28385,21,6.8571,1.4243,10.0,3.0
28387,1210,7.438,1.2476,10.0,1.0
28391,932,7.1964,1.4402,10.0,1.0
28401,2,7.0,1.4142,8.0,6.0
28405,610,7.5557,1.2401,10.0,2.0
28419,3,5.0,1.7321,6.0,3.0
28423,606,7.1172,1.3815,10.0,2.0
28431,97,7.134,1.656,10.0,3.0
28433,9,6.1111,2.421,10.0,2.0
28439,21,5.619,2.8719,10.0,1.0
28447,197,6.4112,1.6063,10.0,1.0
28479,181,7.7514,1.5015,10.0,3.0
28495,52,7.7308,1.1046,10.0,5.0
28497,4815,7.7369,1.2899,10.0,1.0
28511,21,6.9048,1.9976,10.0,3.0
28517,22,6.1818,1.2587,9.0,3.0
28519,24,6.125,1.7273,10.0,2.0
28531,62,6.0323,2.0323,10.0,1.0
28537,153,6.1438,1.6991,10.0,2.0
28539,3,7.6667,0.5774,8.0,7.0
28587,1,7.0,0.0,7.0,7.0
28591,3,4.6667,3.0551,8.0,2.0
28593,52,7.0769,1.6191,10.0,4.0
28603,19,5.7895,1.8433,10.0,4.0
28607,199,7.407,1.453,10.0,3.0
28617,1738,7.3619,1.3928,10.0,1.0
28619,1141,7.0789,1.5979,10.0,1.0
28621,1540,7.5071,1.4015,10.0,1.0
28623,4076,7.5167,1.4371,10.0,1.0
28625,372,7.1317,1.5159,10.0,1.0
28631,3,5.6667,0.5774,6.0,5.0
28637,5,4.2,1.7889,6.0,2.0
28639,5,5.4,1.3416,7.0,4.0
28641,5,3.6,2.0736,6.0,1.0
28645,4,4.25,1.7078,6.0,2.0
28647,4,3.25,1.7078,5.0,1.0
28653,1,4.0,0.0,4.0,4.0
28655,4,5.25,1.2583,7.0,4.0
28657,11,2.6364,1.5667,6.0,1.0
28669,68,7.8824,1.3552,10.0,5.0
28673,1,7.0,0.0,7.0,7.0
28675,1199,8.397,1.255,10.0,2.0
28677,4261,7.9819,1.198,10.0,1.0
28683,83,7.3253,1.3714,10.0,4.0
28685,1,3.0,0.0,3.0,3.0
28687,2,4.5,0.7071,5.0,4.0
28695,4,4.25,1.7078,6.0,2.0
28701,5269,8.5692,1.2359,10.0,1.0
28713,195,6.3385,1.7493,10.0,1.0
28715,10,5.6,1.8974,10.0,4.0
28717,10,4.8,1.7512,7.0,1.0
28723,4,7.0,2.1602,10.0,5.0
28725,911,8.4248,1.2326,10.0,1.0
28735,892,8.7287,1.0108,10.0,5.0
28755,1334,8.1064,1.3823,10.0,1.0
28761,34,5.2647,2.1505,10.0,1.0
28765,3,5.3333,1.5275,7.0,4.0
28771,10,7.8,1.3984,10.0,6.0
28775,9,6.1111,0.928,8.0,5.0
28779,73,7.3288,1.8337,10.0,1.0
28789,35,7.1429,1.5174,10.0,4.0
28791,952,6.542,1.6241,10.0,1.0
28805,1630,8.6276,1.1188,10.0,4.0
28809,3,5.3333,0.5774,6.0,5.0
28811,7,5.8571,1.3452,8.0,4.0
28813,2,7.5,3.5355,10.0,5.0
28815,3,7.3333,2.5166,10.0,5.0
28817,876,7.0548,1.4538,10.0,1.0
28819,2000,6.9475,1.5404,10.0,1.0
28825,2930,7.6676,1.3457,10.0,1.0
28831,2,3.5,2.1213,5.0,2.0
28835,20,6.9,2.1001,10.0,3.0
28841,35,7.3714,1.477,10.0,2.0
28843,8,5.25,1.2817,7.0,3.0
28851,34,9.0294,1.3593,10.0,4.0
28853,17,6.2941,1.4476,9.0,3.0
28859,31,6.6452,1.6441,9.0,2.0
28861,182,6.5714,1.763,10.0,1.0
28869,52,6.9038,1.3025,10.0,4.0
28881,89,8.0112,1.1026,10.0,5.0
28883,501,6.5888,1.5654,10.0,1.0
28891,3311,8.9239,0.9585,10.0,3.0
28897,1,3.0,0.0,3.0,3.0
28907,5481,8.0792,1.1926,10.0,1.0
28911,5,6.2,1.9235,8.0,3.0
28913,5,6.6,2.0736,8.0,3.0
28915,5,6.2,2.49,8.0,2.0
28925,4,6.5,0.5774,7.0,6.0
28927,3698,7.8726,1.3156,10.0,1.0
28929,133,4.188,2.3714,10.0,1.0
28951,2,4.5,0.7071,5.0,4.0
28953,2,7.0,2.8284,9.0,5.0
28955,1,4.0,0.0,4.0,4.0
28957,591,8.7547,1.0459,10.0,4.0
28959,4,6.5,2.6458,10.0,4.0
28961,87,7.2414,2.0458,10.0,1.0
28963,2,5.5,0.7071,6.0,5.0
28977,1188,9.4495,0.9503,10.0,1.0
28979,1150,7.8174,1.3716,10.0,1.0
28981,295,5.0644,1.8679,10.0,1.0
28987,3,5.0,1.0,6.0,4.0
28989,1,5.0,0.0,5.0,5.0
28991,5,6.2,0.4472,7.0,6.0
28993,1,6.0,0.0,6.0,6.0
28999,6306,8.0063,1.5269,10.0,1.0
29017,61,7.0164,1.6881,10.0,2.0
29027,792,7.2058,1.7205,10.0,1.0
29035,87,6.4598,1.634,9.0,1.0
29053,2,4.0,1.4142,5.0,3.0
29067,2203,7.5697,1.2051,10.0,2.0
29083,31,7.0,2.0331,10.0,2.0
29085,24,6.9167,1.7425,10.0,3.0
29089,10,6.5,1.4337,8.0,3.0
29093,2087,8.103,1.2022,10.0,1.0
29095,2555,8.1675,1.276,10.0,1.0
29099,1,6.0,0.0,6.0,6.0
29101,651,7.0138,1.7632,10.0,1.0
29103,1,2.0,0.0,2.0,2.0
29105,2,3.5,0.7071,4.0,3.0
29107,1,3.0,0.0,3.0,3.0
29123,12,6.6667,1.7753,10.0,4.0
29129,96,7.0417,1.5554,10.0,1.0
29133,1,4.0,0.0,4.0,4.0
29141,1,5.0,0.0,5.0,5.0
29153,1,3.0,0.0,3.0,3.0
29163,472,7.3729,1.247,10.0,4.0
29165,24,6.3333,1.7856,10.0,2.0
29173,2,2.5,0.7071,3.0,2.0
29177,1,3.0,0.0,3.0,3.0
29179,1,3.0,0.0,3.0,3.0
29181,2,3.0,0.0,3.0,3.0
29223,104,6.9231,1.4052,10.0,1.0
29231,1,6.0,0.0,6.0,6.0
29255,21,6.381,1.431,9.0,2.0
29261,42,7.1905,1.5498,10.0,1.0
29291,4,6.5,2.0817,9.0,4.0
29293,2,3.0,1.4142,4.0,2.0
29301,84,6.6071,1.2989,9.0,2.0
29311,3,4.3333,0.5774,5.0,4.0
29317,1526,7.1101,1.3626,10.0,1.0
29323,2,9.0,1.4142,10.0,8.0
29325,298,7.5403,1.2309,10.0,3.0
29347,9,5.3333,2.2361,8.0,1.0
29353,1,4.0,0.0,4.0,4.0
29355,1,4.0,0.0,4.0,4.0
29377,1,4.0,0.0,4.0,4.0
29391,3,3.6667,0.5774,4.0,3.0
29393,3,3.3333,1.1547,4.0,2.0
29395,2,2.5,0.7071,3.0,2.0
29397,3,2.3333,0.5774,3.0,2.0
29409,1,6.0,0.0,6.0,6.0
29411,2,4.5,2.1213,6.0,3.0
29413,31,6.2903,1.7358,10.0,2.0
29419,15,6.6,2.1647,10.0,1.0
29429,1,3.0,0.0,3.0,3.0
29437,12,6.9167,2.1933,10.0,2.0
29451,1,3.0,0.0,3.0,3.0
29453,3,5.6667,0.5774,6.0,5.0
29455,1,3.0,0.0,3.0,3.0
29457,2,3.0,0.0,3.0,3.0
29459,2,3.5,0.7071,4.0,3.0
29477,1,4.0,0.0,4.0,4.0
29505,1,3.0,0.0,3.0,3.0
29511,152,6.7368,1.5386,10.0,1.0
29513,231,7.3766,1.2234,10.0,2.0
29515,9,5.7778,1.2019,8.0,4.0
29517,21,6.1905,1.3274,9.0,4.0
29547,1,6.0,0.0,6.0,6.0
29551,3,4.3333,1.1547,5.0,3.0
29555,3,4.0,1.0,5.0,3.0
29557,3,3.6667,1.5275,5.0,2.0
29559,3,3.3333,1.1547,4.0,2.0
29573,26,6.6923,1.8497,9.0,1.0
29575,71,7.831,1.7154,10.0,1.0
29583,142,7.7535,1.4979,10.0,3.0
29585,3,5.3333,2.0817,7.0,3.0
29587,1,6.0,0.0,6.0,6.0
29589,948,7.1962,1.5233,10.0,1.0
29597,2,3.0,1.4142,4.0,2.0
29609,3,3.6667,0.5774,4.0,3.0
29615,5,4.6,1.5166,6.0,3.0
29617,2,1.5,0.7071,2.0,1.0
29619,4,3.75,2.0616,6.0,2.0
29623,3,6.6667,1.5275,8.0,5.0
29629,2,5.0,1.4142,6.0,4.0
29633,2,3.0,1.4142,4.0,2.0
29635,2,4.0,1.4142,5.0,3.0
29637,2,2.5,0.7071,3.0,2.0
29645,2,2.5,2.1213,4.0,1.0
29647,3,3.6667,1.5275,5.0,2.0
29649,2,3.5,2.1213,5.0,2.0
29651,2,3.5,0.7071,4.0,3.0
29653,2,4.0,1.4142,5.0,3.0
29655,2,3.5,2.1213,5.0,2.0
29657,2,2.5,2.1213,4.0,1.0
29661,2,4.0,1.4142,5.0,3.0
29665,2,3.5,2.1213,5.0,2.0
29667,2,3.5,0.7071,4.0,3.0
29669,2,4.0,1.4142,5.0,3.0
29671,2,4.0,1.4142,5.0,3.0
29673,4,5.75,3.5,10.0,2.0
29675,2,4.0,1.4142,5.0,3.0
29677,2,2.5,2.1213,4.0,1.0
29679,2,2.5,2.1213,4.0,1.0
29681,2,3.5,2.1213,5.0,2.0
29697,6,5.8333,1.7224,8.0,3.0
29701,3,3.3333,1.1547,4.0,2.0
29703,12,6.0,1.5374,8.0,2.0
29705,43,6.5814,2.0381,10.0,1.0
29707,8,6.375,1.9226,10.0,4.0
29711,1,3.0,0.0,3.0,3.0
29715,1,5.0,0.0,5.0,5.0
29722,3,8.6667,1.5275,10.0,7.0
29729,1,5.0,0.0,5.0,5.0
29730,31,6.2258,1.9952,10.0,1.0
29731,1,4.0,0.0,4.0,4.0
29739,2,5.5,2.1213,7.0,4.0
29742,1,3.0,0.0,3.0,3.0
29744,1,3.0,0.0,3.0,3.0
29752,1,4.0,0.0,4.0,4.0
29755,76,8.0395,1.28,10.0,5.0
29756,3,7.0,1.0,8.0,6.0
29757,3,5.6667,3.0551,9.0,3.0
29758,1017,6.3353,1.6036,10.0,1.0
29765,2,7.0,0.0,7.0,7.0
29766,2,4.5,3.5355,7.0,2.0
29768,1,2.0,0.0,2.0,2.0
29770,2,5.0,1.4142,6.0,4.0
29771,2,5.5,0.7071,6.0,5.0
29772,5,6.0,1.8708,8.0,3.0
29777,4,4.75,3.5,10.0,3.0
29778,4,6.0,0.8165,7.0,5.0
29780,1,2.0,0.0,2.0,2.0
29782,3,4.6667,0.5774,5.0,4.0
29785,1928,7.2656,1.2348,10.0,2.0
29786,3807,7.6036,1.3409,10.0,1.0
29787,588,8.1395,1.2331,10.0,3.0
29791,1,6.0,0.0,6.0,6.0
29792,3,4.6667,2.0817,7.0,3.0
29793,3,4.6667,1.5275,6.0,3.0
29795,1,7.0,0.0,7.0,7.0
29796,1,7.0,0.0,7.0,7.0
29797,1,7.0,0.0,7.0,7.0
29798,1,7.0,0.0,7.0,7.0
29799,1,7.0,0.0,7.0,7.0
29800,2,4.5,2.1213,6.0,3.0
29801,15,5.6667,1.4475,8.0,3.0
29803,5392,8.1537,1.2546,10.0,1.0
29807,26,6.6538,1.765,9.0,1.0
29808,35,6.9429,1.9088,10.0,1.0
29809,37,7.3784,1.5339,10.0,3.0
29812,2,4.5,0.7071,5.0,4.0
29814,2,3.5,0.7071,4.0,3.0
29820,2,6.0,0.0,6.0,6.0
29821,3,5.6667,1.1547,7.0,5.0
29822,3,6.3333,2.3094,9.0,5.0
29823,5,6.6,1.5166,8.0,5.0
29825,1,6.0,0.0,6.0,6.0
29829,40,7.925,1.1183,10.0,6.0
29830,31,7.9032,1.2208,10.0,6.0
29831,25,8.4,1.2247,10.0,7.0
29833,1,6.0,0.0,6.0,6.0
29834,1,5.0,0.0,5.0,5.0
29837,1,9.0,0.0,9.0,9.0
29846,1,8.0,0.0,8.0,8.0
29850,3,4.0,1.0,5.0,3.0
29852,22,6.4545,2.198,10.0,1.0
29853,18,6.9444,1.1618,9.0,5.0
29854,1477,7.7908,1.2176,10.0,2.0
29855,2,7.0,1.4142,8.0,6.0
29856,1,2.0,0.0,2.0,2.0
29860,2,4.0,1.4142,5.0,3.0
29861,3,4.0,1.7321,6.0,3.0
29862,2,4.5,2.1213,6.0,3.0
29863,1,6.0,0.0,6.0,6.0
29865,14,5.2857,0.7263,7.0,4.0
29867,2,5.0,2.8284,7.0,3.0
29868,16,6.5625,1.8963,10.0,2.0
29870,2,4.5,2.1213,6.0,3.0
29871,2,2.5,0.7071,3.0,2.0
29876,70,6.1429,1.6266,10.0,1.0
29888,2,3.0,0.0,3.0,3.0
29893,89,8.4157,1.2596,10.0,5.0
29895,3,3.3333,1.1547,4.0,2.0
29897,3,4.6667,1.5275,6.0,3.0
29898,2,4.5,0.7071,5.0,4.0
29900,3,3.6667,0.5774,4.0,3.0
29902,1,3.0,0.0,3.0,3.0
29904,2,3.5,2.1213,5.0,2.0
29905,2,3.0,1.4142,4.0,2.0
29906,2,3.0,1.4142,4.0,2.0
29907,2,3.0,1.4142,4.0,2.0
29908,2,3.0,1.4142,4.0,2.0
29915,16,6.9375,1.3401,9.0,4.0
29916,22,6.9545,1.3266,10.0,4.0
29917,2,4.0,1.4142,5.0,3.0
29918,2,3.5,0.7071,4.0,3.0
29919,3,6.3333,3.5119,10.0,3.0
29920,2,4.5,0.7071,5.0,4.0
29921,2,4.5,2.1213,6.0,3.0
29922,2,4.0,0.0,4.0,4.0
29923,2,4.0,1.4142,5.0,3.0
29925,2,4.5,0.7071,5.0,4.0
29926,2,4.5,0.7071,5.0,4.0
29927,10,7.2,2.044,10.0,3.0
29928,2,3.5,0.7071,4.0,3.0
29929,2,4.0,1.4142,5.0,3.0
29932,1,3.0,0.0,3.0,3.0
29933,4,4.0,1.4142,5.0,2.0
29941,138,5.2681,1.6458,9.0,1.0
29943,5,6.0,1.7321,7.0,3.0
29944,2,4.0,1.4142,5.0,3.0
29946,1,5.0,0.0,5.0,5.0
29949,20,3.75,3.5225,10.0,1.0
29952,1,2.0,0.0,2.0,2.0
29954,3,4.3333,3.2146,8.0,2.0
29955,1,3.0,0.0,3.0,3.0
29957,2,2.0,0.0,2.0,2.0
29961,1,3.0,0.0,3.0,3.0
29963,1,3.0,0.0,3.0,3.0
29966,1,3.0,0.0,3.0,3.0
29970,1,4.0,0.0,4.0,4.0
29971,2,3.5,2.1213,5.0,2.0
29972,2,4.0,2.8284,6.0,2.0
29973,4,3.5,1.7321,6.0,2.0
29974,519,6.2389,2.2241,10.0,1.0
29975,39,6.6923,1.3984,9.0,3.0
29976,540,6.9444,1.7036,10.0,1.0
29978,10,4.3,3.4657,10.0,1.0
29979,3,2.6667,2.0817,5.0,1.0
29980,6,4.1667,1.7224,7.0,2.0
29984,2,1.5,0.7071,2.0,1.0
29988,2,2.5,2.1213,4.0,1.0
29989,1,1.0,0.0,1.0,1.0
29995,8,4.875,2.9001,10.0,1.0
29998,47,6.0851,1.8277,10.0,1.0
30010,1,5.0,0.0,5.0,5.0
30012,3,3.6667,0.5774,4.0,3.0
30013,2,5.0,0.0,5.0,5.0
30014,225,7.4222,1.304,10.0,3.0
30015,3469,8.2886,1.0734,10.0,3.0
30018,3,4.3333,1.5275,6.0,3.0
30019,3,4.0,1.0,5.0,3.0
30028,1,6.0,0.0,6.0,6.0
30030,4,8.0,0.8165,9.0,7.0
30039,17,7.6471,1.1147,10.0,6.0
30045,3,3.6667,1.5275,5.0,2.0
30053,2,6.0,2.8284,8.0,4.0
30056,278,6.723,1.3828,10.0,2.0
30058,1,5.0,0.0,5.0,5.0
30059,2,6.0,1.4142,7.0,5.0
30065,1,6.0,0.0,6.0,6.0
30066,2,6.0,1.4142,7.0,5.0
30070,1,6.0,0.0,6.0,6.0
30071,1,7.0,0.0,7.0,7.0
30072,1,7.0,0.0,7.0,7.0
30073,2,5.0,2.8284,7.0,3.0
30074,2,4.5,2.1213,6.0,3.0
30075,2,4.5,2.1213,6.0,3.0
30076,2,5.0,2.8284,7.0,3.0
30077,2,4.5,2.1213,6.0,3.0
30078,1,6.0,0.0,6.0,6.0
30079,2,4.5,2.1213,6.0,3.0
30080,1,3.0,0.0,3.0,3.0
30081,1,5.0,0.0,5.0,5.0
30082,1,3.0,0.0,3.0,3.0
30083,1,4.0,0.0,4.0,4.0
30085,1,3.0,0.0,3.0,3.0
30086,3,4.6667,2.5166,7.0,2.0
30088,6,6.5,1.0488,8.0,5.0
30090,1,3.0,0.0,3.0,3.0
30091,815,6.3055,1.7779,10.0,1.0
30092,2,2.0,0.0,2.0,2.0
30093,2,4.0,1.4142,5.0,3.0
30094,1,3.0,0.0,3.0,3.0
30095,1,7.0,0.0,7.0,7.0
30096,1,7.0,0.0,7.0,7.0
30100,94,6.1064,1.8921,10.0,1.0
30103,4,5.75,1.893,7.0,3.0
30104,1,2.0,0.0,2.0,2.0
30105,3,4.0,2.0,6.0,2.0
30106,2,3.0,0.0,3.0,3.0
30123,2689,7.9877,1.2336,10.0,2.0
30127,901,6.8402,1.3387,10.0,1.0
30128,33,6.9091,1.99,10.0,1.0
30132,17,6.2941,1.2632,9.0,4.0
30133,5,5.8,1.0954,7.0,4.0
30137,349,6.447,1.7765,10.0,1.0
30143,3,6.0,1.0,7.0,5.0
30145,2,7.0,1.4142,8.0,6.0
30155,4,6.5,0.5774,7.0,6.0
30157,1,3.0,0.0,3.0,3.0
30158,1,5.0,0.0,5.0,5.0
30160,4,5.0,3.3665,10.0,3.0
30162,2,3.5,2.1213,5.0,2.0
30163,1,3.0,0.0,3.0,3.0
30164,1,3.0,0.0,3.0,3.0
30165,1,3.0,0.0,3.0,3.0
30166,5,6.4,2.1909,10.0,5.0
30167,1,3.0,0.0,3.0,3.0
30168,38,6.2632,1.6552,10.0,2.0
30169,1,3.0,0.0,3.0,3.0
30173,1,8.0,0.0,8.0,8.0
30178,6,6.6667,1.7512,10.0,5.0
30187,1832,7.5999,1.2893,10.0,2.0
30191,300,7.99,1.195,10.0,5.0
30193,1,7.0,0.0,7.0,7.0
30196,14,6.9286,1.0716,9.0,6.0
30199,1,5.0,0.0,5.0,5.0
30201,1,3.0,0.0,3.0,3.0
30205,1868,7.4384,1.3936,10.0,1.0
30206,809,7.4512,1.2025,10.0,3.0
30217,1,4.0,0.0,4.0,4.0
30218,23,6.8261,1.6963,10.0,3.0
30230,724,8.587,1.1017,10.0,3.0
30234,3,6.3333,2.8868,8.0,3.0
30237,73,6.589,1.5709,10.0,2.0
30240,4530,8.1567,1.3314,10.0,1.0
30241,2,3.5,0.7071,4.0,3.0
30243,58,7.1552,1.8619,10.0,1.0
30246,12,6.4167,1.5643,9.0,4.0
30250,138,6.6377,1.6253,10.0,2.0
30251,67,5.6866,1.5783,10.0,1.0
30262,14,7.0714,1.3848,10.0,5.0
30269,14,6.3571,1.6458,9.0,4.0
30276,11323,8.9397,1.09,10.0,1.0
30279,856,8.0374,1.1979,10.0,3.0
30289,1,10.0,0.0,10.0,10.0
30290,7,8.1429,1.4639,10.0,6.0
30291,8,7.25,1.0351,8.0,6.0
30292,5,7.6,1.1402,9.0,6.0
30296,3572,7.8026,1.3587,10.0,1.0
30300,1021,7.4388,1.5847,10.0,1.0
30307,3647,7.5317,1.4004,10.0,1.0
30309,1,2.0,0.0,2.0,2.0
30311,72,7.8333,1.384,10.0,5.0
30321,542,7.4022,1.4144,10.0,3.0
30324,13,5.4615,2.1454,8.0,1.0
30326,1,1.0,0.0,1.0,1.0
30327,1,3.0,0.0,3.0,3.0
30328,1,1.0,0.0,1.0,1.0
30329,1,1.0,0.0,1.0,1.0
30330,1,2.0,0.0,2.0,2.0
30331,1,2.0,0.0,2.0,2.0
30334,1,3.0,0.0,3.0,3.0
30335,2,2.5,0.7071,3.0,2.0
30336,1,2.0,0.0,2.0,2.0
30337,1,1.0,0.0,1.0,1.0
30339,1,2.0,0.0,2.0,2.0
30340,1,1.0,0.0,1.0,1.0
30344,321,7.5701,1.4818,10.0,1.0
30346,386,8.5363,1.2649,10.0,1.0
30347,761,7.9619,1.2783,10.0,2.0
30355,472,7.1695,1.2922,10.0,3.0
30358,21,6.1429,1.459,9.0,3.0
30363,1491,7.1368,1.5763,10.0,1.0
30364,55,7.8909,1.3564,10.0,5.0
30365,251,6.9562,1.6977,10.0,1.0
30375,275,7.2,1.4847,10.0,3.0
30376,32,6.8438,1.1943,10.0,4.0
30379,166,7.0542,1.4238,10.0,3.0
30381,125,6.744,1.5806,10.0,2.0
30382,86,6.3837,1.6246,10.0,1.0
30383,965,7.3212,1.3234,10.0,1.0
30384,279,6.8029,1.4766,10.0,3.0
30385,580,6.6259,1.7797,10.0,1.0
30390,6,6.3333,1.8619,8.0,4.0
30392,1,3.0,0.0,3.0,3.0
30393,1,3.0,0.0,3.0,3.0
30394,1,2.0,0.0,2.0,2.0
30395,1,1.0,0.0,1.0,1.0
30396,1,2.0,0.0,2.0,2.0
30397,1,3.0,0.0,3.0,3.0
30398,1,2.0,0.0,2.0,2.0
30399,1,3.0,0.0,3.0,3.0
30400,1,3.0,0.0,3.0,3.0
30401,1,3.0,0.0,3.0,3.0
30403,1,2.0,0.0,2.0,2.0
30404,1,3.0,0.0,3.0,3.0
30405,1,2.0,0.0,2.0,2.0
30407,1,3.0,0.0,3.0,3.0
30408,1,3.0,0.0,3.0,3.0
30412,2,6.0,1.4142,7.0,5.0
30413,145,7.869,1.0224,10.0,5.0
30415,180,8.3056,1.2689,10.0,3.0
30418,1,2.0,0.0,2.0,2.0
30419,23,7.1304,1.4864,9.0,2.0
30424,2,3.5,3.5355,6.0,1.0
30425,1,3.0,0.0,3.0,3.0
30427,1,3.0,0.0,3.0,3.0
30428,3,5.6667,1.1547,7.0,5.0
30429,1,3.0,0.0,3.0,3.0
30430,2,3.5,0.7071,4.0,3.0
30431,1,3.0,0.0,3.0,3.0
30433,1,3.0,0.0,3.0,3.0
30435,1,3.0,0.0,3.0,3.0
30437,460,6.75,1.4434,10.0,1.0
30438,8,2.25,1.0351,4.0,1.0
30442,1,3.0,0.0,3.0,3.0
30443,1,3.0,0.0,3.0,3.0
30444,1,3.0,0.0,3.0,3.0
30445,12,5.75,1.5448,8.0,2.0
30446,2,2.5,0.7071,3.0,2.0
30450,1,8.0,0.0,8.0,8.0
30454,14,5.5,2.5344,9.0,1.0
30457,1,4.0,0.0,4.0,4.0
30458,1260,7.8825,1.2712,10.0,2.0
30460,29,6.3103,1.5835,9.0,1.0
30463,2,6.0,0.0,6.0,6.0
30464,106,6.8774,1.9009,10.0,1.0
30473,5,6.2,2.0494,8.0,3.0
30480,1,1.0,0.0,1.0,1.0
30484,4,8.5,1.0,9.0,7.0
30489,3,5.3333,1.5275,7.0,4.0
30499,38,6.3158,1.1649,9.0,4.0
30503,5561,8.4978,1.0636,10.0,2.0
30512,1,5.0,0.0,5.0,5.0
30514,327,7.2232,2.0204,10.0,1.0
30524,333,6.8859,1.3618,10.0,2.0
30531,13,6.8462,2.1926,10.0,4.0
30533,98,7.2347,1.4559,10.0,3.0
30534,1,3.0,0.0,3.0,3.0
30537,1,5.0,0.0,5.0,5.0
30543,21,6.7143,2.101,10.0,1.0
30544,3109,7.2592,1.4719,10.0,1.0
30547,33,7.7273,1.4636,10.0,5.0
30549,126,7.9365,1.1849,10.0,4.0
30559,1,1.0,0.0,1.0,1.0
30567,167,6.8982,1.5035,10.0,1.0
30573,25,7.24,1.6145,10.0,4.0
30576,2,3.0,0.0,3.0,3.0
30583,47,7.1489,1.7443,10.0,2.0
30585,286,6.5245,1.4836,10.0,2.0
30600,57,5.7895,1.7802,10.0,2.0
30602,1,2.0,0.0,2.0,2.0
30614,41,7.2195,1.4579,10.0,3.0
30625,3,6.6667,0.5774,7.0,6.0
30641,34,7.7941,1.274,10.0,6.0
30647,2,6.5,4.9497,10.0,3.0
30648,2,7.5,0.7071,8.0,7.0
30649,7,7.1429,0.8997,8.0,6.0
30651,49,7.0204,1.5206,10.0,2.0
30654,2386,8.6873,1.1258,10.0,1.0
30658,25,6.16,1.8184,9.0,1.0
30659,3,3.3333,1.5275,5.0,2.0
30663,2,3.5,0.7071,4.0,3.0
30664,1,1.0,0.0,1.0,1.0
30665,1,1.0,0.0,1.0,1.0
30666,1,1.0,0.0,1.0,1.0
30667,1,2.0,0.0,2.0,2.0
30668,2,2.5,2.1213,4.0,1.0
30669,1,1.0,0.0,1.0,1.0
30679,27,6.8148,1.6879,10.0,2.0
30686,22,6.5909,2.0853,10.0,2.0
30702,35,7.4571,1.5595,10.0,4.0
30704,1,3.0,0.0,3.0,3.0
30705,339,5.3392,2.0698,10.0,1.0
30709,273,8.6777,1.2361,10.0,4.0
30711,368,7.4375,1.5277,10.0,2.0
30714,322,7.2143,1.4578,10.0,2.0
30721,333,6.7568,1.368,10.0,1.0
30738,1,4.0,0.0,4.0,4.0
30739,31,5.1935,1.7967,8.0,1.0
30740,726,7.5441,1.2983,10.0,2.0
30741,21,7.0476,1.4992,10.0,4.0
30743,1,10.0,0.0,10.0,10.0
30745,121,7.686,1.5002,10.0,4.0
30746,175,6.24,1.8066,10.0,1.0
30749,1373,6.8806,1.5401,10.0,1.0
30751,5,7.4,1.5166,9.0,5.0
30757,9,7.0,1.8708,10.0,5.0
30760,1,5.0,0.0,5.0,5.0
30763,2,5.5,0.7071,6.0,5.0
30764,1,5.0,0.0,5.0,5.0
30765,1,5.0,0.0,5.0,5.0
30766,1,4.0,0.0,4.0,4.0
30771,15,7.4,1.2984,9.0,5.0
30777,1,4.0,0.0,4.0,4.0
30781,1,4.0,0.0,4.0,4.0
30782,667,5.6477,1.8511,10.0,1.0
30790,46,7.5217,1.2778,10.0,5.0
30795,380,6.7789,1.3758,10.0,1.0
30806,709,7.0705,1.4014,10.0,1.0
30812,44,7.0682,1.7705,10.0,3.0
30813,7,6.2857,1.1127,8.0,5.0
30814,1,1.0,0.0,1.0,1.0
30817,17,5.2941,2.2573,9.0,2.0
30825,69,7.5942,1.3429,10.0,5.0
30826,24,6.2083,1.5874,10.0,4.0
30829,36,6.8611,1.9295,10.0,1.0
30831,4530,8.0406,1.1689,10.0,1.0
30840,3,4.0,3.0,7.0,1.0
30842,4,6.0,1.4142,7.0,4.0
30845,11,7.4545,1.0357,10.0,6.0
30850,11,6.0909,1.7581,9.0,4.0
30851,2,8.5,0.7071,9.0,8.0
30859,3,3.3333,2.0817,5.0,1.0
30860,6,1.0,0.0,1.0,1.0
30862,2,6.5,0.7071,7.0,6.0
30864,2,6.5,3.5355,9.0,4.0
30865,5,5.8,1.6432,7.0,3.0
30868,292,7.9692,1.1587,10.0,3.0
30869,18,7.1667,1.0981,9.0,5.0
30870,5,7.6,1.1402,9.0,6.0
30873,2,5.5,0.7071,6.0,5.0
30885,653,8.1118,1.1793,10.0,4.0
30886,2,6.5,4.9497,10.0,3.0
30895,555,6.8468,1.3819,10.0,1.0
30896,14,7.3571,1.5495,10.0,5.0
30898,22,6.7727,2.1142,10.0,1.0
30901,868,7.5691,1.3998,10.0,3.0
30902,409,7.8289,1.2086,10.0,3.0
30903,8,6.5,1.6036,9.0,4.0
30905,1,6.0,0.0,6.0,6.0
30907,3,6.0,2.6458,8.0,3.0
30909,2,5.0,4.2426,8.0,2.0
30911,1111,7.7219,1.1935,10.0,1.0
30912,21,6.6667,0.9661,10.0,5.0
30913,2,9.0,0.0,9.0,9.0
30915,376,6.9654,1.4072,10.0,1.0
30916,4,6.0,1.1547,7.0,5.0
30919,92,6.9457,1.3857,10.0,3.0
30920,4,6.5,1.291,8.0,5.0
30921,3,7.3333,2.0817,9.0,5.0
30922,14,6.6429,1.5495,10.0,4.0
30923,2,6.0,1.4142,7.0,5.0
30925,452,7.2168,1.2429,10.0,1.0
30939,1,9.0,0.0,9.0,9.0
30947,22,5.3636,1.3644,8.0,1.0
30948,268,5.709,1.7981,10.0,1.0
30952,33,7.7879,1.2439,10.0,5.0
30953,14,6.4286,1.5046,10.0,5.0
30955,2,4.5,2.1213,6.0,3.0
30967,2,6.5,0.7071,7.0,6.0
30973,1,5.0,0.0,5.0,5.0
30981,1,7.0,0.0,7.0,7.0
30988,67,7.4179,1.2571,10.0,4.0
30991,404,7.5767,1.3053,10.0,2.0
31014,8,4.5,1.7728,7.0,2.0
31018,17,6.0588,1.029,8.0,4.0
31035,2,6.0,0.0,6.0,6.0
31043,7991,8.745,1.1913,10.0,1.0
31048,4,6.0,2.1602,8.0,3.0
31050,57,6.9298,1.425,10.0,4.0
31051,421,8.4299,1.2623,10.0,4.0
31055,1,7.0,0.0,7.0,7.0
31056,142,7.169,1.5064,10.0,4.0
31064,19,6.0,1.633,9.0,3.0
31065,19,5.9474,1.0788,9.0,4.0
31068,2,7.5,2.1213,9.0,6.0
31070,85,6.7882,1.4483,10.0,3.0
31071,1,3.0,0.0,3.0,3.0
31072,6,5.3333,1.633,7.0,3.0
31073,6,5.1667,1.472,7.0,3.0
31080,427,7.3817,1.3169,10.0,3.0
31091,561,6.4314,1.4938,10.0,1.0
31096,193,6.8549,1.2499,10.0,4.0
31098,867,8.2353,1.1879,10.0,3.0
31101,20,6.6,0.9947,8.0,5.0
31102,3,5.0,2.0,7.0,3.0
31105,15,7.0667,1.2799,10.0,6.0
31107,4,5.75,0.5,6.0,5.0
31108,15,5.0,1.4639,7.0,1.0
31109,238,6.1429,1.9413,10.0,1.0
31111,2,8.0,2.8284,10.0,6.0
31113,18,6.7778,1.5168,9.0,5.0
31115,26,5.5385,2.2312,10.0,1.0
31116,1,4.0,0.0,4.0,4.0
31117,47,6.9787,1.8117,10.0,1.0
31118,35,6.6,1.9281,10.0,1.0
31121,186,6.8441,1.5605,10.0,3.0
31128,164,6.4695,1.4117,10.0,1.0
31133,15,6.7333,2.0862,10.0,3.0
31137,13,5.6923,1.3156,8.0,3.0
31138,623,7.2568,1.3872,10.0,3.0
31139,97,5.1237,1.7456,10.0,1.0
31143,398,6.1106,1.5543,10.0,1.0
31144,42,6.881,1.7419,10.0,3.0
31145,28,7.0357,1.8951,10.0,3.0
31147,561,7.1907,1.4209,10.0,2.0
31149,144,8.2361,1.5236,10.0,2.0
31156,116,6.5776,1.5668,10.0,1.0
31158,17,6.9412,1.2976,9.0,4.0
31163,2282,7.521,1.2684,10.0,2.0
31165,13,6.4615,2.0255,10.0,5.0
31168,35,6.4571,1.6688,10.0,2.0
31170,1,5.0,0.0,5.0,5.0
31173,1386,8.1414,1.1177,10.0,4.0
31174,637,8.4411,1.2394,10.0,1.0
31177,1,4.0,0.0,4.0,4.0
31181,1886,8.4698,1.0773,10.0,2.0
31189,37,7.4054,1.9925,10.0,1.0
31196,43,7.1395,1.1869,10.0,5.0
31201,1,7.0,0.0,7.0,7.0
31211,1,10.0,0.0,10.0,10.0
31221,130,6.4077,1.4558,10.0,2.0
31223,500,6.656,1.5883,10.0,1.0
31227,63,7.3968,1.1851,10.0,5.0
31229,566,7.1042,1.5033,10.0,1.0
31231,15,7.2,1.4243,10.0,5.0
31233,13,7.6923,1.4367,10.0,6.0
31234,214,6.9439,1.4653,10.0,1.0
31236,1,7.0,0.0,7.0,7.0
31237,1,5.0,0.0,5.0,5.0
31238,1,8.0,0.0,8.0,8.0
31240,5257,8.7006,1.2663,10.0,1.0
31244,2,6.0,4.2426,9.0,3.0
31245,373,7.504,1.4399,10.0,2.0
31251,1005,7.997,1.2013,10.0,2.0
31252,5,6.4,1.6733,9.0,5.0
31257,1,2.0,0.0,2.0,2.0
31263,1,5.0,0.0,5.0,5.0
31280,74,7.5405,1.5367,10.0,4.0
31283,108,5.6852,1.9221,10.0,1.0
31289,362,7.8867,1.3968,10.0,3.0
31297,879,7.7167,1.295,10.0,1.0
31298,33,7.5758,1.3236,10.0,5.0
31299,1,7.0,0.0,7.0,7.0
31300,10,5.3,1.7029,8.0,2.0
31302,2,2.5,0.7071,3.0,2.0
31309,3,5.3333,2.5166,8.0,3.0
31310,3,6.0,1.7321,7.0,4.0
31318,958,6.3841,1.6542,10.0,1.0
31319,2,6.5,0.7071,7.0,6.0
31324,309,7.5016,1.6819,10.0,1.0
31326,260,7.4385,1.7108,10.0,2.0
31331,16,5.75,2.2361,10.0,2.0
31338,1242,6.6409,1.5376,10.0,1.0
31344,24,6.8333,1.711,10.0,4.0
31368,287,7.1463,1.6321,10.0,1.0
31370,85,7.3529,1.4615,10.0,3.0
31374,733,7.0996,1.4361,10.0,1.0
31376,1336,7.7575,1.242,10.0,1.0
31377,4,5.25,0.5,6.0,5.0
31378,186,7.1129,1.3962,10.0,2.0
31380,18,8.0556,2.0138,10.0,3.0
31387,27,6.7037,1.3816,9.0,4.0
31389,630,7.5159,1.3785,10.0,1.0
31397,13,6.6154,2.1809,10.0,2.0
31400,26,6.9231,1.3542,10.0,4.0
31401,18,7.1667,1.7573,10.0,4.0
31403,16,6.25,1.3904,10.0,4.0
31404,2113,7.2229,1.3613,10.0,1.0
31405,1204,7.4145,1.283,10.0,3.0
31414,710,7.6563,1.2042,10.0,4.0
31417,123,7.2439,1.5276,10.0,3.0
31418,1,6.0,0.0,6.0,6.0
31424,3,8.0,2.0,10.0,6.0
31426,11,4.8182,0.8739,6.0,3.0
31430,640,7.1766,1.4881,10.0,2.0
31439,243,5.5514,1.6008,10.0,1.0
31440,129,6.8915,1.3302,10.0,3.0
31442,2462,7.251,1.4115,10.0,1.0
31448,31,6.5161,1.5247,10.0,4.0
31450,4,5.25,2.7538,8.0,2.0
31452,335,6.7403,1.6455,10.0,1.0
31454,4,7.25,0.9574,8.0,6.0
31464,1,3.0,0.0,3.0,3.0
31465,2,3.5,0.7071,4.0,3.0
31467,2,5.0,0.0,5.0,5.0
31478,2380,7.7929,1.1826,10.0,1.0
31483,374,7.7326,1.2397,10.0,3.0
31486,1,8.0,0.0,8.0,8.0
31490,77,8.4545,1.2623,10.0,5.0
31491,35,5.9429,1.7813,9.0,2.0
31493,1,5.0,0.0,5.0,5.0
31494,2,5.0,0.0,5.0,5.0
31498,260,5.7577,1.6366,10.0,1.0
31499,17,7.8235,1.4246,10.0,5.0
31500,557,7.4399,1.3619,10.0,3.0
31501,3,2.3333,1.1547,3.0,1.0
31505,1,7.0,0.0,7.0,7.0
31506,2,3.5,2.1213,5.0,2.0
31507,3,4.3333,1.1547,5.0,3.0
31510,1,4.0,0.0,4.0,4.0
31511,1,4.0,0.0,4.0,4.0
31512,1,5.0,0.0,5.0,5.0
31513,3,3.6667,1.1547,5.0,3.0
31517,1,7.0,0.0,7.0,7.0
31518,21,6.9048,1.9724,10.0,2.0
31519,218,6.1697,1.7995,10.0,1.0
31521,56,6.9643,1.2499,10.0,4.0
31530,9,7.2222,1.5635,10.0,5.0
31540,448,6.7254,1.3977,10.0,2.0
31549,20,5.95,1.5035,8.0,3.0
31551,4,5.5,1.291,7.0,4.0
31552,174,7.6379,1.2681,10.0,3.0
31553,728,7.6236,1.2948,10.0,2.0
31559,1079,7.2141,1.4969,10.0,1.0
31560,174,6.9713,1.5597,10.0,2.0
31561,286,6.6538,1.4077,10.0,2.0
31564,333,7.4114,1.2972,10.0,1.0
31566,11,6.9091,1.5783,10.0,4.0
31568,3,6.3333,3.2146,10.0,4.0
31573,29,6.931,1.7511,10.0,2.0
31575,1,5.0,0.0,5.0,5.0
31578,90,5.0,1.8175,10.0,1.0
31580,2293,7.8783,1.1773,10.0,1.0
31581,2,7.0,2.8284,9.0,5.0
31586,7,2.0,1.1547,4.0,1.0
31587,1,2.0,0.0,2.0,2.0
31592,99,8.1212,1.1717,10.0,6.0
31593,11,6.5455,0.5222,7.0,6.0
31598,89,6.7865,1.6684,10.0,2.0
31608,32,6.7188,1.3255,10.0,3.0
31610,167,7.4551,1.3112,10.0,5.0
31617,2,7.5,0.7071,8.0,7.0
31618,3,5.6667,1.5275,7.0,4.0
31621,548,6.7993,1.3095,10.0,3.0
31624,3,3.6667,1.1547,5.0,3.0
31630,361,6.9307,1.4975,10.0,2.0
31633,84,5.2619,1.8177,10.0,1.0
31634,11,2.9091,2.6629,10.0,1.0
31636,2015,7.0248,1.2547,10.0,2.0
31637,3591,8.0604,1.2107,10.0,1.0
31638,3,5.3333,2.0817,7.0,3.0
31639,1,5.0,0.0,5.0,5.0
31641,2,3.5,0.7071,4.0,3.0
31643,1,5.0,0.0,5.0,5.0
31644,2,3.5,0.7071,4.0,3.0
31645,236,7.589,1.3917,10.0,2.0
31647,1,2.0,0.0,2.0,2.0
31652,24,6.5,2.2842,10.0,3.0
31662,1,4.0,0.0,4.0,4.0
31665,425,7.68,1.0908,10.0,3.0
31668,6,7.1667,1.6021,10.0,6.0
31669,4,6.5,0.5774,7.0,6.0
31670,25,6.92,1.4697,10.0,4.0
31675,29,6.5862,1.5702,10.0,4.0
31676,10,5.4,1.1738,8.0,4.0
31680,516,7.5736,1.6264,10.0,1.0
31683,257,6.642,1.385,10.0,2.0
31685,5,2.6,1.1402,4.0,1.0
31686,7,4.2857,3.6839,10.0,1.0
31687,6,3.0,2.1909,7.0,1.0
31688,4,1.25,0.5,2.0,1.0
31689,4,2.25,0.5,3.0,2.0
31695,3,3.3333,1.5275,5.0,2.0
31697,1,2.0,0.0,2.0,2.0
31699,1,6.0,0.0,6.0,6.0
31704,2301,7.8905,1.2657,10.0,2.0
31706,497,7.6861,1.2975,10.0,1.0
31710,878,6.0797,1.7469,10.0,1.0
31711,428,7.9533,1.4266,10.0,1.0
31715,882,8.3435,1.068,10.0,5.0
31716,750,6.692,1.6768,10.0,1.0
31722,761,7.5191,1.202,10.0,4.0
31730,1,7.0,0.0,7.0,7.0
31733,329,7.8602,1.392,10.0,2.0
31736,42,6.7857,1.894,10.0,2.0
31737,1683,7.3286,1.3309,10.0,1.0
31738,7,6.4286,1.7182,9.0,4.0
31740,27,6.5926,1.5507,10.0,3.0
31741,1048,8.2996,1.0952,10.0,4.0
31747,3,5.3333,4.1633,10.0,2.0
31750,3,6.0,0.0,6.0,6.0
31754,290,7.6862,1.2867,10.0,5.0
31756,217,6.871,1.3375,10.0,2.0
31757,57,8.8596,0.9342,10.0,6.0
31759,4,3.0,1.8257,5.0,1.0
31760,4,5.25,0.9574,6.0,4.0
31761,5,3.0,2.0,6.0,1.0
31762,15,7.0,2.5355,10.0,1.0
31763,71,7.4507,1.2738,10.0,3.0
31764,1349,8.0015,1.0949,10.0,1.0
31769,2,5.0,2.8284,7.0,3.0
31771,418,7.6388,1.2793,10.0,4.0
31772,961,7.8033,1.239,10.0,4.0
31777,3,4.6667,0.5774,5.0,4.0
31780,54,7.2778,1.5347,10.0,3.0
31790,390,6.3077,1.4404,10.0,2.0
31793,241,6.1369,1.3455,10.0,2.0
31797,29,6.5517,1.3519,10.0,4.0
31798,2884,7.7611,1.3101,10.0,1.0
31804,586,6.6928,1.4575,10.0,1.0
31815,190,7.1211,1.5537,10.0,1.0
31821,1054,7.7306,1.0997,10.0,3.0
31827,5,5.6,1.1402,7.0,4.0
31829,1,6.0,0.0,6.0,6.0
31830,3,4.3333,0.5774,5.0,4.0
31831,5,2.6,1.1402,4.0,1.0
31832,4,2.0,0.8165,3.0,1.0
31833,4,2.5,0.5774,3.0,2.0
31834,4,2.75,1.2583,4.0,1.0
31845,551,6.5227,1.7064,10.0,1.0
31846,11,6.1818,2.0405,10.0,3.0
31848,749,6.9172,1.3617,10.0,1.0
31851,6,6.6667,0.8165,8.0,6.0
31859,3812,8.0021,1.251,10.0,1.0
31865,52,5.8269,1.6887,9.0,1.0
31866,2,7.0,2.8284,9.0,5.0
31867,113,6.5929,1.3669,10.0,3.0
31873,2,5.5,2.1213,7.0,4.0
31874,1,5.0,0.0,5.0,5.0
31880,5,5.8,1.3038,8.0,5.0
31885,12,7.0833,1.0836,9.0,6.0
31890,88,6.25,1.6206,10.0,1.0
31894,10,5.9,0.9944,7.0,4.0
31904,1160,6.0474,1.9064,10.0,1.0
31908,1,3.0,0.0,3.0,3.0
31909,107,7.0935,1.2173,10.0,4.0
31911,4,6.0,0.8165,7.0,5.0
31912,2,4.5,0.7071,5.0,4.0
31914,795,6.5761,1.4372,10.0,1.0
31918,62,7.2419,1.339,10.0,3.0
31919,4,7.5,1.9149,9.0,5.0
31923,6,7.0,1.2649,8.0,5.0
31925,2,4.5,0.7071,5.0,4.0
31927,39,6.5385,1.1203,9.0,4.0
31930,12,7.0,1.7056,10.0,5.0
31952,854,7.5714,1.1185,10.0,3.0
31953,1303,7.8741,1.1451,10.0,2.0
31964,4975,8.4308,1.101,10.0,1.0
31966,1,8.0,0.0,8.0,8.0
31967,1,8.0,0.0,8.0,8.0
31972,1,9.0,0.0,9.0,9.0
31973,244,8.0902,1.1,10.0,3.0
31977,1,3.0,0.0,3.0,3.0
31978,1,8.0,0.0,8.0,8.0
31980,346,6.9624,1.6228,10.0,1.0
31989,58,7.8276,1.2724,10.0,5.0
31994,239,6.4979,1.5848,10.0,1.0
31995,29,6.8966,1.7997,10.0,1.0
31997,18,7.5556,1.6169,10.0,4.0
32005,66,8.3939,1.402,10.0,5.0
32010,2,8.0,1.4142,9.0,7.0
32011,18,7.3889,1.3779,10.0,4.0
32013,899,7.307,1.3118,10.0,1.0
32023,535,6.714,1.4696,10.0,2.0
32026,85,7.6824,1.2744,10.0,4.0
32030,8,7.125,1.6421,9.0,4.0
32031,6,6.3333,2.1602,9.0,3.0
32034,2,8.5,0.7071,9.0,8.0
32039,75,6.4267,1.3067,9.0,4.0
32041,3,6.3333,1.5275,8.0,5.0
32051,264,7.4508,1.4267,10.0,1.0
32059,1,7.0,0.0,7.0,7.0
32065,8,5.375,1.0607,7.0,4.0
32071,2,6.5,0.7071,7.0,6.0
32083,639,6.4961,1.462,10.0,1.0
32084,7,7.0,1.4142,9.0,5.0
32087,2,7.5,2.1213,9.0,6.0
32088,2,7.5,2.1213,9.0,6.0
32092,1,3.0,0.0,3.0,3.0
32093,1392,8.0841,1.0981,10.0,3.0
32094,391,7.3376,1.3695,10.0,3.0
32108,785,7.9006,1.3741,10.0,1.0
32122,165,8.303,1.1552,10.0,6.0
32139,4,5.25,2.2174,7.0,2.0
32142,1,4.0,0.0,4.0,4.0
32143,1,2.0,0.0,2.0,2.0
32145,1,6.0,0.0,6.0,6.0
32146,1,6.0,0.0,6.0,6.0
32147,1,4.0,0.0,4.0,4.0
32148,1,6.0,0.0,6.0,6.0
32149,1,7.0,0.0,7.0,7.0
32151,20,7.1,1.3338,10.0,5.0
32153,55,7.0909,1.4308,10.0,4.0
32160,13,7.3077,2.213,10.0,2.0
32167,1,3.0,0.0,3.0,3.0
32171,123,6.5122,1.7896,10.0,1.0
32174,43,7.5814,1.0518,10.0,5.0
32175,374,7.5535,1.2059,10.0,3.0
32182,2964,8.6107,0.9816,10.0,2.0
32188,623,8.4141,1.2143,10.0,4.0
32189,917,7.8713,1.4099,10.0,1.0
32190,46,6.6087,1.3077,10.0,4.0
32191,15,6.0,1.6475,10.0,3.0
32202,5,4.8,1.3038,6.0,3.0
32214,300,6.8433,1.4626,10.0,2.0
32215,328,7.7134,1.4684,10.0,2.0
32227,1,3.0,0.0,3.0,3.0
32228,112,6.8482,1.3899,10.0,2.0
32233,1,4.0,0.0,4.0,4.0
32237,1,1.0,0.0,1.0,1.0
32240,15,7.3333,1.9518,10.0,4.0
32245,417,7.4892,1.2328,10.0,2.0
32251,1,5.0,0.0,5.0,5.0
32256,1,4.0,0.0,4.0,4.0
32264,7,6.4286,2.0702,10.0,4.0
32267,32,6.8125,1.8393,10.0,2.0
32268,657,7.7976,1.2211,10.0,2.0
32269,1,1.0,0.0,1.0,1.0
32274,10,6.8,1.9889,10.0,4.0
32281,1961,9.4263,0.8834,10.0,2.0
32282,2969,8.5025,1.0615,10.0,2.0
32287,40,6.525,1.908,9.0,1.0
32288,4,4.5,1.0,5.0,3.0
32289,2,4.5,0.7071,5.0,4.0
32291,1,2.0,0.0,2.0,2.0
32293,2,3.0,2.8284,5.0,1.0
32294,4,3.75,4.272,10.0,1.0
32295,1,2.0,0.0,2.0,2.0
32296,3,4.6667,2.0817,7.0,3.0
32298,2,3.5,0.7071,4.0,3.0
32301,135,6.6741,1.5054,10.0,2.0
32309,115,6.6696,1.491,10.0,3.0
32311,16,7.0,1.4142,10.0,5.0
32313,271,7.3247,1.4213,10.0,1.0
32321,3,7.6667,2.0817,10.0,6.0
32323,134,7.4328,1.4166,10.0,4.0
32324,2,4.0,1.4142,5.0,3.0
32338,5,5.8,1.9235,8.0,3.0
32343,3,6.6667,1.5275,8.0,5.0
32344,1,3.0,0.0,3.0,3.0
32346,2,5.0,0.0,5.0,5.0
32349,3,5.6667,2.0817,8.0,4.0
32359,10,7.0,1.4907,10.0,5.0
32360,623,6.809,1.4075,10.0,1.0
32365,277,7.6173,1.4186,10.0,3.0
32366,71,8.6338,1.1981,10.0,4.0
32370,826,8.0799,1.2401,10.0,2.0
32376,17,6.9412,1.029,9.0,5.0
32377,1,5.0,0.0,5.0,5.0
32379,1152,7.1207,1.6716,10.0,1.0
32380,959,7.8311,1.3126,10.0,1.0
32382,7,5.4286,1.5119,7.0,3.0
32383,14,5.7857,2.0448,8.0,2.0
32384,2,4.0,1.4142,5.0,3.0
32385,3,7.0,0.0,7.0,7.0
32388,2,2.5,0.7071,3.0,2.0
32400,2,6.5,4.9497,10.0,3.0
32408,1,4.0,0.0,4.0,4.0
32409,15,7.5333,1.4573,10.0,5.0
32412,3,6.0,1.7321,8.0,5.0
32415,20,7.65,1.6311,10.0,4.0
32422,2,9.0,1.4142,10.0,8.0
32423,15,6.3333,1.8772,9.0,1.0
32430,1,3.0,0.0,3.0,3.0
32438,1696,6.0448,1.7462,10.0,1.0
32446,5,5.6,1.1402,7.0,4.0
32454,94,5.9894,1.348,10.0,2.0
32461,4,6.25,0.5,7.0,6.0
32467,22,4.7273,1.5176,7.0,1.0
32468,23,7.1304,1.8661,10.0,4.0
32481,11,5.3636,1.206,7.0,3.0
32483,248,7.0121,1.4826,10.0,1.0
32484,18,6.0556,2.3382,10.0,2.0
32485,658,7.8222,1.3069,10.0,2.0
32491,694,7.8256,1.3462,10.0,2.0
32502,6,6.0,2.6077,10.0,2.0
32503,2,6.0,1.4142,7.0,5.0
32511,7,6.7143,0.9512,8.0,6.0
32521,2,7.0,2.8284,9.0,5.0
32526,601,7.6872,1.3597,10.0,1.0
32534,2,7.5,0.7071,8.0,7.0
32542,2211,7.7549,1.227,10.0,3.0
32543,5,8.2,1.3038,10.0,7.0
32547,126,7.7381,1.1184,10.0,5.0
32548,5,6.2,0.8367,7.0,5.0
32551,445,8.2067,1.3664,10.0,1.0
32553,212,7.1934,1.6013,10.0,1.0
32561,431,6.7494,1.5826,10.0,1.0
32563,2,7.0,4.2426,10.0,4.0
32564,4,6.0,2.9439,10.0,3.0
32566,207,7.6812,1.3383,10.0,2.0
32574,96,7.5625,1.2381,10.0,5.0
32581,1,4.0,0.0,4.0,4.0
32588,4,4.75,0.9574,6.0,4.0
32595,468,6.0812,1.692,10.0,1.0
32600,4,6.75,1.5,9.0,6.0
32601,112,6.9732,1.4793,10.0,3.0
32606,142,5.7324,1.7782,10.0,2.0
32608,137,6.3212,1.7104,10.0,1.0
32618,1,2.0,0.0,2.0,2.0
32620,36,7.0833,1.4614,10.0,3.0
32623,1,3.0,0.0,3.0,3.0
32625,11,6.7273,1.4206,9.0,5.0
32626,1,3.0,0.0,3.0,3.0
32634,28,7.1429,1.3254,9.0,4.0
32636,1,3.0,0.0,3.0,3.0
32642,1,3.0,0.0,3.0,3.0
32648,814,7.5221,1.309,10.0,3.0
32664,213,6.9484,1.7915,10.0,1.0
32667,38,7.0,1.4142,10.0,3.0
32668,604,7.8444,1.3453,10.0,2.0
32681,799,7.8511,1.3003,10.0,3.0
32682,201,6.7264,1.3747,10.0,1.0
32684,7,6.4286,0.7868,8.0,6.0
32693,1,4.0,0.0,4.0,4.0
32695,2,4.0,0.0,4.0,4.0
32696,530,7.5604,1.265,10.0,4.0
32697,67,5.6418,1.7294,10.0,2.0
32699,4,4.25,0.5,5.0,4.0
32700,24,6.7917,1.744,10.0,4.0
32728,2,6.0,1.4142,7.0,5.0
32729,1802,7.8418,1.3832,10.0,1.0
32730,26,6.2308,1.8827,10.0,3.0
32732,1,4.0,0.0,4.0,4.0
32733,1,5.0,0.0,5.0,5.0
32734,1,5.0,0.0,5.0,5.0
32735,10,4.9,1.792,8.0,1.0
32736,1,4.0,0.0,4.0,4.0
32739,10,5.4,2.1705,10.0,3.0
32740,126,7.4841,1.2181,10.0,5.0
32741,9,7.5556,1.3333,10.0,6.0
32745,1,3.0,0.0,3.0,3.0
32747,1,3.0,0.0,3.0,3.0
32748,1,3.0,0.0,3.0,3.0
32749,3,4.3333,0.5774,5.0,4.0
32750,1,4.0,0.0,4.0,4.0
32751,3,7.3333,1.5275,9.0,6.0
32755,1,4.0,0.0,4.0,4.0
32756,1,3.0,0.0,3.0,3.0
32757,1,4.0,0.0,4.0,4.0
32758,1,3.0,0.0,3.0,3.0
32759,1,4.0,0.0,4.0,4.0
32761,1,4.0,0.0,4.0,4.0
32763,1,3.0,0.0,3.0,3.0
32764,1,3.0,0.0,3.0,3.0
32765,3,4.3333,1.5275,6.0,3.0
32767,2,3.5,0.7071,4.0,3.0
32768,1,2.0,0.0,2.0,2.0
32775,1,3.0,0.0,3.0,3.0
32776,1,3.0,0.0,3.0,3.0
32777,1,2.0,0.0,2.0,2.0
32778,1,2.0,0.0,2.0,2.0
32779,1,2.0,0.0,2.0,2.0
32781,1,3.0,0.0,3.0,3.0
32783,1,4.0,0.0,4.0,4.0
32784,1,3.0,0.0,3.0,3.0
32788,1,6.0,0.0,6.0,6.0
32789,1,3.0,0.0,3.0,3.0
32790,1,3.0,0.0,3.0,3.0
32792,92,7.9891,1.1813,10.0,6.0
32800,1,2.0,0.0,2.0,2.0
32801,36,7.5,1.2984,10.0,5.0
32802,26,6.9615,1.28,10.0,4.0
32803,1,3.0,0.0,3.0,3.0
32804,1,5.0,0.0,5.0,5.0
32811,1,6.0,0.0,6.0,6.0
32812,1,3.0,0.0,3.0,3.0
32813,3,4.3333,1.1547,5.0,3.0
32816,4,6.5,0.5774,7.0,6.0
32826,2,6.0,0.0,6.0,6.0
32828,1200,7.7158,1.1245,10.0,3.0
32831,2,4.5,0.7071,5.0,4.0
32844,1,3.0,0.0,3.0,3.0
32845,1,3.0,0.0,3.0,3.0
32850,1,3.0,0.0,3.0,3.0
32851,1,3.0,0.0,3.0,3.0
32852,1,3.0,0.0,3.0,3.0
32853,1,3.0,0.0,3.0,3.0
32854,2,5.5,0.7071,6.0,5.0
32855,1,3.0,0.0,3.0,3.0
32856,1,3.0,0.0,3.0,3.0
32858,1,4.0,0.0,4.0,4.0
32859,1,2.0,0.0,2.0,2.0
32861,1,3.0,0.0,3.0,3.0
32863,14,7.9286,0.9972,10.0,7.0
32868,1,3.0,0.0,3.0,3.0
32869,60,8.0333,1.1345,10.0,6.0
32870,5,7.6,0.8944,9.0,7.0
32871,3,7.6667,0.5774,8.0,7.0
32875,3,6.3333,3.0551,9.0,3.0
32879,37,5.9189,1.5344,10.0,2.0
32886,5,5.0,1.5811,7.0,3.0
32889,1,5.0,0.0,5.0,5.0
32890,1,5.0,0.0,5.0,5.0
32894,6,4.5,3.6194,10.0,1.0
32898,3,6.0,1.0,7.0,5.0
32904,1,3.0,0.0,3.0,3.0
32906,51,4.7255,1.8876,8.0,1.0
32915,120,7.675,1.1089,10.0,5.0
32933,1,4.0,0.0,4.0,4.0
32934,8,5.625,0.9161,7.0,4.0
32935,1038,9.1715,0.9559,10.0,5.0
32943,1,6.0,0.0,6.0,6.0
32946,24,7.1667,1.274,10.0,4.0
32947,283,5.9823,1.4646,10.0,1.0
32950,35,6.2286,1.477,8.0,2.0
32953,34,7.5588,1.58,10.0,3.0
32954,57,5.7719,1.2395,9.0,2.0
32959,19,6.6842,2.0562,10.0,2.0
32961,45,6.4444,1.6591,10.0,3.0
32982,4,7.25,0.5,8.0,7.0
32993,39,6.7436,1.4275,10.0,2.0
32997,29,6.8966,1.4963,10.0,4.0
32998,1541,7.9935,1.131,10.0,3.0
33004,95,7.2947,1.2366,10.0,5.0
33011,19,6.2632,1.1945,8.0,4.0
33021,80,4.725,2.2331,10.0,1.0
33024,38,6.5263,0.9512,9.0,4.0
33028,857,7.9813,1.3933,10.0,1.0
33032,193,8.1969,1.1146,10.0,5.0
33033,1,7.0,0.0,7.0,7.0
33034,2,7.0,1.4142,8.0,6.0
33037,73,6.9041,2.0627,10.0,2.0
33042,4,5.0,1.4142,7.0,4.0
33046,146,6.8973,1.6304,10.0,2.0
33056,10,5.4,1.4298,8.0,3.0
33074,35,7.7714,1.2853,10.0,5.0
33075,174,6.8218,1.3716,10.0,2.0
33080,526,7.2681,1.2673,10.0,3.0
33082,396,8.053,1.3177,10.0,1.0
33091,580,7.7483,1.2737,10.0,4.0
33102,10,6.9,1.5951,10.0,5.0
33103,4,5.25,0.5,6.0,5.0
33105,2,4.5,2.1213,6.0,3.0
33113,48,5.9375,1.8266,10.0,2.0
33115,1,4.0,0.0,4.0,4.0
33116,1,4.0,0.0,4.0,4.0
33118,22,6.6364,1.3988,10.0,4.0
33119,7,4.7143,1.2536,6.0,2.0
33124,1,3.0,0.0,3.0,3.0
33129,40,6.625,1.3716,10.0,1.0
33138,24,6.2083,1.6676,10.0,3.0
33142,263,6.9582,1.4095,10.0,1.0
33144,1,6.0,0.0,6.0,6.0
33145,3,6.3333,0.5774,7.0,6.0
33161,525,8.2152,1.158,10.0,3.0
33164,27,6.3333,2.0755,10.0,1.0
33165,2,6.5,0.7071,7.0,6.0
33170,9,4.6667,1.2247,6.0,2.0
33173,6,6.6667,1.9664,10.0,5.0
33174,1,3.0,0.0,3.0,3.0
33176,1,3.0,0.0,3.0,3.0
33177,1,3.0,0.0,3.0,3.0
33187,6,4.8333,3.0605,10.0,1.0
33190,2,7.0,2.8284,9.0,5.0
33192,5,5.8,0.8367,7.0,5.0
33201,201,6.5025,1.591,10.0,1.0
33205,36,6.6667,2.0563,10.0,1.0
33208,1,7.0,0.0,7.0,7.0
33209,14,7.7857,1.3114,9.0,5.0
33213,2,4.0,1.4142,5.0,3.0
33215,1,3.0,0.0,3.0,3.0
33217,1,3.0,0.0,3.0,3.0
33220,3,2.0,1.7321,4.0,1.0
33221,48,7.8542,1.2375,10.0,5.0
33222,374,6.7219,1.5508,10.0,1.0
33225,1,6.0,0.0,6.0,6.0
33226,1,7.0,0.0,7.0,7.0
33228,1,5.0,0.0,5.0,5.0
33232,1,8.0,0.0,8.0,8.0
33236,2,4.5,0.7071,5.0,4.0
33241,127,7.5197,1.4792,10.0,1.0
33242,10,7.5,1.7159,10.0,5.0
33247,7,6.4286,1.7182,9.0,4.0
33254,48,7.0,1.5159,10.0,3.0
33272,1,3.0,0.0,3.0,3.0
33273,1,3.0,0.0,3.0,3.0
33274,6,7.1667,1.472,10.0,6.0
33276,2,4.5,3.5355,7.0,2.0
33281,8,7.875,2.1671,10.0,4.0
33302,12,7.9167,1.3114,10.0,6.0
33309,4,7.0,1.8257,9.0,5.0
33326,1,4.0,0.0,4.0,4.0
33338,321,7.8754,1.3146,10.0,4.0
33341,89,6.764,1.4383,10.0,3.0
33342,1,4.0,0.0,4.0,4.0
33343,1,3.0,0.0,3.0,3.0
33344,1,5.0,0.0,5.0,5.0
33350,5,8.2,1.3038,10.0,7.0
33358,1,5.0,0.0,5.0,5.0
33360,8,7.75,2.6049,10.0,3.0
33366,3,5.0,1.0,6.0,4.0
33372,110,7.2364,1.3405,10.0,4.0
33393,17,6.4706,1.9078,9.0,1.0
33394,22,4.4545,2.6498,10.0,1.0
33401,3,2.6667,2.0817,5.0,1.0
33419,1,7.0,0.0,7.0,7.0
33420,3,6.0,3.0,9.0,3.0
33421,366,6.8525,1.4449,10.0,1.0
33429,1,3.0,0.0,3.0,3.0
33446,8,7.625,1.598,10.0,5.0
33449,1,5.0,0.0,5.0,5.0
33454,1,7.0,0.0,7.0,7.0
33474,2,7.0,1.4142,8.0,6.0
33484,1,10.0,0.0,10.0,10.0
33491,6,8.0,1.2649,9.0,6.0
33493,4,6.0,1.8257,8.0,4.0
33508,4,7.0,2.1602,10.0,5.0
33511,1,8.0,0.0,8.0,8.0
33512,3,4.0,1.7321,5.0,2.0
33513,2,7.5,0.7071,8.0,7.0
33514,19,6.3158,1.6348,10.0,2.0
33515,16,5.8125,1.7212,8.0,3.0
33522,18,6.0556,0.9376,8.0,5.0
33524,363,6.8953,1.4547,10.0,1.0
33543,2,4.5,0.7071,5.0,4.0
33544,2,4.5,0.7071,5.0,4.0
33545,3,4.0,1.0,5.0,3.0
33546,13,7.1538,1.5191,10.0,6.0
33548,3,5.0,1.0,6.0,4.0
33549,3,5.6667,1.1547,7.0,5.0
33550,2,4.5,0.7071,5.0,4.0
33551,1,4.0,0.0,4.0,4.0
33552,3,5.3333,1.1547,6.0,4.0
33558,663,7.5837,1.2236,10.0,1.0
33569,137,7.1095,1.4073,10.0,2.0
33578,2,5.0,0.0,5.0,5.0
33588,1,5.0,0.0,5.0,5.0
33605,9,8.0,1.8708,10.0,5.0
33606,78,7.1282,1.5149,10.0,4.0
33658,9,7.3333,1.3229,10.0,6.0
33659,1,6.0,0.0,6.0,6.0
33689,3,6.0,0.0,6.0,6.0
33692,1,6.0,0.0,6.0,6.0
33696,3,4.0,2.6458,6.0,1.0
33708,1,3.0,0.0,3.0,3.0
33709,7,6.4286,1.7182,10.0,5.0
33712,3,4.3333,1.5275,6.0,3.0
33713,15,7.2667,1.3345,10.0,5.0
33734,2,6.5,0.7071,7.0,6.0
33740,35,7.2571,1.6151,10.0,5.0
33741,19,7.3158,1.2043,9.0,5.0
33750,13,6.4615,1.5064,8.0,2.0
33791,1,10.0,0.0,10.0,10.0
33798,34,6.1471,1.6901,8.0,1.0
33808,1,5.0,0.0,5.0,5.0
33843,1,3.0,0.0,3.0,3.0
33846,1,4.0,0.0,4.0,4.0
33858,1,3.0,0.0,3.0,3.0
33859,1,2.0,0.0,2.0,2.0
33860,1,2.0,0.0,2.0,2.0
33861,1,1.0,0.0,1.0,1.0
33862,1,4.0,0.0,4.0,4.0
33866,1,3.0,0.0,3.0,3.0
33868,1,3.0,0.0,3.0,3.0
33869,1,3.0,0.0,3.0,3.0
33870,1,3.0,0.0,3.0,3.0
33871,1,2.0,0.0,2.0,2.0
33872,1,5.0,0.0,5.0,5.0
33885,1,7.0,0.0,7.0,7.0
33902,30,6.0333,2.1573,10.0,1.0
33905,2,5.0,0.0,5.0,5.0
33906,1,3.0,0.0,3.0,3.0
33907,1,2.0,0.0,2.0,2.0
33908,1,5.0,0.0,5.0,5.0
33909,2,5.5,0.7071,6.0,5.0
33910,2,4.5,0.7071,5.0,4.0
33911,4,6.0,2.708,10.0,4.0
33912,3,6.0,3.4641,10.0,4.0
33914,1,5.0,0.0,5.0,5.0
33915,1,5.0,0.0,5.0,5.0
33934,40,6.8,1.8003,10.0,2.0
33964,172,6.3314,1.626,10.0,1.0
33979,13,7.3077,1.7974,10.0,4.0
34015,14,5.5,2.1394,9.0,2.0
34036,4,8.75,1.5,10.0,7.0
34048,2,6.0,0.0,6.0,6.0
34085,62,7.1129,1.1467,10.0,4.0
34103,657,8.1948,1.4383,10.0,2.0
34107,13,6.5385,2.0662,9.0,1.0
34119,2,4.0,1.4142,5.0,3.0
34136,1,8.0,0.0,8.0,8.0
34238,27,7.963,1.1596,10.0,6.0
34239,1,7.0,0.0,7.0,7.0
34240,1257,8.3906,1.3166,10.0,1.0
34252,1,10.0,0.0,10.0,10.0
34283,13,6.6154,1.1209,9.0,5.0
34324,11,5.9091,1.3751,8.0,4.0
34325,15,7.3333,1.3973,10.0,4.0
34349,3,7.0,1.0,8.0,6.0
34367,4,5.25,0.9574,6.0,4.0
34475,3,6.6667,2.0817,9.0,5.0
